Workbook
Name Bar_C: Inputs!$D$224
Name Bar_D3s: Inputs!$D$228
Name Bar_DA: Inputs!$D$225
Name Bar_DB: Inputs!$D$226
Name Bar_MD: Inputs!$D$227
Name Bar_Mk: Inputs!$D$229
Name Bm_Area: Inputs!$D$222
Name Bm_Bf: Inputs!$D$41
Name Bm_D: Inputs!$D$40
Name Bm_First: Inputs!$D$39
Name Bm_Gap1: Inputs!$D$45
Name Bm_Hmin: Inputs!$D$42
Name Bm_N: Inputs!$D$37
Name Bm_S: Inputs!$D$38
Name Bm_Type: Inputs!$D$36
Name Bm1_dCL: 'Profile & Deck'!$I$29
Name Bm1_dMin: 'Profile & Deck'!$L$29
Name Bm1_FL: 'Profile & Deck'!$D$29
Name Bm1_FR: 'Profile & Deck'!$F$29
Name Bm1_Off: 'Profile & Deck'!$C$29
Name Bm1_Raise: Inputs!$D$43
Name Bm2_dCL: 'Profile & Deck'!$I$30
Name Bm2_dMin: 'Profile & Deck'!$L$30
Name Bm2_FL: 'Profile & Deck'!$D$30
Name Bm2_FR: 'Profile & Deck'!$F$30
Name Bm2_Off: 'Profile & Deck'!$C$30
Name Bm2_Raise: Inputs!$D$44
Name Build_Fingerprint: Cover!$C$11
Name Build_Model: Cover!$C$14
Name Build_Time: Cover!$C$13
Name Clr_Cover: Clearance!$F$11
Name Clr_Margin: Clearance!$F$10
Name Clr_Min: Clearance!$F$7
Name Clr_Sta: Clearance!$F$8
Name Clr_Status: Clearance!$F$12
Name Deck_C: Inputs!$D$29
Name Deck_Crown: Inputs!$D$31
Name Deck_dL: 'Profile & Deck'!$D$24
Name Deck_dR: 'Profile & Deck'!$D$25
Name Deck_Mode: Inputs!$D$27
Name Deck_T: Inputs!$D$30
Name Deck_Uni: Inputs!$D$32
Name Deck_W: Inputs!$D$28
Name Deck_YL: 'Profile & Deck'!$D$22
Name Deck_YR: 'Profile & Deck'!$D$23
Name Des_BevelLimit: Inputs!$D$220
Name Des_ConcClass: Inputs!$D$216
Name Des_DimP: Inputs!$D$221
Name Des_FGEInc: Inputs!$D$223
Name Des_PadType: Inputs!$D$219
Name Des_Pattern: Inputs!$D$217
Name Des_PlanCase: Inputs!$D$218
Name EB1_BmBrg: Inputs!$D$110
Name EB1_BmClr: Inputs!$D$109
Name EB1_BW: Inputs!$D$107
Name EB1_BwDrop: Inputs!$D$111
Name EB1_BwH0: Substructure!$F$82
Name EB1_BwTop0: Substructure!$F$76
Name EB1_BwTopL: Substructure!$F$75
Name EB1_BwTopR: Substructure!$F$77

Sheet Cover
B2: B4 Pedestrian Bridge - Geometry and CAD Tables
B3: =TB_Project&" | "&TB_Structure -> D2 I-95 Pedestrian Bridge | B4 pedestrian bridge - 2 x FIB-36, two simple spans
B5: Geometry authority | C5: Colab geometry notebook Bridge_Geometry_2 Beam_V2.ipynb (CONFIG + BridgeModel). This workbook reproduces its equations in Excel; the CAD model and these CAD tables are built from it, never the reverse.
B6: Beam design data | C6: Saved results of the two registered Mathcad runs (Span 1, Span 2). Mathcad was not recalculated.
B7: Template methods | C7: Where the notebook is silent (Table of Beam Variables bar dimensions, Dim L/R, build-up case, beveled plates) the BCC example workbook's formulas are used and flagged on the Method tabs.
B8: QC status | C8: =QC_Overall&" ("&QC_Counts&")" -> PASS (181 pass / 0 fail / 1 check)
B9: Input sync | C9: =IF(Inputs_Edited=0,"Inputs match the notebook build: tables and Method-tab charts show the notebook geometry.",Inputs_Edited&" input(s) edited since the build. Tables and charts follow the edits, which no longer match the notebook. Update the notebook CONFIG and rebuild.") -> Inputs match the notebook build: tables and Method-tab charts show the notebook geometry.
B10: Rebuild | C10: C:\github\D2MPDB\.venv\Scripts\python.exe scripts\build_geometry_cad_tables.py (rebuilds, recalculates in Excel, verifies)
B11: Build fingerprint | C11: 8291d84b1993a439602b
B12: Generator version | C12: 1.1.1
B13: Built | C13: 2026-10-19 12:13
B14: Notebook model ID | C14: e9b41b8eaf
B16: Sources
B17: Geometry notebook | C17: Bridge_Geometry_2 Beam_V2.ipynb (lf_text) SHA-256 4ccd84724ab53d45b9e2bcc7201ece64c0406f8b72e9772d8df5456b0199310b
B18: Roadway XML | C18: Geometry Report.xml SHA-256 9880ef7adeeac4228666146f5d5bb4dd17ef93f66ffeaf465a2c813eb69489e4
B19: Mathcad Span 1 | C19: project_current/mathcad/PrestressedBeamV6.2_Pedestrian_2Beam_Span1.xmcd SHA-256 a6b0f967d271c193591d477e219ac66f98b72309d19958a04c6cd08e575a8dcd
B20: Mathcad Span 2 | C20: project_current/mathcad/PrestressedBeamV6.2_Pedestrian_2Beam_Span2.xmcd SHA-256 182e3471f169d3a379c437ad12f359d567813bd4631bcc0b82e78ad860fa91b8
B22: Tabs
B23: Inputs | C23: All inputs with provenance (notebook CONFIG, Mathcad saved results, designer/template constants).
B24: Inputs Method | C24: Method for Inputs: equations, explanation, schematics and live charts.
B25: Profile & Deck | C25: PGL grades, deck edges, beam offsets and haunch check points.
B26: Profile & Deck Method | C26: Method for Profile & Deck: equations, explanation, schematics and live charts.
B27: Beam Geometry | C27: Physical beam ends, bearings, chords; Dims J, K, P, L and shortening R.
B28: Beam Geometry Method | C28: Method for Beam Geometry: equations, explanation, schematics and live charts.
B29: Camber & Haunch | C29: Common support drop D, build-up Dims B/C/D, minimum haunch, Mathcad deflections.
B30: Camber & Haunch Method | C30: Method for Camber & Haunch: equations, explanation, schematics and live charts.
B31: FGE | C31: Finished grade elevations at every line and station.
B32: FGE Method | C32: Method for FGE: equations, explanation, schematics and live charts.
B33: Bearing Seats | C33: Seat planes, slopes, pedestal tops and corners, bearing plate data.
B34: Bearing Seats Method | C34: Method for Bearing Seats: equations, explanation, schematics and live charts.
... B52: QC Method | C52: Method for QC: equations, explanation, schematics and live charts.
B54: Cell legend
B55: Input (generated from notebook / Mathcad)
B56: Calculated in this tab
B57: Linked from another tab
B58: PASS
B59: FAIL
B60: CHECK / review
B62: Open items
C63: - Both backwall tops use two straight 2% slopes (D-053), 4-1/4 in below their FFBW deck-top lines. Ramp slabs thicken locally (about 4.05-4.95 in at checked points). Recheck profile edits and reconcile downstream drawings, quantities and backwall/slab design.
C64: - Cheek tops are the four D-033 MSE barrier-return base elevations, entered as notebook inputs.
C65: - Deck barrier (D-031, 12 ft clear) is not in the notebook, so no barrier-face FGE line is tabulated.
C66: - Job number, calculated/checked by and dates are blank on the Inputs tab.
C67: - Strand pattern type, concrete class and pad type are designer assignments (Inputs tab).
C68: - Dim L includes R per the BCC template - confirm against the FDOT Table of Beam Variables instructions.
C69: - Mathcad .dat inputs are missing from the project record; values are the worksheets' saved results.
C70: - The roadway XML ends about 5 ft before End Bent 2, so clearance is reported for the covered region only.

Sheet Inputs
A1: Inputs
A2: Blue values on yellow are inputs. Every geometry input is generated from the Colab geometry notebook CONFIG (the geometry authority); beam-design inputs come from the saved Mathcad runs. Edit the notebook and rebuild rather than editing these cells: the tables and Method-tab charts follow any edit, and the banner on every Method tab and QC report that inputs no longer match the notebook build.
A4: Title block (fill in)
B5: Parameter | C5: Symbol | D5: Value | E5: Unit | F5: Workbook name | G5: Source / note
B6: Project | D6: D2 I-95 Pedestrian Bridge | F6: TB_Project | G6: Project journal name; edit as needed
B7: Structure | D7: B4 pedestrian bridge - 2 x FIB-36, two simple spans | F7: TB_Structure | G7: FreeCAD model / Mathcad beam type; edit as needed
B8: Job No. | F8: TB_JobNo | G8: Not in project sources - enter
B9: Calculated by | F9: TB_CalcBy | G9: Enter
B10: Date (calculated) | F10: TB_CalcDate | G10: Enter
B11: Checked by | F11: TB_CheckBy | G11: Enter
B12: Date (checked) | F12: TB_CheckDate | G12: Enter
A14: Profile - CONFIG['profile']
B15: Parameter | C15: Symbol | D15: Value | E15: Unit | F15: Workbook name | G15: Source / note
B16: Profile mode (brokeback or parabolic) | C16: mode | D16: brokeback | F16: Prof_Mode | G16: Notebook CONFIG profile.mode
B17: Profile start station (FFBW End Bent 1) | C17: s0 | D17: 1593.22 | E17: ft | F17: Prof_Sta0 | G17: Notebook CONFIG profile.start_sta_ft
B18: Profile end station (FFBW End Bent 2) | C18: s1 | D18: 1805.47 | E18: ft | F18: Prof_Sta1 | G18: Notebook CONFIG profile.end_sta_ft
B19: Start elevation | C19: z0 | D19: 47.661 | E19: ft | F19: Prof_Z0 | G19: Notebook CONFIG profile.start_elev_ft
B20: End elevation | C20: z1 | D20: 47.673 | E20: ft | F20: Prof_Z1 | G20: Notebook CONFIG profile.end_elev_ft
B21: Tangent intersection station (PI) | C21: sPI | D21: 1700.57 | E21: ft | F21: Prof_PISta | G21: Notebook CONFIG profile.intersection_sta_ft
B22: Nominal tangent grade (brokeback) | C22: g | D22: 0.005 | E22: ft/ft | F22: Prof_Gnom | G22: Notebook CONFIG profile.nominal_grade
B23: Grade change (parabolic mode only) | C23: dg | D23: -0.01 | E23: ft/ft | F23: Prof_dG | G23: Notebook CONFIG profile.parabolic_grade_change
A25: Deck - CONFIG['deck']
B26: Parameter | C26: Symbol | D26: Value | E26: Unit | F26: Workbook name | G26: Source / note
B27: Deck mode (crowned or uniform) | C27: mode | D27: crowned | F27: Deck_Mode | G27: Notebook CONFIG deck.mode. Transition mode is not implemented in this workbook (QC fails).
B28: Deck width | C28: W | D28: 13.583333 | E28: ft | F28: Deck_W | G28: Notebook CONFIG deck.width_ft (13 ft 7 in from DXF *D5380)
B29: Deck center offset from PGL | C29: yc | D29: 0 | E29: ft | F29: Deck_C | G29: Notebook CONFIG deck.center_offset_ft
B30: Deck thickness | C30: td | D30: 0.5 | E30: ft | F30: Deck_T | G30: Notebook CONFIG deck.thickness_ft
B31: Crown slope (each side, away from PGL) | C31: sc | D31: -0.02 | E31: ft/ft | F31: Deck_Crown | G31: Notebook CONFIG deck.crown_slope
B32: Uniform cross slope (uniform mode only) | C32: su | D32: -0.02 | E32: ft/ft | F32: Deck_Uni | G32: Notebook CONFIG deck.uniform_slope
A34: Beams - CONFIG['beams']
B35: Parameter | C35: Symbol | D35: Value | E35: Unit | F35: Workbook name | G35: Source / note
B36: Beam type | D36: FIB-36 | F36: Bm_Type | G36: Mathcad BeamType (notebook models the FIB-36 outline)
B37: Number of beams | C37: N | D37: 2 | F37: Bm_N | G37: Notebook CONFIG beams.count (table layout is generated for this count)
B38: Beam spacing | C38: S | D38: 8.5833333 | E38: ft | F38: Bm_S | G38: Notebook CONFIG beams.spacing_ft
B39: First beam offset (blank = centered on PGL) | C39: y1 | E39: ft | F39: Bm_First | G39: Notebook CONFIG beams.first_offset_ft
B40: Beam depth | C40: db | D40: 3 | E40: ft | F40: Bm_D | G40: Notebook CONFIG beams.depth_ft
B41: Top flange width | C41: bf | D41: 48 | E41: in | F41: Bm_Bf | G41: Notebook CONFIG beams.top_flange_width_in
B42: Minimum haunch (at any flange point) | C42: hmin | D42: 0.5 | E42: in | F42: Bm_Hmin | G42: Notebook CONFIG beams.minimum_haunch_in
B43: Beam 1 vertical raise | C43: r1 | D43: 0 | E43: in | F43: Bm1_Raise | G43: Notebook CONFIG beams.raise_in
B44: Beam 2 vertical raise | C44: r2 | D44: 0 | E44: in | F44: Bm2_Raise | G44: Notebook CONFIG beams.raise_in
B45: Gap beam 1 to 2 | D45: =Bm_S -> 8.5833333 | E45: ft | F45: Bm_Gap1 | G45: Equal spacing (CONFIG gaps_ft = None)
A47: Spans and cambers - CONFIG['spans'] (camber = Mathcad saved NetCamber)
B48: Parameter | C48: Symbol | D48: Value | E48: Unit | F48: Workbook name | G48: Source / note
B49: Span 1 start station (datum) | D49: 1593.22 | E49: ft | F49: Sp1_Sta0 | G49: Notebook CONFIG spans[0].start_ft
B50: Span 1 end station (datum) | D50: 1700.57 | E50: ft | F50: Sp1_Sta1 | G50: Notebook CONFIG spans[0].end_ft
B51: Span 1 net camber at 120 days | C51: C | D51: 0.12459274 | E51: in | F51: Sp1_C | G51: Notebook CONFIG spans[0].camber_in; basis NetCamber = max(Defl_120day) + min(Defl_dl.nc) + min(Defl_dl.c)
B52: Span 2 start station (datum) | D52: 1700.57 | E52: ft | F52: Sp2_Sta0 | G52: Notebook CONFIG spans[1].start_ft
B53: Span 2 end station (datum) | D53: 1805.47 | E53: ft | F53: Sp2_Sta1 | G53: Notebook CONFIG spans[1].end_ft
B54: Span 2 net camber at 120 days | C54: C | D54: 0.56717146 | E54: in | F54: Sp2_C | G54: Notebook CONFIG spans[1].camber_in; basis NetCamber = max(Defl_120day) + min(Defl_dl.nc) + min(Defl_dl.c)
A56: Physical beam / bearing geometry - CONFIG['physical_geometry']
B57: Parameter | C57: Symbol | D57: Value | E57: Unit | F57: Workbook name | G57: Source / note
B58: Beam end clearance to FFBW | D58: 3 | E58: in | F58: Phys_EndClr | G58: Notebook CONFIG physical_geometry.beam_end_clear_in
B59: Pier beam gap (total, beam end to beam end) | D59: 3 | E59: in | F59: Phys_PierGap | G59: Notebook CONFIG physical_geometry.pier_beam_gap_in
B60: Bearing setback (beam end to CL bearing) | D60: 9 | E60: in | F60: Phys_Setback | G60: Notebook CONFIG physical_geometry.bearing_setback_in
B61: Deck end clearance to FFBW | D61: 3 | E61: in | F61: Phys_DeckClr | G61: Notebook CONFIG physical_geometry.deck_end_clear_in
B62: Trial pile length (stored) | D62: 90 | E62: ft | F62: Phys_TrialPile | G62: Notebook CONFIG physical_geometry.trial_pile_length_ft (trial only)
A64: Pier - CONFIG['pier']
B65: Parameter | C65: Symbol | D65: Value | E65: Unit | F65: Workbook name | G65: Source / note
B66: Pier station (CL pier) | D66: 1700.57 | E66: ft | F66: Pier_Sta | G66: Notebook CONFIG pier.station_ft
B67: Bearing pad thickness | D67: 2.5625 | E67: in | F67: Pier_Pad | G67: Notebook CONFIG pier.pad_height_in
B68: Bearing pad length (longitudinal) | D68: 10 | E68: in | F68: Pier_PadL | G68: Notebook CONFIG pier.pad_length_in
B69: Bearing pad width (transverse) | D69: 32 | E69: in | F69: Pier_PadW | G69: Notebook CONFIG pier.pad_width_in
B70: Cap depth | D70: 3 | E70: ft | F70: Pier_Depth | G70: Notebook CONFIG pier.depth_ft
B71: Cap width (longitudinal) | D71: 4 | E71: ft | F71: Pier_Width | G71: Notebook CONFIG pier.width_ft
B72: Fixed cap length (blank = derive from piles) | E72: ft | F72: Pier_LenFix | G72: Notebook CONFIG pier.length_ft
B73: Pile count | D73: 4 | F73: Pier_NPile | G73: Notebook CONFIG pier.pile_count
B74: Pile diameter | D74: 20 | E74: in | F74: Pier_PileD | G74: Notebook CONFIG pier.pile_diameter_in (hollow pipe)
B75: Pipe wall thickness | D75: 0.625 | E75: in | F75: Pier_PileWall | G75: Notebook CONFIG pier.pile_wall_in
B76: Pile spacing in diameters | D76: 3 | F76: Pier_PileSpD | G76: Notebook CONFIG pier.pile_spacing_diameters
B77: Clear distance, outer pile face to cap end | D77: 15 | E77: in | F77: Pier_PileClr | G77: Notebook CONFIG pier.pile_end_clear_in
B78: Pile embedment above cap underside | D78: 12 | E78: in | F78: Pier_Emb | G78: Notebook CONFIG pier.pile_embedment_in
B79: Minimum pedestal height at CL bearing | D79: 6 | E79: in | F79: Pier_Reveal | G79: Notebook CONFIG pier.minimum_pedestal_cl_in
B80: Fixed cap top (blank = pedestal rule) | E80: ft | F80: Pier_TopFix | G80: Notebook CONFIG pier.top_center_ft
B81: Cap center offset | D81: 0 | E81: ft | F81: Pier_Ctr | G81: Notebook CONFIG pier.center_offset_ft
B82: Cap cross slope | D82: 0 | E82: ft/ft | F82: Pier_Slope | G82: Notebook CONFIG pier.cross_slope
B83: Pedestal width (transverse) | D83: 42 | E83: in | F83: Pier_PedW | G83: Notebook CONFIG pier.pedestal_width_in
B84: Pedestal length (longitudinal) | D84: 48 | E84: in | F84: Pier_PedL | G84: Notebook CONFIG pier.pedestal_length_in
B85: Pedestal top transverse chamfer | D85: 0.75 | E85: in | F85: Pier_Chamf | G85: Notebook CONFIG pier.pedestal_chamfer_in
A87: End Bent 1 - CONFIG['end_bents']['start']
B88: Parameter | C88: Symbol | D88: Value | E88: Unit | F88: Workbook name | G88: Source / note
B89: Cap width (longitudinal) | D89: 3.5 | E89: ft | F89: EB1_Width | G89: Notebook CONFIG end_bents.start.width_ft
B90: Cap depth | D90: 3 | E90: ft | F90: EB1_Depth | G90: Notebook CONFIG end_bents.start.depth_ft
B91: Fixed cap length (blank = derive from piles) | E91: ft | F91: EB1_LenFix | G91: Notebook CONFIG end_bents.start.length_ft (the 235-in D-026 cap body is derived from the pile layout)
B92: Pile count | D92: 4 | F92: EB1_NPile | G92: Notebook CONFIG end_bents.start.pile_count
B93: Square pile width | D93: 18 | E93: in | F93: EB1_PileW | G93: Notebook CONFIG end_bents.start.pile_width_in
B94: Pile spacing | D94: 54 | E94: in | F94: EB1_PileSp | G94: Notebook CONFIG end_bents.start.pile_spacing_in
B95: Clear distance, outer pile face to cap end | D95: 27.5 | E95: in | F95: EB1_PileClr | G95: Notebook CONFIG end_bents.start.pile_end_clear_in
B96: Pile embedment above cap underside | D96: 12 | E96: in | F96: EB1_Emb | G96: Notebook CONFIG end_bents.start.pile_embedment_in
B97: Bearing pad thickness | D97: 2.5625 | E97: in | F97: EB1_Pad | G97: Notebook CONFIG end_bents.start.pad_height_in
B98: Bearing pad length (longitudinal) | D98: 10 | E98: in | F98: EB1_PadL | G98: Notebook CONFIG end_bents.start.pad_length_in
B99: Bearing pad width (transverse) | D99: 32 | E99: in | F99: EB1_PadW | G99: Notebook CONFIG end_bents.start.pad_width_in
B100: Minimum pedestal height at CL bearing | D100: 6 | E100: in | F100: EB1_Reveal | G100: Notebook CONFIG end_bents.start.minimum_pedestal_cl_in
B101: Fixed cap top (blank = pedestal rule) | E101: ft | F101: EB1_TopFix | G101: Notebook CONFIG end_bents.start.top_center_ft
B102: Cap center offset | D102: 0 | E102: ft | F102: EB1_Ctr | G102: Notebook CONFIG end_bents.start.center_offset_ft
B103: Cap cross slope | D103: 0 | E103: ft/ft | F103: EB1_Slope | G103: Notebook CONFIG end_bents.start.cross_slope
B104: Pedestal width (transverse) | D104: 42 | E104: in | F104: EB1_PedW | G104: Notebook CONFIG end_bents.start.pedestal_width_in
B105: Pedestal length (longitudinal, from FFBW) | D105: 30 | E105: in | F105: EB1_PedL | G105: Notebook CONFIG end_bents.start.pedestal_length_in
B106: Pedestal top transverse chamfer | D106: 0.75 | E106: in | F106: EB1_Chamf | G106: Notebook CONFIG end_bents.start.pedestal_chamfer_in
B107: Backwall thickness | D107: 12 | E107: in | F107: EB1_BW | G107: Notebook CONFIG end_bents.start.backwall_thickness_in
B108: Backwall rear-face inset | D108: 0 | E108: in | F108: EB1_Inset | G108: Notebook CONFIG end_bents.start.rear_face_inset_in
...

Sheet Inputs Method
B1: Inputs - Method
B2: Where every input comes from and how the workbook is kept consistent with the notebook
B3: =IF(Inputs_Edited=0,"LIVE Charts, tables and the numbers quoted in this text are workbook formulas. Inputs match the notebook build (model "&Build_Model&", built "&Build_Time&").",Inputs_Edited&" INPUT(S) EDITED SINCE THE NOTEBOOK BUILD The charts and tables follow the edited inputs, which no longer match the geometry notebook (QC "&QC_Overall&"). Change the notebook CONFIG and rebuild.") -> LIVE Charts, tables and the numbers quoted in this text are workbook formulas. Inputs match the notebook build (model e9b41b8eaf, built 2026-10-19 12:13).
B5: 1. Authority and data flow
B6: The Colab geometry notebook (Bridge_Geometry_2 Beam_V2.ipynb) is the source of truth for all bridge geometry. Its CONFIG dictionary and BridgeModel equations define the profile, deck, beam layout, bearings, caps, pedestals and piles. The FreeCAD model and these CAD tables are built from the notebook, never the reverse. The generator executes the notebook cells, writes CONFIG into this tab, and writes every calculation as an Excel formula.
B20: Figure 1. Source-to-table flow. Each arrow is a formula chain you can trace with Excel "Trace Precedents".
B22: 2. Sign conventions and units
B23: • Stations s increase from End Bent 1 to End Bent 2 (ft). Offsets y are measured from the PGL, positive to the right looking up-station (ft).
B24: • Elevations z are in feet on the project datum. Inputs ending in "in" are inches; slopes and grades are ft/ft.
B25: • Deflections and camber are in inches, positive upward (Mathcad convention). The camber C is the peak upward value at midspan.
B26: • Workbook names (Formulas > Name Manager) mirror the notebook keys, for example Prof_Sta0 = CONFIG["profile"]["start_sta_ft"].
B28: 3. Mathcad beam-design values
B29: Beam-design inputs are the saved results stored in the two registered Mathcad runs. The generator parses the worksheet XML and reads each result by variable name; Mathcad is not recalculated. The notebook camber input equals the Mathcad NetCamber:
B33: ="Span 1: C = "&TEXT(Sp1_C,"0.000000")&" in; Span 2: C = "&TEXT(Sp2_C,"0.000000")&" in. QC confirms the deflection sum, the Mathcad NetCamber and the notebook CONFIG camber agree." -> Span 1: C = 0.124593 in; Span 2: C = 0.567171 in. QC confirms the deflection sum, the Mathcad NetCamber and the notebook CONFIG camber agree.
B34: Symbol | C34: Meaning | H34: Workbook name / location | K34: Units / value
B35: C | C35: Net camber at 120 days after all dead load | H35: Sp1_C, Sp2_C (Inputs) | K35: in
B36: Δ120 | C36: 120-day prestress + beam weight deflection (max) | H36: MC1_D120, MC2_D120 | K36: in
B37: ΔDL,nc | C37: Non-composite dead load (deck pour) deflection (min) | H37: MC1_Dnc, MC2_Dnc | K37: in
B38: ΔDL,c | C38: Composite dead load (barrier) deflection (min) | H38: MC1_Dc, MC2_Dc | K38: in
B39: ψ, εsh | C39: Creep coefficient and shrinkage strain at 120 days | H39: MC1_Psi, MC1_Esh ... | K39: -
B42: 4. Designer assignments and template constants
B43: A few table entries are not geometry and are not in Mathcad: concrete class, strand pattern number, plan view case and pad type. They are explicit inputs at the bottom of the Inputs tab. Standard bar-bending constants for the Table of Beam Variables are taken from the BCC example workbook formulas so the tables are produced the same way as before.
B45: 5. Keeping it current
B46: • Change geometry in the notebook CONFIG, then run: .venv\Scripts\python.exe scripts\build_geometry_cad_tables.py
B47: • The script rebuilds every tab, has Excel recalculate, and verifies the results against the notebook before saving.
B48: • Every figure that shows project values is a live Excel chart of the workbook cells; its figure data (formulas) sits to the right of the text on each Method tab. Pictures are limited to equations and label-only schematics.
B49: • Editing a blue input here recalculates the tables and charts. The banner at the top of every Method tab, the Cover and the QC tab then report that inputs differ from the notebook build, and QC flags any result that no longer matches the notebook.
B50: • Build fingerprint 8291d84b1993a439602b; notebook model ID e9b41b8eaf. The regression test fails if any source or the generator changes without a rebuild.

Sheet Profile & Deck
A1: Profile & Deck | K1: Project | L1: =""&TB_Project -> D2 I-95 Pedestrian Bridge
A2: PGL profile, deck cross slope, beam offsets and haunch check points | K2: Job No. | L2: =""&TB_JobNo
K3: Calc. by / date | L3: =TB_CalcBy&" "&TB_CalcDate
K4: Check. by / date | L4: =TB_CheckBy&" "&TB_CheckDate
A6: Profile constants
B7: Parameter | C7: Symbol | D7: Value | E7: Unit | F7: Workbook name | G7: Source / note
B8: Profile length | C8: L | D8: =Prof_Sta1-Prof_Sta0 -> 212.25 | E8: ft | F8: Prof_L | G8: s1 - s0
B9: PI elevation (brokeback) | C9: zPI | D9: =(Prof_Z0+Prof_Gnom*(Prof_PISta-Prof_Sta0)+Prof_Z1+Prof_Gnom*(Prof_Sta1-Prof_PISta))/2 -> 48.197625 | E9: ft | F9: Prof_PIZ | G9: Average of the two tangents projected to the PI
B10: Grade 1 (entering) | C10: g1 | D10: =IF(Prof_Mode="parabolic",(Prof_Z1-Prof_Z0)/Prof_L-Prof_dG/2,(Prof_PIZ-Prof_Z0)/(Prof_PISta-Prof_Sta0)) -> 0.0049988356 | E10: ft/ft | F10: Prof_G1 | G10: Notebook BridgeModel.__init__
B11: Grade 2 (leaving) | C11: g2 | D11: =IF(Prof_Mode="parabolic",Prof_G1+Prof_dG,(Prof_Z1-Prof_PIZ)/(Prof_Sta1-Prof_PISta)) -> -0.0050011916 | E11: ft/ft | F11: Prof_G2 | G11: Notebook BridgeModel.__init__
B12: Parabolic coefficient (0 for brokeback) | C12: kq | D12: =IF(Prof_Mode="parabolic",0.5*(Prof_G2-Prof_G1)/Prof_L,0) -> 0 | E12: 1/ft | F12: Prof_Kq | G12: z = z0 + g1 x + kq x^2
A14: PGL at control stations
B15: Control point | C15: Station (ft) | D15: PGL (ft) | E15: Station label
B16: FFBW End Bent 1 (profile start) | C16: =Prof_Sta0 -> 1593.22 | D16: =IF(Prof_Mode="parabolic",Prof_Z0+Prof_G1*((C16)-Prof_Sta0)+Prof_Kq*((C16)-Prof_Sta0)^2,IF((C16)<=Prof_PISta,Prof_Z0+Prof_G1*((C16)-Prof_Sta0),Prof_PIZ+Prof_G2*((C16)-Prof_PISta))) -> 47.661 | E16: =TEXT(INT(ROUND(C16*100,0)/10000),"0")&"+"&TEXT(MOD(ROUND(C16*100,0),10000)/100,"00.00") -> 15+93.22
B17: Tangent intersection (PI) | C17: =Prof_PISta -> 1700.57 | D17: =IF(Prof_Mode="parabolic",Prof_Z0+Prof_G1*((C17)-Prof_Sta0)+Prof_Kq*((C17)-Prof_Sta0)^2,IF((C17)<=Prof_PISta,Prof_Z0+Prof_G1*((C17)-Prof_Sta0),Prof_PIZ+Prof_G2*((C17)-Prof_PISta))) -> 48.197625 | E17: =TEXT(INT(ROUND(C17*100,0)/10000),"0")&"+"&TEXT(MOD(ROUND(C17*100,0),10000)/100,"00.00") -> 17+00.57
B18: FFBW End Bent 2 (profile end) | C18: =Prof_Sta1 -> 1805.47 | D18: =IF(Prof_Mode="parabolic",Prof_Z0+Prof_G1*((C18)-Prof_Sta0)+Prof_Kq*((C18)-Prof_Sta0)^2,IF((C18)<=Prof_PISta,Prof_Z0+Prof_G1*((C18)-Prof_Sta0),Prof_PIZ+Prof_G2*((C18)-Prof_PISta))) -> 47.673 | E18: =TEXT(INT(ROUND(C18*100,0)/10000),"0")&"+"&TEXT(MOD(ROUND(C18*100,0),10000)/100,"00.00") -> 18+05.47
A20: Deck edges
B21: Parameter | C21: Symbol | D21: Value | E21: Unit | F21: Workbook name | G21: Source / note
B22: Left deck edge (coping) offset | D22: =Deck_C-Deck_W/2 -> -6.7916667 | E22: ft | F22: Deck_YL | G22: Offsets measured from the PGL, + to the right looking up-station
B23: Right deck edge (coping) offset | D23: =Deck_C+Deck_W/2 -> 6.7916667 | E23: ft | F23: Deck_YR
B24: Deck cross-slope drop at left edge | D24: =IF(Deck_Mode="uniform",Deck_Uni*(Deck_YL),Deck_Crown*ABS(Deck_YL)) -> -0.13583333 | E24: ft | F24: Deck_dL | G24: delta(y)
B25: Deck cross-slope drop at right edge | D25: =IF(Deck_Mode="uniform",Deck_Uni*(Deck_YR),Deck_Crown*ABS(Deck_YR)) -> -0.13583333 | E25: ft | F25: Deck_dR | G25: delta(y)
A27: Beam lines and haunch check points (flange edges, CL and any crown point on the flange)
B28: Beam | C28: Offset y (ft) | D28: Left flange edge | E28: CL | F28: Right flange edge | G28: Crown point on flange | H28: delta left (ft) | I28: delta CL (ft) | J28: delta right (ft) | K28: delta crown pt (ft) | L28: delta min (ft)
B29: Beam 1 | C29: =IF(ISNUMBER(Bm_First),Bm_First,-(Bm_Gap1)/2) -> -4.2916667 | D29: =C29-Bm_Bf/24 -> -6.2916667 | E29: =C29 -> -4.2916667 | F29: =C29+Bm_Bf/24 -> -2.2916667 | G29: =MAX(D29,MIN(0,F29)) -> -2.2916667 | H29: =IF(Deck_Mode="uniform",Deck_Uni*(D29),Deck_Crown*ABS(D29)) -> -0.12583333 | I29: =IF(Deck_Mode="uniform",Deck_Uni*(E29),Deck_Crown*ABS(E29)) -> -0.085833333 | J29: =IF(Deck_Mode="uniform",Deck_Uni*(F29),Deck_Crown*ABS(F29)) -> -0.045833333 | K29: =IF(Deck_Mode="uniform",Deck_Uni*(G29),Deck_Crown*ABS(G29)) -> -0.045833333 | L29: =MIN(H29:K29) -> -0.12583333
B30: Beam 2 | C30: =Bm1_Off+Bm_Gap1 -> 4.2916667 | D30: =C30-Bm_Bf/24 -> 2.2916667 | E30: =C30 -> 4.2916667 | F30: =C30+Bm_Bf/24 -> 6.2916667 | G30: =MAX(D30,MIN(0,F30)) -> 2.2916667 | H30: =IF(Deck_Mode="uniform",Deck_Uni*(D30),Deck_Crown*ABS(D30)) -> -0.045833333 | I30: =IF(Deck_Mode="uniform",Deck_Uni*(E30),Deck_Crown*ABS(E30)) -> -0.085833333 | J30: =IF(Deck_Mode="uniform",Deck_Uni*(F30),Deck_Crown*ABS(F30)) -> -0.12583333 | K30: =IF(Deck_Mode="uniform",Deck_Uni*(G30),Deck_Crown*ABS(G30)) -> -0.045833333 | L30: =MIN(H30:K30) -> -0.12583333
A32: Layout checks
B33: Beam flanges inside the deck width | C33: =IF(AND(Bm1_FL>=Deck_YL-0.000000001,Bm2_FR<=Deck_YR+0.000000001),"PASS","FAIL") -> PASS
B34: Flanges do not overlap | C34: =IF(MIN(Bm_Gap1)>=Bm_Bf/12-0.000000001,"PASS","FAIL") -> PASS
B35: Deck mode implemented (crowned or uniform) | C35: =IF(OR(Deck_Mode="crowned",Deck_Mode="uniform"),"PASS","FAIL") -> PASS
B36: Profile mode implemented (brokeback or parabolic) | C36: =IF(OR(Prof_Mode="brokeback",Prof_Mode="parabolic"),"PASS","FAIL") -> PASS
B37: PI inside the profile | C37: =IF(AND(Prof_PISta>Prof_Sta0,Prof_PISta<Prof_Sta1),"PASS","FAIL") -> PASS

Sheet Profile & Deck Method
B1: Profile & Deck - Method | P1: Figure data
B2: Profile grade line, deck cross slope, beam offsets and haunch check points | P2: Live formulas that draw the charts on this tab. Do not edit; change the notebook CONFIG and rebuild.
B3: =IF(Inputs_Edited=0,"LIVE Charts, tables and the numbers quoted in this text are workbook formulas. Inputs match the notebook build (model "&Build_Model&", built "&Build_Time&").",Inputs_Edited&" INPUT(S) EDITED SINCE THE NOTEBOOK BUILD The charts and tables follow the edited inputs, which no longer match the geometry notebook (QC "&QC_Overall&"). Change the notebook CONFIG and rebuild.") -> LIVE Charts, tables and the numbers quoted in this text are workbook formulas. Inputs match the notebook build (model e9b41b8eaf, built 2026-10-19 12:13).
P4: Profile along the bridge
B5: 1. Profile grade line (PGL) | P5: Series / label text | Q5: x | R5: y | S5: error +
B6: ="The notebook profile mode is """&Prof_Mode&""". In brokeback mode the PGL is two straight tangents of nominal grade g that meet at the tangent intersection station. The PI elevation averages the two tangents projected to the PI, which preserves both end elevations:" -> The notebook profile mode is "brokeback". In brokeback mode the PGL is two straight tangents of nominal grade g that meet at the tangent intersection station. The PI elevation averages the two tangents projected to the PI, which preserves both end elevations: | P6: PGL | Q6: =Prof_Sta0+0/12*(Prof_PISta-Prof_Sta0) -> 1593.22 | R6: =IF(Prof_Mode="parabolic",Prof_Z0+Prof_G1*(($Q$6)-Prof_Sta0)+Prof_Kq*(($Q$6)-Prof_Sta0)^2,IF(($Q$6)<=Prof_PISta,Prof_Z0+Prof_G1*(($Q$6)-Prof_Sta0),Prof_PIZ+Prof_G2*(($Q$6)-Prof_PISta))) -> 47.661
Q7: =Prof_Sta0+1/12*(Prof_PISta-Prof_Sta0) -> 1602.1658 | R7: =IF(Prof_Mode="parabolic",Prof_Z0+Prof_G1*(($Q$7)-Prof_Sta0)+Prof_Kq*(($Q$7)-Prof_Sta0)^2,IF(($Q$7)<=Prof_PISta,Prof_Z0+Prof_G1*(($Q$7)-Prof_Sta0),Prof_PIZ+Prof_G2*(($Q$7)-Prof_PISta))) -> 47.705719
Q8: =Prof_Sta0+2/12*(Prof_PISta-Prof_Sta0) -> 1611.1117 | R8: =IF(Prof_Mode="parabolic",Prof_Z0+Prof_G1*(($Q$8)-Prof_Sta0)+Prof_Kq*(($Q$8)-Prof_Sta0)^2,IF(($Q$8)<=Prof_PISta,Prof_Z0+Prof_G1*(($Q$8)-Prof_Sta0),Prof_PIZ+Prof_G2*(($Q$8)-Prof_PISta))) -> 47.750438
Q9: =Prof_Sta0+3/12*(Prof_PISta-Prof_Sta0) -> 1620.0575 | R9: =IF(Prof_Mode="parabolic",Prof_Z0+Prof_G1*(($Q$9)-Prof_Sta0)+Prof_Kq*(($Q$9)-Prof_Sta0)^2,IF(($Q$9)<=Prof_PISta,Prof_Z0+Prof_G1*(($Q$9)-Prof_Sta0),Prof_PIZ+Prof_G2*(($Q$9)-Prof_PISta))) -> 47.795156
Q10: =Prof_Sta0+4/12*(Prof_PISta-Prof_Sta0) -> 1629.0033 | R10: =IF(Prof_Mode="parabolic",Prof_Z0+Prof_G1*(($Q$10)-Prof_Sta0)+Prof_Kq*(($Q$10)-Prof_Sta0)^2,IF(($Q$10)<=Prof_PISta,Prof_Z0+Prof_G1*(($Q$10)-Prof_Sta0),Prof_PIZ+Prof_G2*(($Q$10)-Prof_PISta))) -> 47.839875
Q11: =Prof_Sta0+5/12*(Prof_PISta-Prof_Sta0) -> 1637.9492 | R11: =IF(Prof_Mode="parabolic",Prof_Z0+Prof_G1*(($Q$11)-Prof_Sta0)+Prof_Kq*(($Q$11)-Prof_Sta0)^2,IF(($Q$11)<=Prof_PISta,Prof_Z0+Prof_G1*(($Q$11)-Prof_Sta0),Prof_PIZ+Prof_G2*(($Q$11)-Prof_PISta))) -> 47.884594
Q12: =Prof_Sta0+6/12*(Prof_PISta-Prof_Sta0) -> 1646.895 | R12: =IF(Prof_Mode="parabolic",Prof_Z0+Prof_G1*(($Q$12)-Prof_Sta0)+Prof_Kq*(($Q$12)-Prof_Sta0)^2,IF(($Q$12)<=Prof_PISta,Prof_Z0+Prof_G1*(($Q$12)-Prof_Sta0),Prof_PIZ+Prof_G2*(($Q$12)-Prof_PISta))) -> 47.929313
Q13: =Prof_Sta0+7/12*(Prof_PISta-Prof_Sta0) -> 1655.8408 | R13: =IF(Prof_Mode="parabolic",Prof_Z0+Prof_G1*(($Q$13)-Prof_Sta0)+Prof_Kq*(($Q$13)-Prof_Sta0)^2,IF(($Q$13)<=Prof_PISta,Prof_Z0+Prof_G1*(($Q$13)-Prof_Sta0),Prof_PIZ+Prof_G2*(($Q$13)-Prof_PISta))) -> 47.974031
Q14: =Prof_Sta0+8/12*(Prof_PISta-Prof_Sta0) -> 1664.7867 | R14: =IF(Prof_Mode="parabolic",Prof_Z0+Prof_G1*(($Q$14)-Prof_Sta0)+Prof_Kq*(($Q$14)-Prof_Sta0)^2,IF(($Q$14)<=Prof_PISta,Prof_Z0+Prof_G1*(($Q$14)-Prof_Sta0),Prof_PIZ+Prof_G2*(($Q$14)-Prof_PISta))) -> 48.01875
Q15: =Prof_Sta0+9/12*(Prof_PISta-Prof_Sta0) -> 1673.7325 | R15: =IF(Prof_Mode="parabolic",Prof_Z0+Prof_G1*(($Q$15)-Prof_Sta0)+Prof_Kq*(($Q$15)-Prof_Sta0)^2,IF(($Q$15)<=Prof_PISta,Prof_Z0+Prof_G1*(($Q$15)-Prof_Sta0),Prof_PIZ+Prof_G2*(($Q$15)-Prof_PISta))) -> 48.063469
B16: ="Current values: g1 = "&TEXT(Prof_G1*100,"+0.000000;-0.000000")&"%, g2 = "&TEXT(Prof_G2*100,"+0.000000;-0.000000")&"%, z_PI = "&IF(Prof_Mode="brokeback",TEXT(Prof_PIZ,"0.000000")&" ft","n/a (parabolic)")&" at "&TEXT(INT(ROUND(Prof_PISta*100,0)/10000),"0")&"+"&TEXT(MOD(ROUND(Prof_PISta*100,0),10000)/100,"00.00")&"." -> Current values: g1 = +0.499884%, g2 = -0.500119%, z_PI = 48.197625 ft at 17+00.57. | Q16: =Prof_Sta0+10/12*(Prof_PISta-Prof_Sta0) -> 1682.6783 | R16: =IF(Prof_Mode="parabolic",Prof_Z0+Prof_G1*(($Q$16)-Prof_Sta0)+Prof_Kq*(($Q$16)-Prof_Sta0)^2,IF(($Q$16)<=Prof_PISta,Prof_Z0+Prof_G1*(($Q$16)-Prof_Sta0),Prof_PIZ+Prof_G2*(($Q$16)-Prof_PISta))) -> 48.108187
B17: Parabolic mode (also in the notebook) keeps both end elevations and the entered grade change Δg, with x = s - s0 and L = s1 - s0: | Q17: =Prof_Sta0+11/12*(Prof_PISta-Prof_Sta0) -> 1691.6242 | R17: =IF(Prof_Mode="parabolic",Prof_Z0+Prof_G1*(($Q$17)-Prof_Sta0)+Prof_Kq*(($Q$17)-Prof_Sta0)^2,IF(($Q$17)<=Prof_PISta,Prof_Z0+Prof_G1*(($Q$17)-Prof_Sta0),Prof_PIZ+Prof_G2*(($Q$17)-Prof_PISta))) -> 48.152906
Q18: =Prof_Sta0+12/12*(Prof_PISta-Prof_Sta0) -> 1700.57 | R18: =IF(Prof_Mode="parabolic",Prof_Z0+Prof_G1*(($Q$18)-Prof_Sta0)+Prof_Kq*(($Q$18)-Prof_Sta0)^2,IF(($Q$18)<=Prof_PISta,Prof_Z0+Prof_G1*(($Q$18)-Prof_Sta0),Prof_PIZ+Prof_G2*(($Q$18)-Prof_PISta))) -> 48.197625
Q19: =Prof_PISta+1/12*(Prof_Sta1-Prof_PISta) -> 1709.3117 | R19: =IF(Prof_Mode="parabolic",Prof_Z0+Prof_G1*(($Q$19)-Prof_Sta0)+Prof_Kq*(($Q$19)-Prof_Sta0)^2,IF(($Q$19)<=Prof_PISta,Prof_Z0+Prof_G1*(($Q$19)-Prof_Sta0),Prof_PIZ+Prof_G2*(($Q$19)-Prof_PISta))) -> 48.153906
Q20: =Prof_PISta+2/12*(Prof_Sta1-Prof_PISta) -> 1718.0533 | R20: =IF(Prof_Mode="parabolic",Prof_Z0+Prof_G1*(($Q$20)-Prof_Sta0)+Prof_Kq*(($Q$20)-Prof_Sta0)^2,IF(($Q$20)<=Prof_PISta,Prof_Z0+Prof_G1*(($Q$20)-Prof_Sta0),Prof_PIZ+Prof_G2*(($Q$20)-Prof_PISta))) -> 48.110188
Q21: =Prof_PISta+3/12*(Prof_Sta1-Prof_PISta) -> 1726.795 | R21: =IF(Prof_Mode="parabolic",Prof_Z0+Prof_G1*(($Q$21)-Prof_Sta0)+Prof_Kq*(($Q$21)-Prof_Sta0)^2,IF(($Q$21)<=Prof_PISta,Prof_Z0+Prof_G1*(($Q$21)-Prof_Sta0),Prof_PIZ+Prof_G2*(($Q$21)-Prof_PISta))) -> 48.066469
Q22: =Prof_PISta+4/12*(Prof_Sta1-Prof_PISta) -> 1735.5367 | R22: =IF(Prof_Mode="parabolic",Prof_Z0+Prof_G1*(($Q$22)-Prof_Sta0)+Prof_Kq*(($Q$22)-Prof_Sta0)^2,IF(($Q$22)<=Prof_PISta,Prof_Z0+Prof_G1*(($Q$22)-Prof_Sta0),Prof_PIZ+Prof_G2*(($Q$22)-Prof_PISta))) -> 48.02275
Q23: =Prof_PISta+5/12*(Prof_Sta1-Prof_PISta) -> 1744.2783 | R23: =IF(Prof_Mode="parabolic",Prof_Z0+Prof_G1*(($Q$23)-Prof_Sta0)+Prof_Kq*(($Q$23)-Prof_Sta0)^2,IF(($Q$23)<=Prof_PISta,Prof_Z0+Prof_G1*(($Q$23)-Prof_Sta0),Prof_PIZ+Prof_G2*(($Q$23)-Prof_PISta))) -> 47.979031
Q24: =Prof_PISta+6/12*(Prof_Sta1-Prof_PISta) -> 1753.02 | R24: =IF(Prof_Mode="parabolic",Prof_Z0+Prof_G1*(($Q$24)-Prof_Sta0)+Prof_Kq*(($Q$24)-Prof_Sta0)^2,IF(($Q$24)<=Prof_PISta,Prof_Z0+Prof_G1*(($Q$24)-Prof_Sta0),Prof_PIZ+Prof_G2*(($Q$24)-Prof_PISta))) -> 47.935313
Q25: =Prof_PISta+7/12*(Prof_Sta1-Prof_PISta) -> 1761.7617 | R25: =IF(Prof_Mode="parabolic",Prof_Z0+Prof_G1*(($Q$25)-Prof_Sta0)+Prof_Kq*(($Q$25)-Prof_Sta0)^2,IF(($Q$25)<=Prof_PISta,Prof_Z0+Prof_G1*(($Q$25)-Prof_Sta0),Prof_PIZ+Prof_G2*(($Q$25)-Prof_PISta))) -> 47.891594
Q26: =Prof_PISta+8/12*(Prof_Sta1-Prof_PISta) -> 1770.5033 | R26: =IF(Prof_Mode="parabolic",Prof_Z0+Prof_G1*(($Q$26)-Prof_Sta0)+Prof_Kq*(($Q$26)-Prof_Sta0)^2,IF(($Q$26)<=Prof_PISta,Prof_Z0+Prof_G1*(($Q$26)-Prof_Sta0),Prof_PIZ+Prof_G2*(($Q$26)-Prof_PISta))) -> 47.847875
Q27: =Prof_PISta+9/12*(Prof_Sta1-Prof_PISta) -> 1779.245 | R27: =IF(Prof_Mode="parabolic",Prof_Z0+Prof_G1*(($Q$27)-Prof_Sta0)+Prof_Kq*(($Q$27)-Prof_Sta0)^2,IF(($Q$27)<=Prof_PISta,Prof_Z0+Prof_G1*(($Q$27)-Prof_Sta0),Prof_PIZ+Prof_G2*(($Q$27)-Prof_PISta))) -> 47.804156
Q28: =Prof_PISta+10/12*(Prof_Sta1-Prof_PISta) -> 1787.9867 | R28: =IF(Prof_Mode="parabolic",Prof_Z0+Prof_G1*(($Q$28)-Prof_Sta0)+Prof_Kq*(($Q$28)-Prof_Sta0)^2,IF(($Q$28)<=Prof_PISta,Prof_Z0+Prof_G1*(($Q$28)-Prof_Sta0),Prof_PIZ+Prof_G2*(($Q$28)-Prof_PISta))) -> 47.760438
Q29: =Prof_PISta+11/12*(Prof_Sta1-Prof_PISta) -> 1796.7283 | R29: =IF(Prof_Mode="parabolic",Prof_Z0+Prof_G1*(($Q$29)-Prof_Sta0)+Prof_Kq*(($Q$29)-Prof_Sta0)^2,IF(($Q$29)<=Prof_PISta,Prof_Z0+Prof_G1*(($Q$29)-Prof_Sta0),Prof_PIZ+Prof_G2*(($Q$29)-Prof_PISta))) -> 47.716719
Q30: =Prof_PISta+12/12*(Prof_Sta1-Prof_PISta) -> 1805.47 | R30: =IF(Prof_Mode="parabolic",Prof_Z0+Prof_G1*(($Q$30)-Prof_Sta0)+Prof_Kq*(($Q$30)-Prof_Sta0)^2,IF(($Q$30)<=Prof_PISta,Prof_Z0+Prof_G1*(($Q$30)-Prof_Sta0),Prof_PIZ+Prof_G2*(($Q$30)-Prof_PISta))) -> 47.673
P32: Lowest PGL less 0.25 ft | Q32: =MIN(R6:R30)-0.25 -> 47.411
P33: Highest PGL plus 0.1 ft | Q33: =MAX(R6:R30)+0.1 -> 48.297625
P34: Span datums | Q34: =Sp1_Sta0 -> 1593.22 | R34: =$Q$32 -> 47.411
Q35: =Sp1_Sta0 -> 1593.22 | R35: =$Q$33 -> 48.297625
Q37: =Sp1_Sta1 -> 1700.57 | R37: =$Q$32 -> 47.411
Q38: =Sp1_Sta1 -> 1700.57 | R38: =$Q$33 -> 48.297625
B39: Figure 1. Profile along the bridge, drawn from the PGL formulas (vertical scale exaggerated by the chart shape).
Q40: =Sp2_Sta1 -> 1805.47 | R40: =$Q$32 -> 47.411
B41: 2. Deck surface | Q41: =Sp2_Sta1 -> 1805.47 | R41: =$Q$33 -> 48.297625
B42: The deck top at offset y adds a cross-slope term to the PGL. Crowned mode slopes both sides away from the PGL; uniform mode applies one slope across the deck. (The notebook transition mode is not implemented in this workbook; QC fails if it is selected.)
P43: ="FFBW End Bent 1 "&TEXT(INT(ROUND(Sp1_Sta0*100,0)/10000),"0")&"+"&TEXT(MOD(ROUND(Sp1_Sta0*100,0),10000)/100,"00.00") -> FFBW End Bent 1 15+93.22 | Q43: =Sp1_Sta0 -> 1593.22 | R43: =$Q$32 -> 47.411
P45: ="CL Pier "&TEXT(INT(ROUND(Sp1_Sta1*100,0)/10000),"0")&"+"&TEXT(MOD(ROUND(Sp1_Sta1*100,0),10000)/100,"00.00") -> CL Pier 17+00.57 | Q45: =Sp1_Sta1 -> 1700.57 | R45: =$Q$32 -> 47.411
P47: ="FFBW End Bent 2 "&TEXT(INT(ROUND(Sp2_Sta1*100,0)/10000),"0")&"+"&TEXT(MOD(ROUND(Sp2_Sta1*100,0),10000)/100,"00.00") -> FFBW End Bent 2 18+05.47 | Q47: =Sp2_Sta1 -> 1805.47 | R47: =$Q$32 -> 47.411
P49: ="EL "&TEXT(IF(Prof_Mode="parabolic",Prof_Z0+Prof_G1*((Prof_Sta0)-Prof_Sta0)+Prof_Kq*((Prof_Sta0)-Prof_Sta0)^2,IF((Prof_Sta0)<=Prof_PISta,Prof_Z0+Prof_G1*((Prof_Sta0)-Prof_Sta0),Prof_PIZ+Prof_G2*((Prof_Sta0)-Prof_PISta))),"0.000") -> EL 47.661 | Q49: =Prof_Sta0 -> 1593.22 | R49: =IF(Prof_Mode="parabolic",Prof_Z0+Prof_G1*((Prof_Sta0)-Prof_Sta0)+Prof_Kq*((Prof_Sta0)-Prof_Sta0)^2,IF((Prof_Sta0)<=Prof_PISta,Prof_Z0+Prof_G1*((Prof_Sta0)-Prof_Sta0),Prof_PIZ+Prof_G2*((Prof_Sta0)-Prof_PISta))) -> 47.661
P51: ="EL "&TEXT(IF(Prof_Mode="parabolic",Prof_Z0+Prof_G1*((Prof_Sta1)-Prof_Sta0)+Prof_Kq*((Prof_Sta1)-Prof_Sta0)^2,IF((Prof_Sta1)<=Prof_PISta,Prof_Z0+Prof_G1*((Prof_Sta1)-Prof_Sta0),Prof_PIZ+Prof_G2*((Prof_Sta1)-Prof_PISta))),"0.000") -> EL 47.673 | Q51: =Prof_Sta1 -> 1805.47 | R51: =IF(Prof_Mode="parabolic",Prof_Z0+Prof_G1*((Prof_Sta1)-Prof_Sta0)+Prof_Kq*((Prof_Sta1)-Prof_Sta0)^2,IF((Prof_Sta1)<=Prof_PISta,Prof_Z0+Prof_G1*((Prof_Sta1)-Prof_Sta0),Prof_PIZ+Prof_G2*((Prof_Sta1)-Prof_PISta))) -> 47.673
P53: ="PI "&TEXT(INT(ROUND(Prof_PISta*100,0)/10000),"0")&"+"&TEXT(MOD(ROUND(Prof_PISta*100,0),10000)/100,"00.00")&""&CHAR(10)&"EL "&TEXT(IF(Prof_Mode="parabolic",Prof_Z0+Prof_G1*((Prof_PISta)-Prof_Sta0)+Prof_Kq*((Prof_PISta)-Prof_Sta0)^2,IF((Prof_PISta)<=Prof_PISta,Prof_Z0+Prof_G1*((Prof_PISta)-Prof_Sta0),Prof_PIZ+Prof_G2*((Prof_PISta)-Prof_PISta))),"0.000") -> PI 17+00.57 EL 48.198 | Q53: =Prof_PISta -> 1700.57 | R53: =IF(Prof_Mode="parabolic",Prof_Z0+Prof_G1*((Prof_PISta)-Prof_Sta0)+Prof_Kq*((Prof_PISta)-Prof_Sta0)^2,IF((Prof_PISta)<=Prof_PISta,Prof_Z0+Prof_G1*((Prof_PISta)-Prof_Sta0),Prof_PIZ+Prof_G2*((Prof_PISta)-Prof_PISta))) -> 48.197625
P55: ="g1 = "&TEXT(Prof_G1*100,"+0.0000;-0.0000")&"%" -> g1 = +0.4999% | Q55: =(Prof_Sta0+Prof_PISta)/2 -> 1646.895 | R55: =IF(Prof_Mode="parabolic",Prof_Z0+Prof_G1*(((Prof_Sta0+Prof_PISta)/2)-Prof_Sta0)+Prof_Kq*(((Prof_Sta0+Prof_PISta)/2)-Prof_Sta0)^2,IF(((Prof_Sta0+Prof_PISta)/2)<=Prof_PISta,Prof_Z0+Prof_G1*(((Prof_Sta0+Prof_PISta)/2)-Prof_Sta0),Prof_PIZ+Prof_G2*(((Prof_Sta0+Prof_PISta)/2)-Prof_PISta))) -> 47.929313
P57: ="g2 = "&TEXT(Prof_G2*100,"+0.0000;-0.0000")&"%" -> g2 = -0.5001% | Q57: =(Prof_PISta+Prof_Sta1)/2 -> 1753.02 | R57: =IF(Prof_Mode="parabolic",Prof_Z0+Prof_G1*(((Prof_PISta+Prof_Sta1)/2)-Prof_Sta0)+Prof_Kq*(((Prof_PISta+Prof_Sta1)/2)-Prof_Sta0)^2,IF(((Prof_PISta+Prof_Sta1)/2)<=Prof_PISta,Prof_Z0+Prof_G1*(((Prof_PISta+Prof_Sta1)/2)-Prof_Sta0),Prof_PIZ+Prof_G2*(((Prof_PISta+Prof_Sta1)/2)-Prof_PISta))) -> 47.935313
P59: frame (invisible, sets the chart window) | Q59: =Prof_Sta0-5 -> 1588.22 | R59: =$Q$32-0.3 -> 47.111
Q60: =Prof_Sta1+5 -> 1810.47 | R60: =$Q$33+0.2 -> 48.497625
P63: Section at Span 1 midspan (true scale)
P64: Series / label text | Q64: x | R64: y | S64: error +
P65: PGL at Span 1 midspan (ft) | Q65: =IF(Prof_Mode="parabolic",Prof_Z0+Prof_G1*((Sp1_Mid)-Prof_Sta0)+Prof_Kq*((Sp1_Mid)-Prof_Sta0)^2,IF((Sp1_Mid)<=Prof_PISta,Prof_Z0+Prof_G1*((Sp1_Mid)-Prof_Sta0),Prof_PIZ+Prof_G2*((Sp1_Mid)-Prof_PISta))) -> 47.929625
P66: Deck | Q66: =Deck_YL -> -6.7916667 | R66: =$Q$65+IF(Deck_Mode="uniform",Deck_Uni*(Deck_YL),Deck_Crown*ABS(Deck_YL)) -> 47.793792
B67: ="Figure 2. Section at Span 1 midspan ("&TEXT(INT(ROUND(Sp1_Mid*100,0)/10000),"0")&"+"&TEXT(MOD(ROUND(Sp1_Mid*100,0),10000)/100,"00.00")&"), true scale: deck, FIB-36 beams, haunch (shaded) and the four haunch check points on each flange (red)." -> Figure 2. Section at Span 1 midspan (16+46.96), true scale: deck, FIB-36 beams, haunch (shaded) and the four haunch check points on each flange (red). | Q67: =MAX(Deck_YL,MIN(0,Deck_YR)) -> 0 | R67: =$Q$65+IF(Deck_Mode="uniform",Deck_Uni*(MAX(Deck_YL,MIN(0,Deck_YR))),Deck_Crown*ABS(MAX(Deck_YL,MIN(0,Deck_YR)))) -> 47.929625
Q68: =Deck_YR -> 6.7916667 | R68: =$Q$65+IF(Deck_Mode="uniform",Deck_Uni*(Deck_YR),Deck_Crown*ABS(Deck_YR)) -> 47.793792
B69: 3. Beam offsets and haunch check points | Q69: =Deck_YR -> 6.7916667 | R69: =$Q$65+IF(Deck_Mode="uniform",Deck_Uni*(Deck_YR),Deck_Crown*ABS(Deck_YR))-Deck_T -> 47.293792
Q70: =MAX(Deck_YL,MIN(0,Deck_YR)) -> 0 | R70: =$Q$65+IF(Deck_Mode="uniform",Deck_Uni*(MAX(Deck_YL,MIN(0,Deck_YR))),Deck_Crown*ABS(MAX(Deck_YL,MIN(0,Deck_YR))))-Deck_T -> 47.429625
Q71: =Deck_YL -> -6.7916667 | R71: =$Q$65+IF(Deck_Mode="uniform",Deck_Uni*(Deck_YL),Deck_Crown*ABS(Deck_YL))-Deck_T -> 47.293792
Q72: =Deck_YL -> -6.7916667 | R72: =$Q$65+IF(Deck_Mode="uniform",Deck_Uni*(Deck_YL),Deck_Crown*ABS(Deck_YL)) -> 47.793792
B73: The haunch is checked at four transverse points on each top flange: both flange edges, the beam centerline, and the crown point clipped onto the flange (it captures a crown break that falls on the flange). The lowest deck point over the flange governs:
P74: Beam 1 bottom at midspan (ft) | Q74: =(Sp1_ZA+(Sp1_ZB-Sp1_ZA)*(0.5)-Sup_Drop+Sp1_C/3*(0.5)*(1-(0.5))+(Bm1_Raise)/12) -> 44.225243
P75: Beam 2 bottom at midspan (ft) | Q75: =(Sp1_ZA+(Sp1_ZB-Sp1_ZA)*(0.5)-Sup_Drop+Sp1_C/3*(0.5)*(1-(0.5))+(Bm2_Raise)/12) -> 44.225243
P76: FIB-36 beams | Q76: =Bm1_Off+(-24)/12*Bm_Bf/48 -> -6.2916667 | R76: =$Q$74+(36)/36*Bm_D -> 47.225243
B77: Symbol | C77: Meaning | H77: Workbook name / location | K77: Units / value | Q77: =Bm1_Off+(24)/12*Bm_Bf/48 -> -2.2916667 | R77: =$Q$74+(36)/36*Bm_D -> 47.225243
B78: s0, s1, sPI | C78: Profile start, end and tangent-intersection stations | H78: Prof_Sta0, Prof_Sta1, Prof_PISta | K78: ft | Q78: =Bm1_Off+(24)/12*Bm_Bf/48 -> -2.2916667 | R78: =$Q$74+(32.5)/36*Bm_D -> 46.933577
B79: z0, z1 | C79: Profile end elevations | H79: Prof_Z0, Prof_Z1 | K79: ft | Q79: =Bm1_Off+(7)/12*Bm_Bf/48 -> -3.7083333 | R79: =$Q$74+(31)/36*Bm_D -> 46.808577
B80: g1, g2 | C80: Tangent grades | H80: Prof_G1, Prof_G2 | K80: ft/ft | Q80: =Bm1_Off+(3.5)/12*Bm_Bf/48 -> -4 | R80: =$Q$74+(27.5)/36*Bm_D -> 46.51691
B81: kq | C81: Parabolic coefficient (0 in brokeback mode) | H81: Prof_Kq | K81: 1/ft | Q81: =Bm1_Off+(3.5)/12*Bm_Bf/48 -> -4 | R81: =$Q$74+(10)/36*Bm_D -> 45.058577
B82: sc, su | C82: Crown slope, uniform slope | H82: Deck_Crown, Deck_Uni | K82: ft/ft | Q82: =Bm1_Off+(19)/12*Bm_Bf/48 -> -2.7083333 | R82: =$Q$74+(7)/36*Bm_D -> 44.808577
B83: yk | C83: Beam k centerline offset | H83: Bm1_Off, Bm2_Off | K83: ft | Q83: =Bm1_Off+(19)/12*Bm_Bf/48 -> -2.7083333 | R83: =$Q$74+(0)/36*Bm_D -> 44.225243
B84: δmin,k | C84: Lowest cross-slope drop over beam k flange | H84: Bm1_dMin, Bm2_dMin | K84: ft | Q84: =Bm1_Off+(-19)/12*Bm_Bf/48 -> -5.875 | R84: =$Q$74+(0)/36*Bm_D -> 44.225243
Q85: =Bm1_Off+(-19)/12*Bm_Bf/48 -> -5.875 | R85: =$Q$74+(7)/36*Bm_D -> 44.808577
Q86: =Bm1_Off+(-3.5)/12*Bm_Bf/48 -> -4.5833333 | R86: =$Q$74+(10)/36*Bm_D -> 45.058577
Q87: =Bm1_Off+(-3.5)/12*Bm_Bf/48 -> -4.5833333 | R87: =$Q$74+(27.5)/36*Bm_D -> 46.51691
Q88: =Bm1_Off+(-7)/12*Bm_Bf/48 -> -4.875 | R88: =$Q$74+(31)/36*Bm_D -> 46.808577
Q89: =Bm1_Off+(-24)/12*Bm_Bf/48 -> -6.2916667 | R89: =$Q$74+(32.5)/36*Bm_D -> 46.933577
Q90: =Bm1_Off+(-24)/12*Bm_Bf/48 -> -6.2916667 | R90: =$Q$74+(36)/36*Bm_D -> 47.225243
Q92: =Bm2_Off+(-24)/12*Bm_Bf/48 -> 2.2916667 | R92: =$Q$75+(36)/36*Bm_D -> 47.225243
Q93: =Bm2_Off+(24)/12*Bm_Bf/48 -> 6.2916667 | R93: =$Q$75+(36)/36*Bm_D -> 47.225243
Q94: =Bm2_Off+(24)/12*Bm_Bf/48 -> 6.2916667 | R94: =$Q$75+(32.5)/36*Bm_D -> 46.933577
Q95: =Bm2_Off+(7)/12*Bm_Bf/48 -> 4.875 | R95: =$Q$75+(31)/36*Bm_D -> 46.808577
Q96: =Bm2_Off+(3.5)/12*Bm_Bf/48 -> 4.5833333 | R96: =$Q$75+(27.5)/36*Bm_D -> 46.51691
Q97: =Bm2_Off+(3.5)/12*Bm_Bf/48 -> 4.5833333 | R97: =$Q$75+(10)/36*Bm_D -> 45.058577
Q98: =Bm2_Off+(19)/12*Bm_Bf/48 -> 5.875 | R98: =$Q$75+(7)/36*Bm_D -> 44.808577
Q99: =Bm2_Off+(19)/12*Bm_Bf/48 -> 5.875 | R99: =$Q$75+(0)/36*Bm_D -> 44.225243
Q100: =Bm2_Off+(-19)/12*Bm_Bf/48 -> 2.7083333 | R100: =$Q$75+(0)/36*Bm_D -> 44.225243
Q101: =Bm2_Off+(-19)/12*Bm_Bf/48 -> 2.7083333 | R101: =$Q$75+(7)/36*Bm_D -> 44.808577
Q102: =Bm2_Off+(-3.5)/12*Bm_Bf/48 -> 4 | R102: =$Q$75+(10)/36*Bm_D -> 45.058577
Q103: =Bm2_Off+(-3.5)/12*Bm_Bf/48 -> 4 | R103: =$Q$75+(27.5)/36*Bm_D -> 46.51691
Q104: =Bm2_Off+(-7)/12*Bm_Bf/48 -> 3.7083333 | R104: =$Q$75+(31)/36*Bm_D -> 46.808577
Q105: =Bm2_Off+(-24)/12*Bm_Bf/48 -> 2.2916667 | R105: =$Q$75+(32.5)/36*Bm_D -> 46.933577
Q106: =Bm2_Off+(-24)/12*Bm_Bf/48 -> 2.2916667 | R106: =$Q$75+(36)/36*Bm_D -> 47.225243
P108: Haunch over beam 1 | Q108: =Bm1_FL+0/24*(Bm1_FR-Bm1_FL) -> -6.2916667 | R108: =$Q$74+Bm_D -> 47.225243 | S108: =$Q$65+IF(Deck_Mode="uniform",Deck_Uni*($Q$108),Deck_Crown*ABS($Q$108))-Deck_T-($Q$74+Bm_D) -> 0.078548227
Q109: =Bm1_FL+1/24*(Bm1_FR-Bm1_FL) -> -6.125 | R109: =$Q$74+Bm_D -> 47.225243 | S109: =$Q$65+IF(Deck_Mode="uniform",Deck_Uni*($Q$109),Deck_Crown*ABS($Q$109))-Deck_T-($Q$74+Bm_D) -> 0.08188156
Q110: =Bm1_FL+2/24*(Bm1_FR-Bm1_FL) -> -5.9583333 | R110: =$Q$74+Bm_D -> 47.225243 | S110: =$Q$65+IF(Deck_Mode="uniform",Deck_Uni*($Q$110),Deck_Crown*ABS($Q$110))-Deck_T-($Q$74+Bm_D) -> 0.085214893
Q111: =Bm1_FL+3/24*(Bm1_FR-Bm1_FL) -> -5.7916667 | R111: =$Q$74+Bm_D -> 47.225243 | S111: =$Q$65+IF(Deck_Mode="uniform",Deck_Uni*($Q$111),Deck_Crown*ABS($Q$111))-Deck_T-($Q$74+Bm_D) -> 0.088548227
Q112: =Bm1_FL+4/24*(Bm1_FR-Bm1_FL) -> -5.625 | R112: =$Q$74+Bm_D -> 47.225243 | S112: =$Q$65+IF(Deck_Mode="uniform",Deck_Uni*($Q$112),Deck_Crown*ABS($Q$112))-Deck_T-($Q$74+Bm_D) -> 0.09188156
Q113: =Bm1_FL+5/24*(Bm1_FR-Bm1_FL) -> -5.4583333 | R113: =$Q$74+Bm_D -> 47.225243 | S113: =$Q$65+IF(Deck_Mode="uniform",Deck_Uni*($Q$113),Deck_Crown*ABS($Q$113))-Deck_T-($Q$74+Bm_D) -> 0.095214893
Q114: =Bm1_FL+6/24*(Bm1_FR-Bm1_FL) -> -5.2916667 | R114: =$Q$74+Bm_D -> 47.225243 | S114: =$Q$65+IF(Deck_Mode="uniform",Deck_Uni*($Q$114),Deck_Crown*ABS($Q$114))-Deck_T-($Q$74+Bm_D) -> 0.098548227
...

Sheet Beam Geometry
A1: Beam Geometry | O1: Project | P1: =""&TB_Project -> D2 I-95 Pedestrian Bridge
A2: Physical beam ends, bearings, deck limits, bearing chords and Table of Beam Variables dimensions | O2: Job No. | P2: =""&TB_JobNo
O3: Calc. by / date | P3: =TB_CalcBy&" "&TB_CalcDate
O4: Check. by / date | P4: =TB_CheckBy&" "&TB_CheckDate
A6: Span layout (stations in ft)
B7: Span | C7: Datum start | D7: Datum end | E7: Start support | F7: End support | G7: Beam start | H7: Beam end | I7: CL brg A (start) | J7: CL brg B (end) | K7: Deck start | L7: Deck end | M7: Beam length | N7: Brg span Lb | O7: Brg midpoint | P7: PGL at A | Q7: PGL at B | R7: Chord grade | S7: Layout check | T7: Mathcad L.beam | U7: Beam length - Mathcad
B8: 1 | C8: =Sp1_Sta0 -> 1593.22 | D8: =Sp1_Sta1 -> 1700.57 | E8: End Bent 1 | F8: Pier | G8: =C8+Phys_EndClr/12 -> 1593.47 | H8: =D8-Phys_PierGap/24 -> 1700.445 | I8: =G8+Phys_Setback/12 -> 1594.22 | J8: =H8-Phys_Setback/12 -> 1699.695 | K8: =C8+Phys_DeckClr/12 -> 1593.47 | L8: =D8 -> 1700.57 | M8: =H8-G8 -> 106.975 | N8: =J8-I8 -> 105.475 | O8: =(I8+J8)/2 -> 1646.9575 | P8: =IF(Prof_Mode="parabolic",Prof_Z0+Prof_G1*((I8)-Prof_Sta0)+Prof_Kq*((I8)-Prof_Sta0)^2,IF((I8)<=Prof_PISta,Prof_Z0+Prof_G1*((I8)-Prof_Sta0),Prof_PIZ+Prof_G2*((I8)-Prof_PISta))) -> 47.665999 | Q8: =IF(Prof_Mode="parabolic",Prof_Z0+Prof_G1*((J8)-Prof_Sta0)+Prof_Kq*((J8)-Prof_Sta0)^2,IF((J8)<=Prof_PISta,Prof_Z0+Prof_G1*((J8)-Prof_Sta0),Prof_PIZ+Prof_G2*((J8)-Prof_PISta))) -> 48.193251 | R8: =(Q8-P8)/N8 -> 0.0049988356 | S8: =IF(AND(C8<=G8,G8<I8,I8<J8,J8<H8,H8<=D8,K8<L8),"PASS","FAIL") -> PASS | T8: =MC1_Lbeam -> 106.975 | U8: =M8-T8 -> 0
B9: 2 | C9: =Sp2_Sta0 -> 1700.57 | D9: =Sp2_Sta1 -> 1805.47 | E9: Pier | F9: End Bent 2 | G9: =C9+Phys_PierGap/24 -> 1700.695 | H9: =D9-Phys_EndClr/12 -> 1805.22 | I9: =G9+Phys_Setback/12 -> 1701.445 | J9: =H9-Phys_Setback/12 -> 1804.47 | K9: =C9 -> 1700.57 | L9: =D9-Phys_DeckClr/12 -> 1805.22 | M9: =H9-G9 -> 104.525 | N9: =J9-I9 -> 103.025 | O9: =(I9+J9)/2 -> 1752.9575 | P9: =IF(Prof_Mode="parabolic",Prof_Z0+Prof_G1*((I9)-Prof_Sta0)+Prof_Kq*((I9)-Prof_Sta0)^2,IF((I9)<=Prof_PISta,Prof_Z0+Prof_G1*((I9)-Prof_Sta0),Prof_PIZ+Prof_G2*((I9)-Prof_PISta))) -> 48.193249 | Q9: =IF(Prof_Mode="parabolic",Prof_Z0+Prof_G1*((J9)-Prof_Sta0)+Prof_Kq*((J9)-Prof_Sta0)^2,IF((J9)<=Prof_PISta,Prof_Z0+Prof_G1*((J9)-Prof_Sta0),Prof_PIZ+Prof_G2*((J9)-Prof_PISta))) -> 47.678001 | R9: =(Q9-P9)/N9 -> -0.0050011916 | S9: =IF(AND(C9<=G9,G9<I9,I9<J9,J9<H9,H9<=D9,K9<L9),"PASS","FAIL") -> PASS | T9: =MC2_Lbeam -> 104.525 | U9: =M9-T9 -> 0
A11: Beam dimensions for the Table of Beam Variables (template method, notebook geometry)
B12: Beam | C12: Span | D12: Offset (ft) | E12: Raise (in) | F12: Horizontal length (ft) | G12: Sloped length Ls (ft) | H12: Skew (deg) | I12: Angle phi End 1 | J12: Angle phi End 2 | K12: Dim J (in) | L12: Dim K1 (in) | M12: Dim K2 (in) | N12: Dim P (in) | O12: End elev. cond. | P12: Prestress P (kip) | Q12: Creep factor C1 | R12: Shortening R (in) | S12: Dim L incl. R (ft) | T12: Dim L ft | U12: Dim L in
B13: 1-1 | C13: 1 | D13: =Bm1_Off -> -4.2916667 | E13: =Bm1_Raise -> 0 | F13: =Sp1_LBeam -> 106.975 | G13: =F13*SQRT(1+Sp1_Gc^2) -> 106.97634 | H13: =MC1_Skew -> 0 | I13: =90-H13 -> 90 | J13: =90-H13 -> 90 | K13: =Phys_Setback -> 9 | L13: =(Sp1_BrgA-Sp1_Sta0)*12 -> 12 | M13: =(Sp1_Sta1-Sp1_BrgB)*12 -> 10.5 | N13: =IF(ABS(Sp1_Gc*Bm_D*12)<Des_DimP,0,-Sp1_Gc*Bm_D*12) -> 0 | O13: =IF(N13<0,2,IF(N13>0,3,1)) -> 1 | P13: =MC1_NStr*MC1_Pj+MC1_NTop*MC1_PTop -> 1753.7575 | Q13: =1+MC1_Psi -> 1.9583197 | R13: =Q13*P13*G13*12/(MC1_Eci*Bm_Area)+ABS(MC1_Esh)*G13*12 -> 1.5229584 | S13: =G13+R13/12 -> 107.10325 | T13: =ROUNDDOWN(S13,0) -> 107 | U13: =(S13-T13)*12 -> 1.238997
B14: 1-2 | C14: 1 | D14: =Bm2_Off -> 4.2916667 | E14: =Bm2_Raise -> 0 | F14: =Sp1_LBeam -> 106.975 | G14: =F14*SQRT(1+Sp1_Gc^2) -> 106.97634 | H14: =MC1_Skew -> 0 | I14: =90-H14 -> 90 | J14: =90-H14 -> 90 | K14: =Phys_Setback -> 9 | L14: =(Sp1_BrgA-Sp1_Sta0)*12 -> 12 | M14: =(Sp1_Sta1-Sp1_BrgB)*12 -> 10.5 | N14: =IF(ABS(Sp1_Gc*Bm_D*12)<Des_DimP,0,-Sp1_Gc*Bm_D*12) -> 0 | O14: =IF(N14<0,2,IF(N14>0,3,1)) -> 1 | P14: =MC1_NStr*MC1_Pj+MC1_NTop*MC1_PTop -> 1753.7575 | Q14: =1+MC1_Psi -> 1.9583197 | R14: =Q14*P14*G14*12/(MC1_Eci*Bm_Area)+ABS(MC1_Esh)*G14*12 -> 1.5229584 | S14: =G14+R14/12 -> 107.10325 | T14: =ROUNDDOWN(S14,0) -> 107 | U14: =(S14-T14)*12 -> 1.238997
B15: 2-1 | C15: 2 | D15: =Bm1_Off -> -4.2916667 | E15: =Bm1_Raise -> 0 | F15: =Sp2_LBeam -> 104.525 | G15: =F15*SQRT(1+Sp2_Gc^2) -> 104.52631 | H15: =MC2_Skew -> 0 | I15: =90-H15 -> 90 | J15: =90-H15 -> 90 | K15: =Phys_Setback -> 9 | L15: =(Sp2_BrgA-Sp2_Sta0)*12 -> 10.5 | M15: =(Sp2_Sta1-Sp2_BrgB)*12 -> 12 | N15: =IF(ABS(Sp2_Gc*Bm_D*12)<Des_DimP,0,-Sp2_Gc*Bm_D*12) -> 0 | O15: =IF(N15<0,2,IF(N15>0,3,1)) -> 1 | P15: =MC2_NStr*MC2_Pj+MC2_NTop*MC2_PTop -> 1753.7575 | Q15: =1+MC2_Psi -> 1.9583197 | R15: =Q15*P15*G15*12/(MC2_Eci*Bm_Area)+ABS(MC2_Esh)*G15*12 -> 1.4880787 | S15: =G15+R15/12 -> 104.65031 | T15: =ROUNDDOWN(S15,0) -> 104 | U15: =(S15-T15)*12 -> 7.8037649
B16: 2-2 | C16: 2 | D16: =Bm2_Off -> 4.2916667 | E16: =Bm2_Raise -> 0 | F16: =Sp2_LBeam -> 104.525 | G16: =F16*SQRT(1+Sp2_Gc^2) -> 104.52631 | H16: =MC2_Skew -> 0 | I16: =90-H16 -> 90 | J16: =90-H16 -> 90 | K16: =Phys_Setback -> 9 | L16: =(Sp2_BrgA-Sp2_Sta0)*12 -> 10.5 | M16: =(Sp2_Sta1-Sp2_BrgB)*12 -> 12 | N16: =IF(ABS(Sp2_Gc*Bm_D*12)<Des_DimP,0,-Sp2_Gc*Bm_D*12) -> 0 | O16: =IF(N16<0,2,IF(N16>0,3,1)) -> 1 | P16: =MC2_NStr*MC2_Pj+MC2_NTop*MC2_PTop -> 1753.7575 | Q16: =1+MC2_Psi -> 1.9583197 | R16: =Q16*P16*G16*12/(MC2_Eci*Bm_Area)+ABS(MC2_Esh)*G16*12 -> 1.4880787 | S16: =G16+R16/12 -> 104.65031 | T16: =ROUNDDOWN(S16,0) -> 104 | U16: =(S16-T16)*12 -> 7.8037649
B18: Dim L follows the BCC template (sloped beam length + shortening R). Confirm against the current FDOT instructions for the Table of Beam Variables before issue; the sloped length without R is column G.

Sheet Beam Geometry Method
B1: Beam Geometry - Method
B2: Physical beam ends, bearings and the Table of Beam Variables dimensions
B3: =IF(Inputs_Edited=0,"LIVE Charts, tables and the numbers quoted in this text are workbook formulas. Inputs match the notebook build (model "&Build_Model&", built "&Build_Time&").",Inputs_Edited&" INPUT(S) EDITED SINCE THE NOTEBOOK BUILD The charts and tables follow the edited inputs, which no longer match the geometry notebook (QC "&QC_Overall&"). Change the notebook CONFIG and rebuild.") -> LIVE Charts, tables and the numbers quoted in this text are workbook formulas. Inputs match the notebook build (model e9b41b8eaf, built 2026-10-19 12:13).
B5: 1. Physical beam ends and bearings
B6: Spans run between datums: the front face of backwall (FFBW) at end bents and the pier centerline. Beams stop short of each datum by the beam-end clearance e at an end bent, or by half the pier gap g at the pier. Bearings sit a setback j inside each beam end. The deck stops a clearance cd inside each FFBW and is continuous over the pier:
B10: ="Current: e = "&TEXT(Phys_EndClr,"General")&" in, g = "&TEXT(Phys_PierGap,"General")&" in, j = "&TEXT(Phys_Setback,"General")&" in, cd = "&TEXT(Phys_DeckClr,"General")&" in. Span 1 bearings "&TEXT(INT(ROUND(Sp1_BrgA*100,0)/10000),"0")&"+"&TEXT(MOD(ROUND(Sp1_BrgA*100,0),10000)/100,"00.00")&" to "&TEXT(INT(ROUND(Sp1_BrgB*100,0)/10000),"0")&"+"&TEXT(MOD(ROUND(Sp1_BrgB*100,0),10000)/100,"00.00")&"; Span 2 bearings "&TEXT(INT(ROUND(Sp2_BrgA*100,0)/10000),"0")&"+"&TEXT(MOD(ROUND(Sp2_BrgA*100,0),10000)/100,"00.00")&" to "&TEXT(INT(ROUND(Sp2_BrgB*100,0)/10000),"0")&"+"&TEXT(MOD(ROUND(Sp2_BrgB*100,0),10000)/100,"00.00")&"." -> Current: e = 3 in, g = 3 in, j = 9 in, cd = 3 in. Span 1 bearings 15+94.22 to 16+99.70; Span 2 bearings 17+01.45 to 18+04.47.
B25: Figure 1. Beam-end, bearing and pier-joint dimensions (elevation, not to scale). Current values are in the table below.
B26: Symbol | C26: Meaning | H26: Workbook name / location | K26: Units / value
B27: e | C27: Beam end clearance to the FFBW | H27: Phys_EndClr | K27: =TEXT(Phys_EndClr,"General")&" in" -> 3 in
B28: J | C28: Bearing setback, beam end to CL bearing (Dim J) | H28: Phys_Setback | K28: =TEXT(Phys_Setback,"General")&" in" -> 9 in
B29: K1 = e + J | C29: FFBW to CL bearing at an end bent (Dim K1 / K2) | H29: Beam Geometry cols L, M | K29: =TEXT(Phys_EndClr+Phys_Setback,"General")&" in" -> 12 in
B30: g | C30: Pier beam gap, beam end to beam end | H30: Phys_PierGap | K30: =TEXT(Phys_PierGap,"General")&" in" -> 3 in
B31: K = g/2 + J | C31: CL pier to CL bearing | H31: Beam Geometry cols L, M | K31: =TEXT(Phys_PierGap/2+Phys_Setback,"General")&" in" -> 10.5 in
B34: 2. Bearing chord and sloped length
B38: The beam soffit chord between bearings is parallel to the PGL chord (the notebook drops all bearings by the same D; see Camber & Haunch). QC compares the horizontal beam length with the Mathcad L.beam.
B40: 3. Table of Beam Variables dimensions (BCC template method)
B47: Elastic plus time-dependent shortening R uses the template expression with the Mathcad prestress, creep and shrinkage values:
B54: Dim L adds R to the sloped length, exactly as the BCC template did. Confirm against the current FDOT Table of Beam Variables instructions before issue; the sloped length without R is shown in the Ls column.
B68: Figure 2. End-of-beam dimensions used in the Table of Beam Variables.
B69: Symbol | C69: Meaning | H69: Workbook name / location | K69: Units / value
B70: sa, sb | C70: Span datum stations (FFBW or CL pier) | H70: Sp1_Sta0, Sp1_Sta1 ... | K70: ft
B71: sA, sB | C71: Bearing stations | H71: Sp1_BrgA, Sp1_BrgB ... | K71: ft
B72: Lb, gc | C72: Bearing span and chord grade | H72: Sp1_Lb, Sp1_Gc ... | K72: ft, ft/ft
B73: P | C73: Total prestress force at jacking | H73: Beam Geometry col P | K73: kip
B74: Ag, Eci | C74: FIB-36 gross area; release modulus (Mathcad) | H74: Bm_Area, MC1_Eci | K74: in2, ksi

Sheet Camber & Haunch
A1: Camber & Haunch | L1: Project | M1: =""&TB_Project -> D2 I-95 Pedestrian Bridge
A2: Common support drop, build-up (Dims B, C, D) and minimum flange haunch | L2: Job No. | M2: =""&TB_JobNo
L3: Calc. by / date | M3: =TB_CalcBy&" "&TB_CalcDate
L4: Check. by / date | M4: =TB_CheckBy&" "&TB_CheckDate
A6: A. Haunch shape per span: h(t) = K - m t(1-t), with t = (s - brg A)/Lb
B7: Span | C7: Camber C (in) | D7: Lb (ft) | E7: t at beam start | F7: t at beam end | G7: m (ft) | H7: max of m t(1-t) on beam | I7: Mathcad NetCamber (in) | J7: C - Mathcad (in)
B8: 1 | C8: =Sp1_C -> 0.12459274 | D8: =Sp1_Lb -> 105.475 | E8: =(Sp1_Bm0-Sp1_BrgA)/Sp1_Lb -> -0.0071106897 | F8: =(Sp1_Bm1-Sp1_BrgA)/Sp1_Lb -> 1.0071107 | G8: =Prof_Kq*Sp1_Lb^2+Sp1_C/3 -> 0.041530915 | H8: =MAX(G8/4,G8*E8*(1-E8),G8*F8*(1-F8)) -> 0.010382729 | I8: =MC1_Net -> 0.12459274 | J8: =C8-I8 -> 0
B9: 2 | C9: =Sp2_C -> 0.56717146 | D9: =Sp2_Lb -> 103.025 | E9: =(Sp2_Bm0-Sp2_BrgA)/Sp2_Lb -> -0.0072797865 | F9: =(Sp2_Bm1-Sp2_BrgA)/Sp2_Lb -> 1.0072798 | G9: =Prof_Kq*Sp2_Lb^2+Sp2_C/3 -> 0.18905715 | H9: =MAX(G9/4,G9*E9*(1-E9),G9*F9*(1-F9)) -> 0.047264289 | I9: =MC2_Net -> 0.56717146 | J9: =C9-I9 -> 0
A11: B. Minimum uncorrected haunch per beam and the common support drop D
B12: Beam | C12: delta min (ft) | D12: Raise (in) | E12: Min haunch with D = 0 (ft) | F12: Min flange haunch (in)
B13: 1-1 | C13: =Bm1_dMin -> -0.12583333 | D13: =Bm1_Raise -> 0 | E13: =C13-Deck_T-D13/12-Bm_D-Sp1_W -> -3.6362161 | F13: =(E13+Sup_Drop)*12 -> 0.94257872
B14: 1-2 | C14: =Bm2_dMin -> -0.12583333 | D14: =Bm2_Raise -> 0 | E14: =C14-Deck_T-D14/12-Bm_D-Sp1_W -> -3.6362161 | F14: =(E14+Sup_Drop)*12 -> 0.94257872
B15: 2-1 | C15: =Bm1_dMin -> -0.12583333 | D15: =Bm1_Raise -> 0 | E15: =C15-Deck_T-D15/12-Bm_D-Sp2_W -> -3.6730976 | F15: =(E15+Sup_Drop)*12 -> 0.5
B16: 2-2 | C16: =Bm2_dMin -> -0.12583333 | D16: =Bm2_Raise -> 0 | E16: =C16-Deck_T-D16/12-Bm_D-Sp2_W -> -3.6730976 | F16: =(E16+Sup_Drop)*12 -> 0.5
B18: Common support drop D (ft) | E18: =Bm_Hmin/12-MIN(E13:E16) -> 3.7147643 | G18: D = h_min,req - min over every beam and flange point of the haunch with D = 0
B19: Minimum flange haunch, whole bridge (in) | E19: =MIN(F13:F16) -> 0.5 | F19: =IF(E19>=Bm_Hmin-0.00000001,"PASS","FAIL") -> PASS
A21: C. Haunch over each beam at the bearings and midspan
B22: Beam | C22: Location | D22: Station s (ft) | E22: t | F22: PGL (ft) | G22: Chord (ft) | H22: Camber (ft) | I22: Beam bottom (ft) | J22: Beam top (ft) | K22: Deck @ CL beam (ft) | L22: Haunch @ CL (in) | M22: Min flange haunch (in)
B23: 1-1 | C23: Begin brg | D23: =Sp1_BrgA -> 1594.22 | E23: =(D23-Sp1_BrgA)/Sp1_Lb -> 0 | F23: =IF(Prof_Mode="parabolic",Prof_Z0+Prof_G1*((D23)-Prof_Sta0)+Prof_Kq*((D23)-Prof_Sta0)^2,IF((D23)<=Prof_PISta,Prof_Z0+Prof_G1*((D23)-Prof_Sta0),Prof_PIZ+Prof_G2*((D23)-Prof_PISta))) -> 47.665999 | G23: =Sp1_ZA+(Sp1_ZB-Sp1_ZA)*E23 -> 47.665999 | H23: =Sp1_C/3*E23*(1-E23) -> 0 | I23: =G23-Sup_Drop+H23+Bm1_Raise/12 -> 43.951235 | J23: =I23+Bm_D -> 46.951235 | K23: =F23+Bm1_dCL -> 47.580166 | L23: =(K23-Deck_T-J23)*12 -> 1.5471715 | M23: =(F23+Bm1_dMin-Deck_T-J23)*12 -> 1.0671715
B24: 1-1 | C24: Midspan | D24: =Sp1_Mid -> 1646.9575 | E24: =(D24-Sp1_BrgA)/Sp1_Lb -> 0.5 | F24: =IF(Prof_Mode="parabolic",Prof_Z0+Prof_G1*((D24)-Prof_Sta0)+Prof_Kq*((D24)-Prof_Sta0)^2,IF((D24)<=Prof_PISta,Prof_Z0+Prof_G1*((D24)-Prof_Sta0),Prof_PIZ+Prof_G2*((D24)-Prof_PISta))) -> 47.929625 | G24: =Sp1_ZA+(Sp1_ZB-Sp1_ZA)*E24 -> 47.929625 | H24: =Sp1_C/3*E24*(1-E24) -> 0.010382729 | I24: =G24-Sup_Drop+H24+Bm1_Raise/12 -> 44.225243 | J24: =I24+Bm_D -> 47.225243 | K24: =F24+Bm1_dCL -> 47.843792 | L24: =(K24-Deck_T-J24)*12 -> 1.4225787 | M24: =(F24+Bm1_dMin-Deck_T-J24)*12 -> 0.94257872
B25: 1-1 | C25: End brg | D25: =Sp1_BrgB -> 1699.695 | E25: =(D25-Sp1_BrgA)/Sp1_Lb -> 1 | F25: =IF(Prof_Mode="parabolic",Prof_Z0+Prof_G1*((D25)-Prof_Sta0)+Prof_Kq*((D25)-Prof_Sta0)^2,IF((D25)<=Prof_PISta,Prof_Z0+Prof_G1*((D25)-Prof_Sta0),Prof_PIZ+Prof_G2*((D25)-Prof_PISta))) -> 48.193251 | G25: =Sp1_ZA+(Sp1_ZB-Sp1_ZA)*E25 -> 48.193251 | H25: =Sp1_C/3*E25*(1-E25) -> 0 | I25: =G25-Sup_Drop+H25+Bm1_Raise/12 -> 44.478487 | J25: =I25+Bm_D -> 47.478487 | K25: =F25+Bm1_dCL -> 48.107418 | L25: =(K25-Deck_T-J25)*12 -> 1.5471715 | M25: =(F25+Bm1_dMin-Deck_T-J25)*12 -> 1.0671715
B26: 1-2 | C26: Begin brg | D26: =Sp1_BrgA -> 1594.22 | E26: =(D26-Sp1_BrgA)/Sp1_Lb -> 0 | F26: =IF(Prof_Mode="parabolic",Prof_Z0+Prof_G1*((D26)-Prof_Sta0)+Prof_Kq*((D26)-Prof_Sta0)^2,IF((D26)<=Prof_PISta,Prof_Z0+Prof_G1*((D26)-Prof_Sta0),Prof_PIZ+Prof_G2*((D26)-Prof_PISta))) -> 47.665999 | G26: =Sp1_ZA+(Sp1_ZB-Sp1_ZA)*E26 -> 47.665999 | H26: =Sp1_C/3*E26*(1-E26) -> 0 | I26: =G26-Sup_Drop+H26+Bm2_Raise/12 -> 43.951235 | J26: =I26+Bm_D -> 46.951235 | K26: =F26+Bm2_dCL -> 47.580166 | L26: =(K26-Deck_T-J26)*12 -> 1.5471715 | M26: =(F26+Bm2_dMin-Deck_T-J26)*12 -> 1.0671715
B27: 1-2 | C27: Midspan | D27: =Sp1_Mid -> 1646.9575 | E27: =(D27-Sp1_BrgA)/Sp1_Lb -> 0.5 | F27: =IF(Prof_Mode="parabolic",Prof_Z0+Prof_G1*((D27)-Prof_Sta0)+Prof_Kq*((D27)-Prof_Sta0)^2,IF((D27)<=Prof_PISta,Prof_Z0+Prof_G1*((D27)-Prof_Sta0),Prof_PIZ+Prof_G2*((D27)-Prof_PISta))) -> 47.929625 | G27: =Sp1_ZA+(Sp1_ZB-Sp1_ZA)*E27 -> 47.929625 | H27: =Sp1_C/3*E27*(1-E27) -> 0.010382729 | I27: =G27-Sup_Drop+H27+Bm2_Raise/12 -> 44.225243 | J27: =I27+Bm_D -> 47.225243 | K27: =F27+Bm2_dCL -> 47.843792 | L27: =(K27-Deck_T-J27)*12 -> 1.4225787 | M27: =(F27+Bm2_dMin-Deck_T-J27)*12 -> 0.94257872
B28: 1-2 | C28: End brg | D28: =Sp1_BrgB -> 1699.695 | E28: =(D28-Sp1_BrgA)/Sp1_Lb -> 1 | F28: =IF(Prof_Mode="parabolic",Prof_Z0+Prof_G1*((D28)-Prof_Sta0)+Prof_Kq*((D28)-Prof_Sta0)^2,IF((D28)<=Prof_PISta,Prof_Z0+Prof_G1*((D28)-Prof_Sta0),Prof_PIZ+Prof_G2*((D28)-Prof_PISta))) -> 48.193251 | G28: =Sp1_ZA+(Sp1_ZB-Sp1_ZA)*E28 -> 48.193251 | H28: =Sp1_C/3*E28*(1-E28) -> 0 | I28: =G28-Sup_Drop+H28+Bm2_Raise/12 -> 44.478487 | J28: =I28+Bm_D -> 47.478487 | K28: =F28+Bm2_dCL -> 48.107418 | L28: =(K28-Deck_T-J28)*12 -> 1.5471715 | M28: =(F28+Bm2_dMin-Deck_T-J28)*12 -> 1.0671715
B29: 2-1 | C29: Begin brg | D29: =Sp2_BrgA -> 1701.445 | E29: =(D29-Sp2_BrgA)/Sp2_Lb -> 0 | F29: =IF(Prof_Mode="parabolic",Prof_Z0+Prof_G1*((D29)-Prof_Sta0)+Prof_Kq*((D29)-Prof_Sta0)^2,IF((D29)<=Prof_PISta,Prof_Z0+Prof_G1*((D29)-Prof_Sta0),Prof_PIZ+Prof_G2*((D29)-Prof_PISta))) -> 48.193249 | G29: =Sp2_ZA+(Sp2_ZB-Sp2_ZA)*E29 -> 48.193249 | H29: =Sp2_C/3*E29*(1-E29) -> 0 | I29: =G29-Sup_Drop+H29+Bm1_Raise/12 -> 44.478485 | J29: =I29+Bm_D -> 47.478485 | K29: =F29+Bm1_dCL -> 48.107416 | L29: =(K29-Deck_T-J29)*12 -> 1.5471715 | M29: =(F29+Bm1_dMin-Deck_T-J29)*12 -> 1.0671715
B30: 2-1 | C30: Midspan | D30: =Sp2_Mid -> 1752.9575 | E30: =(D30-Sp2_BrgA)/Sp2_Lb -> 0.5 | F30: =IF(Prof_Mode="parabolic",Prof_Z0+Prof_G1*((D30)-Prof_Sta0)+Prof_Kq*((D30)-Prof_Sta0)^2,IF((D30)<=Prof_PISta,Prof_Z0+Prof_G1*((D30)-Prof_Sta0),Prof_PIZ+Prof_G2*((D30)-Prof_PISta))) -> 47.935625 | G30: =Sp2_ZA+(Sp2_ZB-Sp2_ZA)*E30 -> 47.935625 | H30: =Sp2_C/3*E30*(1-E30) -> 0.047264289 | I30: =G30-Sup_Drop+H30+Bm1_Raise/12 -> 44.268125 | J30: =I30+Bm_D -> 47.268125 | K30: =F30+Bm1_dCL -> 47.849792 | L30: =(K30-Deck_T-J30)*12 -> 0.98 | M30: =(F30+Bm1_dMin-Deck_T-J30)*12 -> 0.5
B31: 2-1 | C31: End brg | D31: =Sp2_BrgB -> 1804.47 | E31: =(D31-Sp2_BrgA)/Sp2_Lb -> 1 | F31: =IF(Prof_Mode="parabolic",Prof_Z0+Prof_G1*((D31)-Prof_Sta0)+Prof_Kq*((D31)-Prof_Sta0)^2,IF((D31)<=Prof_PISta,Prof_Z0+Prof_G1*((D31)-Prof_Sta0),Prof_PIZ+Prof_G2*((D31)-Prof_PISta))) -> 47.678001 | G31: =Sp2_ZA+(Sp2_ZB-Sp2_ZA)*E31 -> 47.678001 | H31: =Sp2_C/3*E31*(1-E31) -> 0 | I31: =G31-Sup_Drop+H31+Bm1_Raise/12 -> 43.963237 | J31: =I31+Bm_D -> 46.963237 | K31: =F31+Bm1_dCL -> 47.592168 | L31: =(K31-Deck_T-J31)*12 -> 1.5471715 | M31: =(F31+Bm1_dMin-Deck_T-J31)*12 -> 1.0671715
B32: 2-2 | C32: Begin brg | D32: =Sp2_BrgA -> 1701.445 | E32: =(D32-Sp2_BrgA)/Sp2_Lb -> 0 | F32: =IF(Prof_Mode="parabolic",Prof_Z0+Prof_G1*((D32)-Prof_Sta0)+Prof_Kq*((D32)-Prof_Sta0)^2,IF((D32)<=Prof_PISta,Prof_Z0+Prof_G1*((D32)-Prof_Sta0),Prof_PIZ+Prof_G2*((D32)-Prof_PISta))) -> 48.193249 | G32: =Sp2_ZA+(Sp2_ZB-Sp2_ZA)*E32 -> 48.193249 | H32: =Sp2_C/3*E32*(1-E32) -> 0 | I32: =G32-Sup_Drop+H32+Bm2_Raise/12 -> 44.478485 | J32: =I32+Bm_D -> 47.478485 | K32: =F32+Bm2_dCL -> 48.107416 | L32: =(K32-Deck_T-J32)*12 -> 1.5471715 | M32: =(F32+Bm2_dMin-Deck_T-J32)*12 -> 1.0671715
B33: 2-2 | C33: Midspan | D33: =Sp2_Mid -> 1752.9575 | E33: =(D33-Sp2_BrgA)/Sp2_Lb -> 0.5 | F33: =IF(Prof_Mode="parabolic",Prof_Z0+Prof_G1*((D33)-Prof_Sta0)+Prof_Kq*((D33)-Prof_Sta0)^2,IF((D33)<=Prof_PISta,Prof_Z0+Prof_G1*((D33)-Prof_Sta0),Prof_PIZ+Prof_G2*((D33)-Prof_PISta))) -> 47.935625 | G33: =Sp2_ZA+(Sp2_ZB-Sp2_ZA)*E33 -> 47.935625 | H33: =Sp2_C/3*E33*(1-E33) -> 0.047264289 | I33: =G33-Sup_Drop+H33+Bm2_Raise/12 -> 44.268125 | J33: =I33+Bm_D -> 47.268125 | K33: =F33+Bm2_dCL -> 47.849792 | L33: =(K33-Deck_T-J33)*12 -> 0.98 | M33: =(F33+Bm2_dMin-Deck_T-J33)*12 -> 0.5
B34: 2-2 | C34: End brg | D34: =Sp2_BrgB -> 1804.47 | E34: =(D34-Sp2_BrgA)/Sp2_Lb -> 1 | F34: =IF(Prof_Mode="parabolic",Prof_Z0+Prof_G1*((D34)-Prof_Sta0)+Prof_Kq*((D34)-Prof_Sta0)^2,IF((D34)<=Prof_PISta,Prof_Z0+Prof_G1*((D34)-Prof_Sta0),Prof_PIZ+Prof_G2*((D34)-Prof_PISta))) -> 47.678001 | G34: =Sp2_ZA+(Sp2_ZB-Sp2_ZA)*E34 -> 47.678001 | H34: =Sp2_C/3*E34*(1-E34) -> 0 | I34: =G34-Sup_Drop+H34+Bm2_Raise/12 -> 43.963237 | J34: =I34+Bm_D -> 46.963237 | K34: =F34+Bm2_dCL -> 47.592168 | L34: =(K34-Deck_T-J34)*12 -> 1.5471715 | M34: =(F34+Bm2_dMin-Deck_T-J34)*12 -> 1.0671715
A36: D. Build-up summary (FDOT Build-Up & Deflection table)
B37: Beam | C37: Dim B begin (in) | D37: Dim C CL span (in) | E37: Dim D end (in) | F37: Mid-ordinate R (in) | G37: Net camber C (in) | H37: Build-up case
B38: 1-1 | C38: =L23 -> 1.5471715 | D38: =L24 -> 1.4225787 | E38: =L25 -> 1.5471715 | F38: =(K24-(K23+K25)/2)*12 -> 0 | G38: =Sp1_C -> 0.12459274 | H38: =IF(ROUND(F38,6)<0,"Case 2",IF(ROUND(F38,6)>G38,"Case 4",IF(ROUND(F38,6)>0,"Case 3","Case 1"))) -> Case 1
B39: 1-2 | C39: =L26 -> 1.5471715 | D39: =L27 -> 1.4225787 | E39: =L28 -> 1.5471715 | F39: =(K27-(K26+K28)/2)*12 -> 0 | G39: =Sp1_C -> 0.12459274 | H39: =IF(ROUND(F39,6)<0,"Case 2",IF(ROUND(F39,6)>G39,"Case 4",IF(ROUND(F39,6)>0,"Case 3","Case 1"))) -> Case 1
B40: 2-1 | C40: =L29 -> 1.5471715 | D40: =L30 -> 0.98 | E40: =L31 -> 1.5471715 | F40: =(K30-(K29+K31)/2)*12 -> 8.5265128e-14 | G40: =Sp2_C -> 0.56717146 | H40: =IF(ROUND(F40,6)<0,"Case 2",IF(ROUND(F40,6)>G40,"Case 4",IF(ROUND(F40,6)>0,"Case 3","Case 1"))) -> Case 1
B41: 2-2 | C41: =L32 -> 1.5471715 | D41: =L33 -> 0.98 | E41: =L34 -> 1.5471715 | F41: =(K33-(K32+K34)/2)*12 -> 8.5265128e-14 | G41: =Sp2_C -> 0.56717146 | H41: =IF(ROUND(F41,6)<0,"Case 2",IF(ROUND(F41,6)>G41,"Case 4",IF(ROUND(F41,6)>0,"Case 3","Case 1"))) -> Case 1
A43: E. Mathcad deflections by span (in, + up)
B44: Span | C44: Release (max) | D44: 120 day (max) | E44: Non-comp. DL (min) | F44: Composite DL (min) | G44: Sum = NetCamber | H44: Mathcad NetCamber | I44: CONFIG camber | J44: Check
B45: 1 | C45: =MC1_Drel -> 1.3711622 | D45: =MC1_D120 -> 3.3554493 | E45: =MC1_Dnc -> -2.471606 | F45: =MC1_Dc -> -0.75925047 | G45: =D45+E45+F45 -> 0.12459274 | H45: =MC1_Net -> 0.12459274 | I45: =Sp1_C -> 0.12459274 | J45: =IF(AND(ABS(G45-H45)<0.000000001,ABS(H45-I45)<0.000000001),"PASS","FAIL") -> PASS
B46: 2 | C46: =MC2_Drel -> 1.4647226 | D46: =MC2_D120 -> 3.5081218 | E46: =MC2_Dnc -> -2.2498277 | F46: =MC2_Dc -> -0.69112259 | G46: =D46+E46+F46 -> 0.56717146 | H46: =MC2_Net -> 0.56717146 | I46: =Sp2_C -> 0.56717146 | J46: =IF(AND(ABS(G46-H46)<0.000000001,ABS(H46-I46)<0.000000001),"PASS","FAIL") -> PASS

Sheet Camber & Haunch Method
B1: Camber & Haunch - Method | P1: Figure data
B2: Common support drop D, build-up dimensions and the minimum haunch | P2: Live formulas that draw the charts on this tab. Do not edit; change the notebook CONFIG and rebuild.
B3: =IF(Inputs_Edited=0,"LIVE Charts, tables and the numbers quoted in this text are workbook formulas. Inputs match the notebook build (model "&Build_Model&", built "&Build_Time&").",Inputs_Edited&" INPUT(S) EDITED SINCE THE NOTEBOOK BUILD The charts and tables follow the edited inputs, which no longer match the geometry notebook (QC "&QC_Overall&"). Change the notebook CONFIG and rebuild.") -> LIVE Charts, tables and the numbers quoted in this text are workbook formulas. Inputs match the notebook build (model e9b41b8eaf, built 2026-10-19 12:13).
P4: Span 2: camber and haunch over CL beam 1
B5: 1. Beam soffit with camber | P5: Series / label text | Q5: x | R5: y | S5: error +
B6: Within a span, t runs from 0 at bearing A to 1 at bearing B. The soffit follows the PGL chord between bearings, dropped by one common distance D for every support, plus the Mathcad camber as an upward parabola and any entered beam raise r: | P6: Vertical exaggeration | Q6: =40 -> 40
P7: Deck soffit over CL beam 1 | Q7: =Sp2_Bm0+0/40*(Sp2_Bm1-Sp2_Bm0) -> 1700.695 | R7: =((IF(Prof_Mode="parabolic",Prof_Z0+Prof_G1*(($Q$7)-Prof_Sta0)+Prof_Kq*(($Q$7)-Prof_Sta0)^2,IF(($Q$7)<=Prof_PISta,Prof_Z0+Prof_G1*(($Q$7)-Prof_Sta0),Prof_PIZ+Prof_G2*(($Q$7)-Prof_PISta)))+Bm1_dCL-Deck_T)-((Sp2_ZA+(Sp2_ZB-Sp2_ZA)*(($Q$7)-Sp2_BrgA)/Sp2_Lb)-Sup_Drop+Bm_D+Bm1_Raise/12))*$Q$6 -> 5.1572382
Q8: =Sp2_Bm0+1/40*(Sp2_Bm1-Sp2_Bm0) -> 1703.3081 | R8: =((IF(Prof_Mode="parabolic",Prof_Z0+Prof_G1*(($Q$8)-Prof_Sta0)+Prof_Kq*(($Q$8)-Prof_Sta0)^2,IF(($Q$8)<=Prof_PISta,Prof_Z0+Prof_G1*(($Q$8)-Prof_Sta0),Prof_PIZ+Prof_G2*(($Q$8)-Prof_PISta)))+Bm1_dCL-Deck_T)-((Sp2_ZA+(Sp2_ZB-Sp2_ZA)*(($Q$8)-Sp2_BrgA)/Sp2_Lb)-Sup_Drop+Bm_D+Bm1_Raise/12))*$Q$6 -> 5.1572382
Q9: =Sp2_Bm0+2/40*(Sp2_Bm1-Sp2_Bm0) -> 1705.9212 | R9: =((IF(Prof_Mode="parabolic",Prof_Z0+Prof_G1*(($Q$9)-Prof_Sta0)+Prof_Kq*(($Q$9)-Prof_Sta0)^2,IF(($Q$9)<=Prof_PISta,Prof_Z0+Prof_G1*(($Q$9)-Prof_Sta0),Prof_PIZ+Prof_G2*(($Q$9)-Prof_PISta)))+Bm1_dCL-Deck_T)-((Sp2_ZA+(Sp2_ZB-Sp2_ZA)*(($Q$9)-Sp2_BrgA)/Sp2_Lb)-Sup_Drop+Bm_D+Bm1_Raise/12))*$Q$6 -> 5.1572382
Q10: =Sp2_Bm0+3/40*(Sp2_Bm1-Sp2_Bm0) -> 1708.5344 | R10: =((IF(Prof_Mode="parabolic",Prof_Z0+Prof_G1*(($Q$10)-Prof_Sta0)+Prof_Kq*(($Q$10)-Prof_Sta0)^2,IF(($Q$10)<=Prof_PISta,Prof_Z0+Prof_G1*(($Q$10)-Prof_Sta0),Prof_PIZ+Prof_G2*(($Q$10)-Prof_PISta)))+Bm1_dCL-Deck_T)-((Sp2_ZA+(Sp2_ZB-Sp2_ZA)*(($Q$10)-Sp2_BrgA)/Sp2_Lb)-Sup_Drop+Bm_D+Bm1_Raise/12))*$Q$6 -> 5.1572382
Q11: =Sp2_Bm0+4/40*(Sp2_Bm1-Sp2_Bm0) -> 1711.1475 | R11: =((IF(Prof_Mode="parabolic",Prof_Z0+Prof_G1*(($Q$11)-Prof_Sta0)+Prof_Kq*(($Q$11)-Prof_Sta0)^2,IF(($Q$11)<=Prof_PISta,Prof_Z0+Prof_G1*(($Q$11)-Prof_Sta0),Prof_PIZ+Prof_G2*(($Q$11)-Prof_PISta)))+Bm1_dCL-Deck_T)-((Sp2_ZA+(Sp2_ZB-Sp2_ZA)*(($Q$11)-Sp2_BrgA)/Sp2_Lb)-Sup_Drop+Bm_D+Bm1_Raise/12))*$Q$6 -> 5.1572382
Q12: =Sp2_Bm0+5/40*(Sp2_Bm1-Sp2_Bm0) -> 1713.7606 | R12: =((IF(Prof_Mode="parabolic",Prof_Z0+Prof_G1*(($Q$12)-Prof_Sta0)+Prof_Kq*(($Q$12)-Prof_Sta0)^2,IF(($Q$12)<=Prof_PISta,Prof_Z0+Prof_G1*(($Q$12)-Prof_Sta0),Prof_PIZ+Prof_G2*(($Q$12)-Prof_PISta)))+Bm1_dCL-Deck_T)-((Sp2_ZA+(Sp2_ZB-Sp2_ZA)*(($Q$12)-Sp2_BrgA)/Sp2_Lb)-Sup_Drop+Bm_D+Bm1_Raise/12))*$Q$6 -> 5.1572382
Q13: =Sp2_Bm0+6/40*(Sp2_Bm1-Sp2_Bm0) -> 1716.3737 | R13: =((IF(Prof_Mode="parabolic",Prof_Z0+Prof_G1*(($Q$13)-Prof_Sta0)+Prof_Kq*(($Q$13)-Prof_Sta0)^2,IF(($Q$13)<=Prof_PISta,Prof_Z0+Prof_G1*(($Q$13)-Prof_Sta0),Prof_PIZ+Prof_G2*(($Q$13)-Prof_PISta)))+Bm1_dCL-Deck_T)-((Sp2_ZA+(Sp2_ZB-Sp2_ZA)*(($Q$13)-Sp2_BrgA)/Sp2_Lb)-Sup_Drop+Bm_D+Bm1_Raise/12))*$Q$6 -> 5.1572382
B14: 2. Haunch and the exact minimum | Q14: =Sp2_Bm0+7/40*(Sp2_Bm1-Sp2_Bm0) -> 1718.9869 | R14: =((IF(Prof_Mode="parabolic",Prof_Z0+Prof_G1*(($Q$14)-Prof_Sta0)+Prof_Kq*(($Q$14)-Prof_Sta0)^2,IF(($Q$14)<=Prof_PISta,Prof_Z0+Prof_G1*(($Q$14)-Prof_Sta0),Prof_PIZ+Prof_G2*(($Q$14)-Prof_PISta)))+Bm1_dCL-Deck_T)-((Sp2_ZA+(Sp2_ZB-Sp2_ZA)*(($Q$14)-Sp2_BrgA)/Sp2_Lb)-Sup_Drop+Bm_D+Bm1_Raise/12))*$Q$6 -> 5.1572382
Q15: =Sp2_Bm0+8/40*(Sp2_Bm1-Sp2_Bm0) -> 1721.6 | R15: =((IF(Prof_Mode="parabolic",Prof_Z0+Prof_G1*(($Q$15)-Prof_Sta0)+Prof_Kq*(($Q$15)-Prof_Sta0)^2,IF(($Q$15)<=Prof_PISta,Prof_Z0+Prof_G1*(($Q$15)-Prof_Sta0),Prof_PIZ+Prof_G2*(($Q$15)-Prof_PISta)))+Bm1_dCL-Deck_T)-((Sp2_ZA+(Sp2_ZB-Sp2_ZA)*(($Q$15)-Sp2_BrgA)/Sp2_Lb)-Sup_Drop+Bm_D+Bm1_Raise/12))*$Q$6 -> 5.1572382
Q16: =Sp2_Bm0+9/40*(Sp2_Bm1-Sp2_Bm0) -> 1724.2131 | R16: =((IF(Prof_Mode="parabolic",Prof_Z0+Prof_G1*(($Q$16)-Prof_Sta0)+Prof_Kq*(($Q$16)-Prof_Sta0)^2,IF(($Q$16)<=Prof_PISta,Prof_Z0+Prof_G1*(($Q$16)-Prof_Sta0),Prof_PIZ+Prof_G2*(($Q$16)-Prof_PISta)))+Bm1_dCL-Deck_T)-((Sp2_ZA+(Sp2_ZB-Sp2_ZA)*(($Q$16)-Sp2_BrgA)/Sp2_Lb)-Sup_Drop+Bm_D+Bm1_Raise/12))*$Q$6 -> 5.1572382
Q17: =Sp2_Bm0+10/40*(Sp2_Bm1-Sp2_Bm0) -> 1726.8263 | R17: =((IF(Prof_Mode="parabolic",Prof_Z0+Prof_G1*(($Q$17)-Prof_Sta0)+Prof_Kq*(($Q$17)-Prof_Sta0)^2,IF(($Q$17)<=Prof_PISta,Prof_Z0+Prof_G1*(($Q$17)-Prof_Sta0),Prof_PIZ+Prof_G2*(($Q$17)-Prof_PISta)))+Bm1_dCL-Deck_T)-((Sp2_ZA+(Sp2_ZB-Sp2_ZA)*(($Q$17)-Sp2_BrgA)/Sp2_Lb)-Sup_Drop+Bm_D+Bm1_Raise/12))*$Q$6 -> 5.1572382
B18: Because the PGL is straight (brokeback) or a single parabola over each beam, z_PGL - q is itself -k_q L_b^2 t(1-t). The haunch over a beam is therefore an exact quadratic in t, and its minimum on the beam (t from t_lo to t_hi) has a closed form: | Q18: =Sp2_Bm0+11/40*(Sp2_Bm1-Sp2_Bm0) -> 1729.4394 | R18: =((IF(Prof_Mode="parabolic",Prof_Z0+Prof_G1*(($Q$18)-Prof_Sta0)+Prof_Kq*(($Q$18)-Prof_Sta0)^2,IF(($Q$18)<=Prof_PISta,Prof_Z0+Prof_G1*(($Q$18)-Prof_Sta0),Prof_PIZ+Prof_G2*(($Q$18)-Prof_PISta)))+Bm1_dCL-Deck_T)-((Sp2_ZA+(Sp2_ZB-Sp2_ZA)*(($Q$18)-Sp2_BrgA)/Sp2_Lb)-Sup_Drop+Bm_D+Bm1_Raise/12))*$Q$6 -> 5.1572382
Q19: =Sp2_Bm0+12/40*(Sp2_Bm1-Sp2_Bm0) -> 1732.0525 | R19: =((IF(Prof_Mode="parabolic",Prof_Z0+Prof_G1*(($Q$19)-Prof_Sta0)+Prof_Kq*(($Q$19)-Prof_Sta0)^2,IF(($Q$19)<=Prof_PISta,Prof_Z0+Prof_G1*(($Q$19)-Prof_Sta0),Prof_PIZ+Prof_G2*(($Q$19)-Prof_PISta)))+Bm1_dCL-Deck_T)-((Sp2_ZA+(Sp2_ZB-Sp2_ZA)*(($Q$19)-Sp2_BrgA)/Sp2_Lb)-Sup_Drop+Bm_D+Bm1_Raise/12))*$Q$6 -> 5.1572382
Q20: =Sp2_Bm0+13/40*(Sp2_Bm1-Sp2_Bm0) -> 1734.6656 | R20: =((IF(Prof_Mode="parabolic",Prof_Z0+Prof_G1*(($Q$20)-Prof_Sta0)+Prof_Kq*(($Q$20)-Prof_Sta0)^2,IF(($Q$20)<=Prof_PISta,Prof_Z0+Prof_G1*(($Q$20)-Prof_Sta0),Prof_PIZ+Prof_G2*(($Q$20)-Prof_PISta)))+Bm1_dCL-Deck_T)-((Sp2_ZA+(Sp2_ZB-Sp2_ZA)*(($Q$20)-Sp2_BrgA)/Sp2_Lb)-Sup_Drop+Bm_D+Bm1_Raise/12))*$Q$6 -> 5.1572382
Q21: =Sp2_Bm0+14/40*(Sp2_Bm1-Sp2_Bm0) -> 1737.2787 | R21: =((IF(Prof_Mode="parabolic",Prof_Z0+Prof_G1*(($Q$21)-Prof_Sta0)+Prof_Kq*(($Q$21)-Prof_Sta0)^2,IF(($Q$21)<=Prof_PISta,Prof_Z0+Prof_G1*(($Q$21)-Prof_Sta0),Prof_PIZ+Prof_G2*(($Q$21)-Prof_PISta)))+Bm1_dCL-Deck_T)-((Sp2_ZA+(Sp2_ZB-Sp2_ZA)*(($Q$21)-Sp2_BrgA)/Sp2_Lb)-Sup_Drop+Bm_D+Bm1_Raise/12))*$Q$6 -> 5.1572382
Q22: =Sp2_Bm0+15/40*(Sp2_Bm1-Sp2_Bm0) -> 1739.8919 | R22: =((IF(Prof_Mode="parabolic",Prof_Z0+Prof_G1*(($Q$22)-Prof_Sta0)+Prof_Kq*(($Q$22)-Prof_Sta0)^2,IF(($Q$22)<=Prof_PISta,Prof_Z0+Prof_G1*(($Q$22)-Prof_Sta0),Prof_PIZ+Prof_G2*(($Q$22)-Prof_PISta)))+Bm1_dCL-Deck_T)-((Sp2_ZA+(Sp2_ZB-Sp2_ZA)*(($Q$22)-Sp2_BrgA)/Sp2_Lb)-Sup_Drop+Bm_D+Bm1_Raise/12))*$Q$6 -> 5.1572382
Q23: =Sp2_Bm0+16/40*(Sp2_Bm1-Sp2_Bm0) -> 1742.505 | R23: =((IF(Prof_Mode="parabolic",Prof_Z0+Prof_G1*(($Q$23)-Prof_Sta0)+Prof_Kq*(($Q$23)-Prof_Sta0)^2,IF(($Q$23)<=Prof_PISta,Prof_Z0+Prof_G1*(($Q$23)-Prof_Sta0),Prof_PIZ+Prof_G2*(($Q$23)-Prof_PISta)))+Bm1_dCL-Deck_T)-((Sp2_ZA+(Sp2_ZB-Sp2_ZA)*(($Q$23)-Sp2_BrgA)/Sp2_Lb)-Sup_Drop+Bm_D+Bm1_Raise/12))*$Q$6 -> 5.1572382
Q24: =Sp2_Bm0+17/40*(Sp2_Bm1-Sp2_Bm0) -> 1745.1181 | R24: =((IF(Prof_Mode="parabolic",Prof_Z0+Prof_G1*(($Q$24)-Prof_Sta0)+Prof_Kq*(($Q$24)-Prof_Sta0)^2,IF(($Q$24)<=Prof_PISta,Prof_Z0+Prof_G1*(($Q$24)-Prof_Sta0),Prof_PIZ+Prof_G2*(($Q$24)-Prof_PISta)))+Bm1_dCL-Deck_T)-((Sp2_ZA+(Sp2_ZB-Sp2_ZA)*(($Q$24)-Sp2_BrgA)/Sp2_Lb)-Sup_Drop+Bm_D+Bm1_Raise/12))*$Q$6 -> 5.1572382
B25: t = 1/2 always lies on the beam, so m/4 covers upward camber; the end terms cover a net sag. The notebook finds the same minimum by locating every quadratic extremum between breakpoints. One common drop then enforces the required minimum haunch everywhere: | Q25: =Sp2_Bm0+18/40*(Sp2_Bm1-Sp2_Bm0) -> 1747.7313 | R25: =((IF(Prof_Mode="parabolic",Prof_Z0+Prof_G1*(($Q$25)-Prof_Sta0)+Prof_Kq*(($Q$25)-Prof_Sta0)^2,IF(($Q$25)<=Prof_PISta,Prof_Z0+Prof_G1*(($Q$25)-Prof_Sta0),Prof_PIZ+Prof_G2*(($Q$25)-Prof_PISta)))+Bm1_dCL-Deck_T)-((Sp2_ZA+(Sp2_ZB-Sp2_ZA)*(($Q$25)-Sp2_BrgA)/Sp2_Lb)-Sup_Drop+Bm_D+Bm1_Raise/12))*$Q$6 -> 5.1572382
Q26: =Sp2_Bm0+19/40*(Sp2_Bm1-Sp2_Bm0) -> 1750.3444 | R26: =((IF(Prof_Mode="parabolic",Prof_Z0+Prof_G1*(($Q$26)-Prof_Sta0)+Prof_Kq*(($Q$26)-Prof_Sta0)^2,IF(($Q$26)<=Prof_PISta,Prof_Z0+Prof_G1*(($Q$26)-Prof_Sta0),Prof_PIZ+Prof_G2*(($Q$26)-Prof_PISta)))+Bm1_dCL-Deck_T)-((Sp2_ZA+(Sp2_ZB-Sp2_ZA)*(($Q$26)-Sp2_BrgA)/Sp2_Lb)-Sup_Drop+Bm_D+Bm1_Raise/12))*$Q$6 -> 5.1572382
Q27: =Sp2_Bm0+20/40*(Sp2_Bm1-Sp2_Bm0) -> 1752.9575 | R27: =((IF(Prof_Mode="parabolic",Prof_Z0+Prof_G1*(($Q$27)-Prof_Sta0)+Prof_Kq*(($Q$27)-Prof_Sta0)^2,IF(($Q$27)<=Prof_PISta,Prof_Z0+Prof_G1*(($Q$27)-Prof_Sta0),Prof_PIZ+Prof_G2*(($Q$27)-Prof_PISta)))+Bm1_dCL-Deck_T)-((Sp2_ZA+(Sp2_ZB-Sp2_ZA)*(($Q$27)-Sp2_BrgA)/Sp2_Lb)-Sup_Drop+Bm_D+Bm1_Raise/12))*$Q$6 -> 5.1572382
Q28: =Sp2_Bm0+21/40*(Sp2_Bm1-Sp2_Bm0) -> 1755.5706 | R28: =((IF(Prof_Mode="parabolic",Prof_Z0+Prof_G1*(($Q$28)-Prof_Sta0)+Prof_Kq*(($Q$28)-Prof_Sta0)^2,IF(($Q$28)<=Prof_PISta,Prof_Z0+Prof_G1*(($Q$28)-Prof_Sta0),Prof_PIZ+Prof_G2*(($Q$28)-Prof_PISta)))+Bm1_dCL-Deck_T)-((Sp2_ZA+(Sp2_ZB-Sp2_ZA)*(($Q$28)-Sp2_BrgA)/Sp2_Lb)-Sup_Drop+Bm_D+Bm1_Raise/12))*$Q$6 -> 5.1572382
B29: ="Current: D = "&TEXT(Sup_Drop,"0.0000000000")&" ft. The minimum flange haunch "&TEXT(Haunch_Min,"0.000000")&" in (required "&TEXT(Bm_Hmin,"General")&" in) is on beam "&INDEX('Camber & Haunch'!$B$13:$B$16,MATCH(Haunch_Min,'Camber & Haunch'!$F$13:$F$16,0))&"." -> Current: D = 3.7147642886 ft. The minimum flange haunch 0.500000 in (required 0.5 in) is on beam 2-1. | Q29: =Sp2_Bm0+22/40*(Sp2_Bm1-Sp2_Bm0) -> 1758.1837 | R29: =((IF(Prof_Mode="parabolic",Prof_Z0+Prof_G1*(($Q$29)-Prof_Sta0)+Prof_Kq*(($Q$29)-Prof_Sta0)^2,IF(($Q$29)<=Prof_PISta,Prof_Z0+Prof_G1*(($Q$29)-Prof_Sta0),Prof_PIZ+Prof_G2*(($Q$29)-Prof_PISta)))+Bm1_dCL-Deck_T)-((Sp2_ZA+(Sp2_ZB-Sp2_ZA)*(($Q$29)-Sp2_BrgA)/Sp2_Lb)-Sup_Drop+Bm_D+Bm1_Raise/12))*$Q$6 -> 5.1572382
Q30: =Sp2_Bm0+23/40*(Sp2_Bm1-Sp2_Bm0) -> 1760.7969 | R30: =((IF(Prof_Mode="parabolic",Prof_Z0+Prof_G1*(($Q$30)-Prof_Sta0)+Prof_Kq*(($Q$30)-Prof_Sta0)^2,IF(($Q$30)<=Prof_PISta,Prof_Z0+Prof_G1*(($Q$30)-Prof_Sta0),Prof_PIZ+Prof_G2*(($Q$30)-Prof_PISta)))+Bm1_dCL-Deck_T)-((Sp2_ZA+(Sp2_ZB-Sp2_ZA)*(($Q$30)-Sp2_BrgA)/Sp2_Lb)-Sup_Drop+Bm_D+Bm1_Raise/12))*$Q$6 -> 5.1572382
Q31: =Sp2_Bm0+24/40*(Sp2_Bm1-Sp2_Bm0) -> 1763.41 | R31: =((IF(Prof_Mode="parabolic",Prof_Z0+Prof_G1*(($Q$31)-Prof_Sta0)+Prof_Kq*(($Q$31)-Prof_Sta0)^2,IF(($Q$31)<=Prof_PISta,Prof_Z0+Prof_G1*(($Q$31)-Prof_Sta0),Prof_PIZ+Prof_G2*(($Q$31)-Prof_PISta)))+Bm1_dCL-Deck_T)-((Sp2_ZA+(Sp2_ZB-Sp2_ZA)*(($Q$31)-Sp2_BrgA)/Sp2_Lb)-Sup_Drop+Bm_D+Bm1_Raise/12))*$Q$6 -> 5.1572382
Q32: =Sp2_Bm0+25/40*(Sp2_Bm1-Sp2_Bm0) -> 1766.0231 | R32: =((IF(Prof_Mode="parabolic",Prof_Z0+Prof_G1*(($Q$32)-Prof_Sta0)+Prof_Kq*(($Q$32)-Prof_Sta0)^2,IF(($Q$32)<=Prof_PISta,Prof_Z0+Prof_G1*(($Q$32)-Prof_Sta0),Prof_PIZ+Prof_G2*(($Q$32)-Prof_PISta)))+Bm1_dCL-Deck_T)-((Sp2_ZA+(Sp2_ZB-Sp2_ZA)*(($Q$32)-Sp2_BrgA)/Sp2_Lb)-Sup_Drop+Bm_D+Bm1_Raise/12))*$Q$6 -> 5.1572382
Q33: =Sp2_Bm0+26/40*(Sp2_Bm1-Sp2_Bm0) -> 1768.6363 | R33: =((IF(Prof_Mode="parabolic",Prof_Z0+Prof_G1*(($Q$33)-Prof_Sta0)+Prof_Kq*(($Q$33)-Prof_Sta0)^2,IF(($Q$33)<=Prof_PISta,Prof_Z0+Prof_G1*(($Q$33)-Prof_Sta0),Prof_PIZ+Prof_G2*(($Q$33)-Prof_PISta)))+Bm1_dCL-Deck_T)-((Sp2_ZA+(Sp2_ZB-Sp2_ZA)*(($Q$33)-Sp2_BrgA)/Sp2_Lb)-Sup_Drop+Bm_D+Bm1_Raise/12))*$Q$6 -> 5.1572382
Q34: =Sp2_Bm0+27/40*(Sp2_Bm1-Sp2_Bm0) -> 1771.2494 | R34: =((IF(Prof_Mode="parabolic",Prof_Z0+Prof_G1*(($Q$34)-Prof_Sta0)+Prof_Kq*(($Q$34)-Prof_Sta0)^2,IF(($Q$34)<=Prof_PISta,Prof_Z0+Prof_G1*(($Q$34)-Prof_Sta0),Prof_PIZ+Prof_G2*(($Q$34)-Prof_PISta)))+Bm1_dCL-Deck_T)-((Sp2_ZA+(Sp2_ZB-Sp2_ZA)*(($Q$34)-Sp2_BrgA)/Sp2_Lb)-Sup_Drop+Bm_D+Bm1_Raise/12))*$Q$6 -> 5.1572382
Q35: =Sp2_Bm0+28/40*(Sp2_Bm1-Sp2_Bm0) -> 1773.8625 | R35: =((IF(Prof_Mode="parabolic",Prof_Z0+Prof_G1*(($Q$35)-Prof_Sta0)+Prof_Kq*(($Q$35)-Prof_Sta0)^2,IF(($Q$35)<=Prof_PISta,Prof_Z0+Prof_G1*(($Q$35)-Prof_Sta0),Prof_PIZ+Prof_G2*(($Q$35)-Prof_PISta)))+Bm1_dCL-Deck_T)-((Sp2_ZA+(Sp2_ZB-Sp2_ZA)*(($Q$35)-Sp2_BrgA)/Sp2_Lb)-Sup_Drop+Bm_D+Bm1_Raise/12))*$Q$6 -> 5.1572382
Q36: =Sp2_Bm0+29/40*(Sp2_Bm1-Sp2_Bm0) -> 1776.4756 | R36: =((IF(Prof_Mode="parabolic",Prof_Z0+Prof_G1*(($Q$36)-Prof_Sta0)+Prof_Kq*(($Q$36)-Prof_Sta0)^2,IF(($Q$36)<=Prof_PISta,Prof_Z0+Prof_G1*(($Q$36)-Prof_Sta0),Prof_PIZ+Prof_G2*(($Q$36)-Prof_PISta)))+Bm1_dCL-Deck_T)-((Sp2_ZA+(Sp2_ZB-Sp2_ZA)*(($Q$36)-Sp2_BrgA)/Sp2_Lb)-Sup_Drop+Bm_D+Bm1_Raise/12))*$Q$6 -> 5.1572382
Q37: =Sp2_Bm0+30/40*(Sp2_Bm1-Sp2_Bm0) -> 1779.0887 | R37: =((IF(Prof_Mode="parabolic",Prof_Z0+Prof_G1*(($Q$37)-Prof_Sta0)+Prof_Kq*(($Q$37)-Prof_Sta0)^2,IF(($Q$37)<=Prof_PISta,Prof_Z0+Prof_G1*(($Q$37)-Prof_Sta0),Prof_PIZ+Prof_G2*(($Q$37)-Prof_PISta)))+Bm1_dCL-Deck_T)-((Sp2_ZA+(Sp2_ZB-Sp2_ZA)*(($Q$37)-Sp2_BrgA)/Sp2_Lb)-Sup_Drop+Bm_D+Bm1_Raise/12))*$Q$6 -> 5.1572382
Q38: =Sp2_Bm0+31/40*(Sp2_Bm1-Sp2_Bm0) -> 1781.7019 | R38: =((IF(Prof_Mode="parabolic",Prof_Z0+Prof_G1*(($Q$38)-Prof_Sta0)+Prof_Kq*(($Q$38)-Prof_Sta0)^2,IF(($Q$38)<=Prof_PISta,Prof_Z0+Prof_G1*(($Q$38)-Prof_Sta0),Prof_PIZ+Prof_G2*(($Q$38)-Prof_PISta)))+Bm1_dCL-Deck_T)-((Sp2_ZA+(Sp2_ZB-Sp2_ZA)*(($Q$38)-Sp2_BrgA)/Sp2_Lb)-Sup_Drop+Bm_D+Bm1_Raise/12))*$Q$6 -> 5.1572382
Q39: =Sp2_Bm0+32/40*(Sp2_Bm1-Sp2_Bm0) -> 1784.315 | R39: =((IF(Prof_Mode="parabolic",Prof_Z0+Prof_G1*(($Q$39)-Prof_Sta0)+Prof_Kq*(($Q$39)-Prof_Sta0)^2,IF(($Q$39)<=Prof_PISta,Prof_Z0+Prof_G1*(($Q$39)-Prof_Sta0),Prof_PIZ+Prof_G2*(($Q$39)-Prof_PISta)))+Bm1_dCL-Deck_T)-((Sp2_ZA+(Sp2_ZB-Sp2_ZA)*(($Q$39)-Sp2_BrgA)/Sp2_Lb)-Sup_Drop+Bm_D+Bm1_Raise/12))*$Q$6 -> 5.1572382
Q40: =Sp2_Bm0+33/40*(Sp2_Bm1-Sp2_Bm0) -> 1786.9281 | R40: =((IF(Prof_Mode="parabolic",Prof_Z0+Prof_G1*(($Q$40)-Prof_Sta0)+Prof_Kq*(($Q$40)-Prof_Sta0)^2,IF(($Q$40)<=Prof_PISta,Prof_Z0+Prof_G1*(($Q$40)-Prof_Sta0),Prof_PIZ+Prof_G2*(($Q$40)-Prof_PISta)))+Bm1_dCL-Deck_T)-((Sp2_ZA+(Sp2_ZB-Sp2_ZA)*(($Q$40)-Sp2_BrgA)/Sp2_Lb)-Sup_Drop+Bm_D+Bm1_Raise/12))*$Q$6 -> 5.1572382
Q41: =Sp2_Bm0+34/40*(Sp2_Bm1-Sp2_Bm0) -> 1789.5412 | R41: =((IF(Prof_Mode="parabolic",Prof_Z0+Prof_G1*(($Q$41)-Prof_Sta0)+Prof_Kq*(($Q$41)-Prof_Sta0)^2,IF(($Q$41)<=Prof_PISta,Prof_Z0+Prof_G1*(($Q$41)-Prof_Sta0),Prof_PIZ+Prof_G2*(($Q$41)-Prof_PISta)))+Bm1_dCL-Deck_T)-((Sp2_ZA+(Sp2_ZB-Sp2_ZA)*(($Q$41)-Sp2_BrgA)/Sp2_Lb)-Sup_Drop+Bm_D+Bm1_Raise/12))*$Q$6 -> 5.1572382
Q42: =Sp2_Bm0+35/40*(Sp2_Bm1-Sp2_Bm0) -> 1792.1544 | R42: =((IF(Prof_Mode="parabolic",Prof_Z0+Prof_G1*(($Q$42)-Prof_Sta0)+Prof_Kq*(($Q$42)-Prof_Sta0)^2,IF(($Q$42)<=Prof_PISta,Prof_Z0+Prof_G1*(($Q$42)-Prof_Sta0),Prof_PIZ+Prof_G2*(($Q$42)-Prof_PISta)))+Bm1_dCL-Deck_T)-((Sp2_ZA+(Sp2_ZB-Sp2_ZA)*(($Q$42)-Sp2_BrgA)/Sp2_Lb)-Sup_Drop+Bm_D+Bm1_Raise/12))*$Q$6 -> 5.1572382
Q43: =Sp2_Bm0+36/40*(Sp2_Bm1-Sp2_Bm0) -> 1794.7675 | R43: =((IF(Prof_Mode="parabolic",Prof_Z0+Prof_G1*(($Q$43)-Prof_Sta0)+Prof_Kq*(($Q$43)-Prof_Sta0)^2,IF(($Q$43)<=Prof_PISta,Prof_Z0+Prof_G1*(($Q$43)-Prof_Sta0),Prof_PIZ+Prof_G2*(($Q$43)-Prof_PISta)))+Bm1_dCL-Deck_T)-((Sp2_ZA+(Sp2_ZB-Sp2_ZA)*(($Q$43)-Sp2_BrgA)/Sp2_Lb)-Sup_Drop+Bm_D+Bm1_Raise/12))*$Q$6 -> 5.1572382
Q44: =Sp2_Bm0+37/40*(Sp2_Bm1-Sp2_Bm0) -> 1797.3806 | R44: =((IF(Prof_Mode="parabolic",Prof_Z0+Prof_G1*(($Q$44)-Prof_Sta0)+Prof_Kq*(($Q$44)-Prof_Sta0)^2,IF(($Q$44)<=Prof_PISta,Prof_Z0+Prof_G1*(($Q$44)-Prof_Sta0),Prof_PIZ+Prof_G2*(($Q$44)-Prof_PISta)))+Bm1_dCL-Deck_T)-((Sp2_ZA+(Sp2_ZB-Sp2_ZA)*(($Q$44)-Sp2_BrgA)/Sp2_Lb)-Sup_Drop+Bm_D+Bm1_Raise/12))*$Q$6 -> 5.1572382
Q45: =Sp2_Bm0+38/40*(Sp2_Bm1-Sp2_Bm0) -> 1799.9938 | R45: =((IF(Prof_Mode="parabolic",Prof_Z0+Prof_G1*(($Q$45)-Prof_Sta0)+Prof_Kq*(($Q$45)-Prof_Sta0)^2,IF(($Q$45)<=Prof_PISta,Prof_Z0+Prof_G1*(($Q$45)-Prof_Sta0),Prof_PIZ+Prof_G2*(($Q$45)-Prof_PISta)))+Bm1_dCL-Deck_T)-((Sp2_ZA+(Sp2_ZB-Sp2_ZA)*(($Q$45)-Sp2_BrgA)/Sp2_Lb)-Sup_Drop+Bm_D+Bm1_Raise/12))*$Q$6 -> 5.1572382
Q46: =Sp2_Bm0+39/40*(Sp2_Bm1-Sp2_Bm0) -> 1802.6069 | R46: =((IF(Prof_Mode="parabolic",Prof_Z0+Prof_G1*(($Q$46)-Prof_Sta0)+Prof_Kq*(($Q$46)-Prof_Sta0)^2,IF(($Q$46)<=Prof_PISta,Prof_Z0+Prof_G1*(($Q$46)-Prof_Sta0),Prof_PIZ+Prof_G2*(($Q$46)-Prof_PISta)))+Bm1_dCL-Deck_T)-((Sp2_ZA+(Sp2_ZB-Sp2_ZA)*(($Q$46)-Sp2_BrgA)/Sp2_Lb)-Sup_Drop+Bm_D+Bm1_Raise/12))*$Q$6 -> 5.1572382
B47: ="Figure 1. Span 2 over CL beam 1: deck soffit, cambered beam top (C = "&TEXT(Sp2_C,"0.000")&" in) and the haunch between them (shaded), vertical scale x40 about the zero-camber beam top. Dims B, C and D are read from section D." -> Figure 1. Span 2 over CL beam 1: deck soffit, cambered beam top (C = 0.567 in) and the haunch between them (shaded), vertical scale x40 about the zero-camber beam top. Dims B, C and D are read from section D. | Q47: =Sp2_Bm0+40/40*(Sp2_Bm1-Sp2_Bm0) -> 1805.22 | R47: =((IF(Prof_Mode="parabolic",Prof_Z0+Prof_G1*(($Q$47)-Prof_Sta0)+Prof_Kq*(($Q$47)-Prof_Sta0)^2,IF(($Q$47)<=Prof_PISta,Prof_Z0+Prof_G1*(($Q$47)-Prof_Sta0),Prof_PIZ+Prof_G2*(($Q$47)-Prof_PISta)))+Bm1_dCL-Deck_T)-((Sp2_ZA+(Sp2_ZB-Sp2_ZA)*(($Q$47)-Sp2_BrgA)/Sp2_Lb)-Sup_Drop+Bm_D+Bm1_Raise/12))*$Q$6 -> 5.1572382
P49: Cambered beam top | Q49: =Sp2_Bm0+0/40*(Sp2_Bm1-Sp2_Bm0) -> 1700.695 | R49: =(((Sp2_ZA+(Sp2_ZB-Sp2_ZA)*((($Q$49)-Sp2_BrgA)/Sp2_Lb)-Sup_Drop+Sp2_C/3*((($Q$49)-Sp2_BrgA)/Sp2_Lb)*(1-((($Q$49)-Sp2_BrgA)/Sp2_Lb))+(Bm1_Raise)/12)+Bm_D)-((Sp2_ZA+(Sp2_ZB-Sp2_ZA)*(($Q$49)-Sp2_BrgA)/Sp2_Lb)-Sup_Drop+Bm_D+Bm1_Raise/12))*$Q$6 -> -0.055452594 | S49: =((IF(Prof_Mode="parabolic",Prof_Z0+Prof_G1*(($Q$49)-Prof_Sta0)+Prof_Kq*(($Q$49)-Prof_Sta0)^2,IF(($Q$49)<=Prof_PISta,Prof_Z0+Prof_G1*(($Q$49)-Prof_Sta0),Prof_PIZ+Prof_G2*(($Q$49)-Prof_PISta)))+Bm1_dCL-Deck_T)-((Sp2_ZA+(Sp2_ZB-Sp2_ZA)*((($Q$49)-Sp2_BrgA)/Sp2_Lb)-Sup_Drop+Sp2_C/3*((($Q$49)-Sp2_BrgA)/Sp2_Lb)*(1-((($Q$49)-Sp2_BrgA)/Sp2_Lb))+(Bm1_Raise)/12)+Bm_D))*$Q$6 -> 5.2126908
Q50: =Sp2_Bm0+1/40*(Sp2_Bm1-Sp2_Bm0) -> 1703.3081 | R50: =(((Sp2_ZA+(Sp2_ZB-Sp2_ZA)*((($Q$50)-Sp2_BrgA)/Sp2_Lb)-Sup_Drop+Sp2_C/3*((($Q$50)-Sp2_BrgA)/Sp2_Lb)*(1-((($Q$50)-Sp2_BrgA)/Sp2_Lb))+(Bm1_Raise)/12)+Bm_D)-((Sp2_ZA+(Sp2_ZB-Sp2_ZA)*(($Q$50)-Sp2_BrgA)/Sp2_Lb)-Sup_Drop+Bm_D+Bm1_Raise/12))*$Q$6 -> 0.13428476 | S50: =((IF(Prof_Mode="parabolic",Prof_Z0+Prof_G1*(($Q$50)-Prof_Sta0)+Prof_Kq*(($Q$50)-Prof_Sta0)^2,IF(($Q$50)<=Prof_PISta,Prof_Z0+Prof_G1*(($Q$50)-Prof_Sta0),Prof_PIZ+Prof_G2*(($Q$50)-Prof_PISta)))+Bm1_dCL-Deck_T)-((Sp2_ZA+(Sp2_ZB-Sp2_ZA)*((($Q$50)-Sp2_BrgA)/Sp2_Lb)-Sup_Drop+Sp2_C/3*((($Q$50)-Sp2_BrgA)/Sp2_Lb)*(1-((($Q$50)-Sp2_BrgA)/Sp2_Lb))+(Bm1_Raise)/12)+Bm_D))*$Q$6 -> 5.0229535
Q51: =Sp2_Bm0+2/40*(Sp2_Bm1-Sp2_Bm0) -> 1705.9212 | R51: =(((Sp2_ZA+(Sp2_ZB-Sp2_ZA)*((($Q$51)-Sp2_BrgA)/Sp2_Lb)-Sup_Drop+Sp2_C/3*((($Q$51)-Sp2_BrgA)/Sp2_Lb)*(1-((($Q$51)-Sp2_BrgA)/Sp2_Lb))+(Bm1_Raise)/12)+Bm_D)-((Sp2_ZA+(Sp2_ZB-Sp2_ZA)*(($Q$51)-Sp2_BrgA)/Sp2_Lb)-Sup_Drop+Bm_D+Bm1_Raise/12))*$Q$6 -> 0.31429199 | S51: =((IF(Prof_Mode="parabolic",Prof_Z0+Prof_G1*(($Q$51)-Prof_Sta0)+Prof_Kq*(($Q$51)-Prof_Sta0)^2,IF(($Q$51)<=Prof_PISta,Prof_Z0+Prof_G1*(($Q$51)-Prof_Sta0),Prof_PIZ+Prof_G2*(($Q$51)-Prof_PISta)))+Bm1_dCL-Deck_T)-((Sp2_ZA+(Sp2_ZB-Sp2_ZA)*((($Q$51)-Sp2_BrgA)/Sp2_Lb)-Sup_Drop+Sp2_C/3*((($Q$51)-Sp2_BrgA)/Sp2_Lb)*(1-((($Q$51)-Sp2_BrgA)/Sp2_Lb))+(Bm1_Raise)/12)+Bm_D))*$Q$6 -> 4.8429462
Q52: =Sp2_Bm0+3/40*(Sp2_Bm1-Sp2_Bm0) -> 1708.5344 | R52: =(((Sp2_ZA+(Sp2_ZB-Sp2_ZA)*((($Q$52)-Sp2_BrgA)/Sp2_Lb)-Sup_Drop+Sp2_C/3*((($Q$52)-Sp2_BrgA)/Sp2_Lb)*(1-((($Q$52)-Sp2_BrgA)/Sp2_Lb))+(Bm1_Raise)/12)+Bm_D)-((Sp2_ZA+(Sp2_ZB-Sp2_ZA)*(($Q$52)-Sp2_BrgA)/Sp2_Lb)-Sup_Drop+Bm_D+Bm1_Raise/12))*$Q$6 -> 0.4845691 | S52: =((IF(Prof_Mode="parabolic",Prof_Z0+Prof_G1*(($Q$52)-Prof_Sta0)+Prof_Kq*(($Q$52)-Prof_Sta0)^2,IF(($Q$52)<=Prof_PISta,Prof_Z0+Prof_G1*(($Q$52)-Prof_Sta0),Prof_PIZ+Prof_G2*(($Q$52)-Prof_PISta)))+Bm1_dCL-Deck_T)-((Sp2_ZA+(Sp2_ZB-Sp2_ZA)*((($Q$52)-Sp2_BrgA)/Sp2_Lb)-Sup_Drop+Sp2_C/3*((($Q$52)-Sp2_BrgA)/Sp2_Lb)*(1-((($Q$52)-Sp2_BrgA)/Sp2_Lb))+(Bm1_Raise)/12)+Bm_D))*$Q$6 -> 4.6726691
Q53: =Sp2_Bm0+4/40*(Sp2_Bm1-Sp2_Bm0) -> 1711.1475 | R53: =(((Sp2_ZA+(Sp2_ZB-Sp2_ZA)*((($Q$53)-Sp2_BrgA)/Sp2_Lb)-Sup_Drop+Sp2_C/3*((($Q$53)-Sp2_BrgA)/Sp2_Lb)*(1-((($Q$53)-Sp2_BrgA)/Sp2_Lb))+(Bm1_Raise)/12)+Bm_D)-((Sp2_ZA+(Sp2_ZB-Sp2_ZA)*(($Q$53)-Sp2_BrgA)/Sp2_Lb)-Sup_Drop+Bm_D+Bm1_Raise/12))*$Q$6 -> 0.6451161 | S53: =((IF(Prof_Mode="parabolic",Prof_Z0+Prof_G1*(($Q$53)-Prof_Sta0)+Prof_Kq*(($Q$53)-Prof_Sta0)^2,IF(($Q$53)<=Prof_PISta,Prof_Z0+Prof_G1*(($Q$53)-Prof_Sta0),Prof_PIZ+Prof_G2*(($Q$53)-Prof_PISta)))+Bm1_dCL-Deck_T)-((Sp2_ZA+(Sp2_ZB-Sp2_ZA)*((($Q$53)-Sp2_BrgA)/Sp2_Lb)-Sup_Drop+Sp2_C/3*((($Q$53)-Sp2_BrgA)/Sp2_Lb)*(1-((($Q$53)-Sp2_BrgA)/Sp2_Lb))+(Bm1_Raise)/12)+Bm_D))*$Q$6 -> 4.5121221
Q54: =Sp2_Bm0+5/40*(Sp2_Bm1-Sp2_Bm0) -> 1713.7606 | R54: =(((Sp2_ZA+(Sp2_ZB-Sp2_ZA)*((($Q$54)-Sp2_BrgA)/Sp2_Lb)-Sup_Drop+Sp2_C/3*((($Q$54)-Sp2_BrgA)/Sp2_Lb)*(1-((($Q$54)-Sp2_BrgA)/Sp2_Lb))+(Bm1_Raise)/12)+Bm_D)-((Sp2_ZA+(Sp2_ZB-Sp2_ZA)*(($Q$54)-Sp2_BrgA)/Sp2_Lb)-Sup_Drop+Bm_D+Bm1_Raise/12))*$Q$6 -> 0.79593297 | S54: =((IF(Prof_Mode="parabolic",Prof_Z0+Prof_G1*(($Q$54)-Prof_Sta0)+Prof_Kq*(($Q$54)-Prof_Sta0)^2,IF(($Q$54)<=Prof_PISta,Prof_Z0+Prof_G1*(($Q$54)-Prof_Sta0),Prof_PIZ+Prof_G2*(($Q$54)-Prof_PISta)))+Bm1_dCL-Deck_T)-((Sp2_ZA+(Sp2_ZB-Sp2_ZA)*((($Q$54)-Sp2_BrgA)/Sp2_Lb)-Sup_Drop+Sp2_C/3*((($Q$54)-Sp2_BrgA)/Sp2_Lb)*(1-((($Q$54)-Sp2_BrgA)/Sp2_Lb))+(Bm1_Raise)/12)+Bm_D))*$Q$6 -> 4.3613052
Q55: =Sp2_Bm0+6/40*(Sp2_Bm1-Sp2_Bm0) -> 1716.3737 | R55: =(((Sp2_ZA+(Sp2_ZB-Sp2_ZA)*((($Q$55)-Sp2_BrgA)/Sp2_Lb)-Sup_Drop+Sp2_C/3*((($Q$55)-Sp2_BrgA)/Sp2_Lb)*(1-((($Q$55)-Sp2_BrgA)/Sp2_Lb))+(Bm1_Raise)/12)+Bm_D)-((Sp2_ZA+(Sp2_ZB-Sp2_ZA)*(($Q$55)-Sp2_BrgA)/Sp2_Lb)-Sup_Drop+Bm_D+Bm1_Raise/12))*$Q$6 -> 0.93701972 | S55: =((IF(Prof_Mode="parabolic",Prof_Z0+Prof_G1*(($Q$55)-Prof_Sta0)+Prof_Kq*(($Q$55)-Prof_Sta0)^2,IF(($Q$55)<=Prof_PISta,Prof_Z0+Prof_G1*(($Q$55)-Prof_Sta0),Prof_PIZ+Prof_G2*(($Q$55)-Prof_PISta)))+Bm1_dCL-Deck_T)-((Sp2_ZA+(Sp2_ZB-Sp2_ZA)*((($Q$55)-Sp2_BrgA)/Sp2_Lb)-Sup_Drop+Sp2_C/3*((($Q$55)-Sp2_BrgA)/Sp2_Lb)*(1-((($Q$55)-Sp2_BrgA)/Sp2_Lb))+(Bm1_Raise)/12)+Bm_D))*$Q$6 -> 4.2202185
Q56: =Sp2_Bm0+7/40*(Sp2_Bm1-Sp2_Bm0) -> 1718.9869 | R56: =(((Sp2_ZA+(Sp2_ZB-Sp2_ZA)*((($Q$56)-Sp2_BrgA)/Sp2_Lb)-Sup_Drop+Sp2_C/3*((($Q$56)-Sp2_BrgA)/Sp2_Lb)*(1-((($Q$56)-Sp2_BrgA)/Sp2_Lb))+(Bm1_Raise)/12)+Bm_D)-((Sp2_ZA+(Sp2_ZB-Sp2_ZA)*(($Q$56)-Sp2_BrgA)/Sp2_Lb)-Sup_Drop+Bm_D+Bm1_Raise/12))*$Q$6 -> 1.0683763 | S56: =((IF(Prof_Mode="parabolic",Prof_Z0+Prof_G1*(($Q$56)-Prof_Sta0)+Prof_Kq*(($Q$56)-Prof_Sta0)^2,IF(($Q$56)<=Prof_PISta,Prof_Z0+Prof_G1*(($Q$56)-Prof_Sta0),Prof_PIZ+Prof_G2*(($Q$56)-Prof_PISta)))+Bm1_dCL-Deck_T)-((Sp2_ZA+(Sp2_ZB-Sp2_ZA)*((($Q$56)-Sp2_BrgA)/Sp2_Lb)-Sup_Drop+Sp2_C/3*((($Q$56)-Sp2_BrgA)/Sp2_Lb)*(1-((($Q$56)-Sp2_BrgA)/Sp2_Lb))+(Bm1_Raise)/12)+Bm_D))*$Q$6 -> 4.0888619
Q57: =Sp2_Bm0+8/40*(Sp2_Bm1-Sp2_Bm0) -> 1721.6 | R57: =(((Sp2_ZA+(Sp2_ZB-Sp2_ZA)*((($Q$57)-Sp2_BrgA)/Sp2_Lb)-Sup_Drop+Sp2_C/3*((($Q$57)-Sp2_BrgA)/Sp2_Lb)*(1-((($Q$57)-Sp2_BrgA)/Sp2_Lb))+(Bm1_Raise)/12)+Bm_D)-((Sp2_ZA+(Sp2_ZB-Sp2_ZA)*(($Q$57)-Sp2_BrgA)/Sp2_Lb)-Sup_Drop+Bm_D+Bm1_Raise/12))*$Q$6 -> 1.1900029 | S57: =((IF(Prof_Mode="parabolic",Prof_Z0+Prof_G1*(($Q$57)-Prof_Sta0)+Prof_Kq*(($Q$57)-Prof_Sta0)^2,IF(($Q$57)<=Prof_PISta,Prof_Z0+Prof_G1*(($Q$57)-Prof_Sta0),Prof_PIZ+Prof_G2*(($Q$57)-Prof_PISta)))+Bm1_dCL-Deck_T)-((Sp2_ZA+(Sp2_ZB-Sp2_ZA)*((($Q$57)-Sp2_BrgA)/Sp2_Lb)-Sup_Drop+Sp2_C/3*((($Q$57)-Sp2_BrgA)/Sp2_Lb)*(1-((($Q$57)-Sp2_BrgA)/Sp2_Lb))+(Bm1_Raise)/12)+Bm_D))*$Q$6 -> 3.9672354
Q58: =Sp2_Bm0+9/40*(Sp2_Bm1-Sp2_Bm0) -> 1724.2131 | R58: =(((Sp2_ZA+(Sp2_ZB-Sp2_ZA)*((($Q$58)-Sp2_BrgA)/Sp2_Lb)-Sup_Drop+Sp2_C/3*((($Q$58)-Sp2_BrgA)/Sp2_Lb)*(1-((($Q$58)-Sp2_BrgA)/Sp2_Lb))+(Bm1_Raise)/12)+Bm_D)-((Sp2_ZA+(Sp2_ZB-Sp2_ZA)*(($Q$58)-Sp2_BrgA)/Sp2_Lb)-Sup_Drop+Bm_D+Bm1_Raise/12))*$Q$6 -> 1.3018992 | S58: =((IF(Prof_Mode="parabolic",Prof_Z0+Prof_G1*(($Q$58)-Prof_Sta0)+Prof_Kq*(($Q$58)-Prof_Sta0)^2,IF(($Q$58)<=Prof_PISta,Prof_Z0+Prof_G1*(($Q$58)-Prof_Sta0),Prof_PIZ+Prof_G2*(($Q$58)-Prof_PISta)))+Bm1_dCL-Deck_T)-((Sp2_ZA+(Sp2_ZB-Sp2_ZA)*((($Q$58)-Sp2_BrgA)/Sp2_Lb)-Sup_Drop+Sp2_C/3*((($Q$58)-Sp2_BrgA)/Sp2_Lb)*(1-((($Q$58)-Sp2_BrgA)/Sp2_Lb))+(Bm1_Raise)/12)+Bm_D))*$Q$6 -> 3.855339
Q59: =Sp2_Bm0+10/40*(Sp2_Bm1-Sp2_Bm0) -> 1726.8263 | R59: =(((Sp2_ZA+(Sp2_ZB-Sp2_ZA)*((($Q$59)-Sp2_BrgA)/Sp2_Lb)-Sup_Drop+Sp2_C/3*((($Q$59)-Sp2_BrgA)/Sp2_Lb)*(1-((($Q$59)-Sp2_BrgA)/Sp2_Lb))+(Bm1_Raise)/12)+Bm_D)-((Sp2_ZA+(Sp2_ZB-Sp2_ZA)*(($Q$59)-Sp2_BrgA)/Sp2_Lb)-Sup_Drop+Bm_D+Bm1_Raise/12))*$Q$6 -> 1.4040655 | S59: =((IF(Prof_Mode="parabolic",Prof_Z0+Prof_G1*(($Q$59)-Prof_Sta0)+Prof_Kq*(($Q$59)-Prof_Sta0)^2,IF(($Q$59)<=Prof_PISta,Prof_Z0+Prof_G1*(($Q$59)-Prof_Sta0),Prof_PIZ+Prof_G2*(($Q$59)-Prof_PISta)))+Bm1_dCL-Deck_T)-((Sp2_ZA+(Sp2_ZB-Sp2_ZA)*((($Q$59)-Sp2_BrgA)/Sp2_Lb)-Sup_Drop+Sp2_C/3*((($Q$59)-Sp2_BrgA)/Sp2_Lb)*(1-((($Q$59)-Sp2_BrgA)/Sp2_Lb))+(Bm1_Raise)/12)+Bm_D))*$Q$6 -> 3.7531727
Q60: =Sp2_Bm0+11/40*(Sp2_Bm1-Sp2_Bm0) -> 1729.4394 | R60: =(((Sp2_ZA+(Sp2_ZB-Sp2_ZA)*((($Q$60)-Sp2_BrgA)/Sp2_Lb)-Sup_Drop+Sp2_C/3*((($Q$60)-Sp2_BrgA)/Sp2_Lb)*(1-((($Q$60)-Sp2_BrgA)/Sp2_Lb))+(Bm1_Raise)/12)+Bm_D)-((Sp2_ZA+(Sp2_ZB-Sp2_ZA)*(($Q$60)-Sp2_BrgA)/Sp2_Lb)-Sup_Drop+Bm_D+Bm1_Raise/12))*$Q$6 -> 1.4965017 | S60: =((IF(Prof_Mode="parabolic",Prof_Z0+Prof_G1*(($Q$60)-Prof_Sta0)+Prof_Kq*(($Q$60)-Prof_Sta0)^2,IF(($Q$60)<=Prof_PISta,Prof_Z0+Prof_G1*(($Q$60)-Prof_Sta0),Prof_PIZ+Prof_G2*(($Q$60)-Prof_PISta)))+Bm1_dCL-Deck_T)-((Sp2_ZA+(Sp2_ZB-Sp2_ZA)*((($Q$60)-Sp2_BrgA)/Sp2_Lb)-Sup_Drop+Sp2_C/3*((($Q$60)-Sp2_BrgA)/Sp2_Lb)*(1-((($Q$60)-Sp2_BrgA)/Sp2_Lb))+(Bm1_Raise)/12)+Bm_D))*$Q$6 -> 3.6607366
Q61: =Sp2_Bm0+12/40*(Sp2_Bm1-Sp2_Bm0) -> 1732.0525 | R61: =(((Sp2_ZA+(Sp2_ZB-Sp2_ZA)*((($Q$61)-Sp2_BrgA)/Sp2_Lb)-Sup_Drop+Sp2_C/3*((($Q$61)-Sp2_BrgA)/Sp2_Lb)*(1-((($Q$61)-Sp2_BrgA)/Sp2_Lb))+(Bm1_Raise)/12)+Bm_D)-((Sp2_ZA+(Sp2_ZB-Sp2_ZA)*(($Q$61)-Sp2_BrgA)/Sp2_Lb)-Sup_Drop+Bm_D+Bm1_Raise/12))*$Q$6 -> 1.5792077 | S61: =((IF(Prof_Mode="parabolic",Prof_Z0+Prof_G1*(($Q$61)-Prof_Sta0)+Prof_Kq*(($Q$61)-Prof_Sta0)^2,IF(($Q$61)<=Prof_PISta,Prof_Z0+Prof_G1*(($Q$61)-Prof_Sta0),Prof_PIZ+Prof_G2*(($Q$61)-Prof_PISta)))+Bm1_dCL-Deck_T)-((Sp2_ZA+(Sp2_ZB-Sp2_ZA)*((($Q$61)-Sp2_BrgA)/Sp2_Lb)-Sup_Drop+Sp2_C/3*((($Q$61)-Sp2_BrgA)/Sp2_Lb)*(1-((($Q$61)-Sp2_BrgA)/Sp2_Lb))+(Bm1_Raise)/12)+Bm_D))*$Q$6 -> 3.5780305
Q62: =Sp2_Bm0+13/40*(Sp2_Bm1-Sp2_Bm0) -> 1734.6656 | R62: =(((Sp2_ZA+(Sp2_ZB-Sp2_ZA)*((($Q$62)-Sp2_BrgA)/Sp2_Lb)-Sup_Drop+Sp2_C/3*((($Q$62)-Sp2_BrgA)/Sp2_Lb)*(1-((($Q$62)-Sp2_BrgA)/Sp2_Lb))+(Bm1_Raise)/12)+Bm_D)-((Sp2_ZA+(Sp2_ZB-Sp2_ZA)*(($Q$62)-Sp2_BrgA)/Sp2_Lb)-Sup_Drop+Bm_D+Bm1_Raise/12))*$Q$6 -> 1.6521836 | S62: =((IF(Prof_Mode="parabolic",Prof_Z0+Prof_G1*(($Q$62)-Prof_Sta0)+Prof_Kq*(($Q$62)-Prof_Sta0)^2,IF(($Q$62)<=Prof_PISta,Prof_Z0+Prof_G1*(($Q$62)-Prof_Sta0),Prof_PIZ+Prof_G2*(($Q$62)-Prof_PISta)))+Bm1_dCL-Deck_T)-((Sp2_ZA+(Sp2_ZB-Sp2_ZA)*((($Q$62)-Sp2_BrgA)/Sp2_Lb)-Sup_Drop+Sp2_C/3*((($Q$62)-Sp2_BrgA)/Sp2_Lb)*(1-((($Q$62)-Sp2_BrgA)/Sp2_Lb))+(Bm1_Raise)/12)+Bm_D))*$Q$6 -> 3.5050546
Q63: =Sp2_Bm0+14/40*(Sp2_Bm1-Sp2_Bm0) -> 1737.2787 | R63: =(((Sp2_ZA+(Sp2_ZB-Sp2_ZA)*((($Q$63)-Sp2_BrgA)/Sp2_Lb)-Sup_Drop+Sp2_C/3*((($Q$63)-Sp2_BrgA)/Sp2_Lb)*(1-((($Q$63)-Sp2_BrgA)/Sp2_Lb))+(Bm1_Raise)/12)+Bm_D)-((Sp2_ZA+(Sp2_ZB-Sp2_ZA)*(($Q$63)-Sp2_BrgA)/Sp2_Lb)-Sup_Drop+Bm_D+Bm1_Raise/12))*$Q$6 -> 1.7154294 | S63: =((IF(Prof_Mode="parabolic",Prof_Z0+Prof_G1*(($Q$63)-Prof_Sta0)+Prof_Kq*(($Q$63)-Prof_Sta0)^2,IF(($Q$63)<=Prof_PISta,Prof_Z0+Prof_G1*(($Q$63)-Prof_Sta0),Prof_PIZ+Prof_G2*(($Q$63)-Prof_PISta)))+Bm1_dCL-Deck_T)-((Sp2_ZA+(Sp2_ZB-Sp2_ZA)*((($Q$63)-Sp2_BrgA)/Sp2_Lb)-Sup_Drop+Sp2_C/3*((($Q$63)-Sp2_BrgA)/Sp2_Lb)*(1-((($Q$63)-Sp2_BrgA)/Sp2_Lb))+(Bm1_Raise)/12)+Bm_D))*$Q$6 -> 3.4418088
Q64: =Sp2_Bm0+15/40*(Sp2_Bm1-Sp2_Bm0) -> 1739.8919 | R64: =(((Sp2_ZA+(Sp2_ZB-Sp2_ZA)*((($Q$64)-Sp2_BrgA)/Sp2_Lb)-Sup_Drop+Sp2_C/3*((($Q$64)-Sp2_BrgA)/Sp2_Lb)*(1-((($Q$64)-Sp2_BrgA)/Sp2_Lb))+(Bm1_Raise)/12)+Bm_D)-((Sp2_ZA+(Sp2_ZB-Sp2_ZA)*(($Q$64)-Sp2_BrgA)/Sp2_Lb)-Sup_Drop+Bm_D+Bm1_Raise/12))*$Q$6 -> 1.768945 | S64: =((IF(Prof_Mode="parabolic",Prof_Z0+Prof_G1*(($Q$64)-Prof_Sta0)+Prof_Kq*(($Q$64)-Prof_Sta0)^2,IF(($Q$64)<=Prof_PISta,Prof_Z0+Prof_G1*(($Q$64)-Prof_Sta0),Prof_PIZ+Prof_G2*(($Q$64)-Prof_PISta)))+Bm1_dCL-Deck_T)-((Sp2_ZA+(Sp2_ZB-Sp2_ZA)*((($Q$64)-Sp2_BrgA)/Sp2_Lb)-Sup_Drop+Sp2_C/3*((($Q$64)-Sp2_BrgA)/Sp2_Lb)*(1-((($Q$64)-Sp2_BrgA)/Sp2_Lb))+(Bm1_Raise)/12)+Bm_D))*$Q$6 -> 3.3882932
B65: ="Figure 2. Span 1 over CL beam 1: deck soffit, cambered beam top (C = "&TEXT(Sp1_C,"0.000")&" in) and the haunch between them (shaded), vertical scale x40 about the zero-camber beam top. Dims B, C and D are read from section D." -> Figure 2. Span 1 over CL beam 1: deck soffit, cambered beam top (C = 0.125 in) and the haunch between them (shaded), vertical scale x40 about the zero-camber beam top. Dims B, C and D are read from section D. | Q65: =Sp2_Bm0+16/40*(Sp2_Bm1-Sp2_Bm0) -> 1742.505 | R65: =(((Sp2_ZA+(Sp2_ZB-Sp2_ZA)*((($Q$65)-Sp2_BrgA)/Sp2_Lb)-Sup_Drop+Sp2_C/3*((($Q$65)-Sp2_BrgA)/Sp2_Lb)*(1-((($Q$65)-Sp2_BrgA)/Sp2_Lb))+(Bm1_Raise)/12)+Bm_D)-((Sp2_ZA+(Sp2_ZB-Sp2_ZA)*(($Q$65)-Sp2_BrgA)/Sp2_Lb)-Sup_Drop+Bm_D+Bm1_Raise/12))*$Q$6 -> 1.8127306 | S65: =((IF(Prof_Mode="parabolic",Prof_Z0+Prof_G1*(($Q$65)-Prof_Sta0)+Prof_Kq*(($Q$65)-Prof_Sta0)^2,IF(($Q$65)<=Prof_PISta,Prof_Z0+Prof_G1*(($Q$65)-Prof_Sta0),Prof_PIZ+Prof_G2*(($Q$65)-Prof_PISta)))+Bm1_dCL-Deck_T)-((Sp2_ZA+(Sp2_ZB-Sp2_ZA)*((($Q$65)-Sp2_BrgA)/Sp2_Lb)-Sup_Drop+Sp2_C/3*((($Q$65)-Sp2_BrgA)/Sp2_Lb)*(1-((($Q$65)-Sp2_BrgA)/Sp2_Lb))+(Bm1_Raise)/12)+Bm_D))*$Q$6 -> 3.3445076
Q66: =Sp2_Bm0+17/40*(Sp2_Bm1-Sp2_Bm0) -> 1745.1181 | R66: =(((Sp2_ZA+(Sp2_ZB-Sp2_ZA)*((($Q$66)-Sp2_BrgA)/Sp2_Lb)-Sup_Drop+Sp2_C/3*((($Q$66)-Sp2_BrgA)/Sp2_Lb)*(1-((($Q$66)-Sp2_BrgA)/Sp2_Lb))+(Bm1_Raise)/12)+Bm_D)-((Sp2_ZA+(Sp2_ZB-Sp2_ZA)*(($Q$66)-Sp2_BrgA)/Sp2_Lb)-Sup_Drop+Bm_D+Bm1_Raise/12))*$Q$6 -> 1.846786 | S66: =((IF(Prof_Mode="parabolic",Prof_Z0+Prof_G1*(($Q$66)-Prof_Sta0)+Prof_Kq*(($Q$66)-Prof_Sta0)^2,IF(($Q$66)<=Prof_PISta,Prof_Z0+Prof_G1*(($Q$66)-Prof_Sta0),Prof_PIZ+Prof_G2*(($Q$66)-Prof_PISta)))+Bm1_dCL-Deck_T)-((Sp2_ZA+(Sp2_ZB-Sp2_ZA)*((($Q$66)-Sp2_BrgA)/Sp2_Lb)-Sup_Drop+Sp2_C/3*((($Q$66)-Sp2_BrgA)/Sp2_Lb)*(1-((($Q$66)-Sp2_BrgA)/Sp2_Lb))+(Bm1_Raise)/12)+Bm_D))*$Q$6 -> 3.3104522
B67: 3. Build-up dimensions and case | Q67: =Sp2_Bm0+18/40*(Sp2_Bm1-Sp2_Bm0) -> 1747.7313 | R67: =(((Sp2_ZA+(Sp2_ZB-Sp2_ZA)*((($Q$67)-Sp2_BrgA)/Sp2_Lb)-Sup_Drop+Sp2_C/3*((($Q$67)-Sp2_BrgA)/Sp2_Lb)*(1-((($Q$67)-Sp2_BrgA)/Sp2_Lb))+(Bm1_Raise)/12)+Bm_D)-((Sp2_ZA+(Sp2_ZB-Sp2_ZA)*(($Q$67)-Sp2_BrgA)/Sp2_Lb)-Sup_Drop+Bm_D+Bm1_Raise/12))*$Q$6 -> 1.8711113 | S67: =((IF(Prof_Mode="parabolic",Prof_Z0+Prof_G1*(($Q$67)-Prof_Sta0)+Prof_Kq*(($Q$67)-Prof_Sta0)^2,IF(($Q$67)<=Prof_PISta,Prof_Z0+Prof_G1*(($Q$67)-Prof_Sta0),Prof_PIZ+Prof_G2*(($Q$67)-Prof_PISta)))+Bm1_dCL-Deck_T)-((Sp2_ZA+(Sp2_ZB-Sp2_ZA)*((($Q$67)-Sp2_BrgA)/Sp2_Lb)-Sup_Drop+Sp2_C/3*((($Q$67)-Sp2_BrgA)/Sp2_Lb)*(1-((($Q$67)-Sp2_BrgA)/Sp2_Lb))+(Bm1_Raise)/12)+Bm_D))*$Q$6 -> 3.2861269
B68: Dims B, C and D are the haunch over the beam centerline at the begin bearing, midspan and end bearing. The build-up case follows the BCC template rule using the vertical-curve mid-ordinate of the FGE over the beam centerline: | Q68: =Sp2_Bm0+19/40*(Sp2_Bm1-Sp2_Bm0) -> 1750.3444 | R68: =(((Sp2_ZA+(Sp2_ZB-Sp2_ZA)*((($Q$68)-Sp2_BrgA)/Sp2_Lb)-Sup_Drop+Sp2_C/3*((($Q$68)-Sp2_BrgA)/Sp2_Lb)*(1-((($Q$68)-Sp2_BrgA)/Sp2_Lb))+(Bm1_Raise)/12)+Bm_D)-((Sp2_ZA+(Sp2_ZB-Sp2_ZA)*(($Q$68)-Sp2_BrgA)/Sp2_Lb)-Sup_Drop+Bm_D+Bm1_Raise/12))*$Q$6 -> 1.8857065 | S68: =((IF(Prof_Mode="parabolic",Prof_Z0+Prof_G1*(($Q$68)-Prof_Sta0)+Prof_Kq*(($Q$68)-Prof_Sta0)^2,IF(($Q$68)<=Prof_PISta,Prof_Z0+Prof_G1*(($Q$68)-Prof_Sta0),Prof_PIZ+Prof_G2*(($Q$68)-Prof_PISta)))+Bm1_dCL-Deck_T)-((Sp2_ZA+(Sp2_ZB-Sp2_ZA)*((($Q$68)-Sp2_BrgA)/Sp2_Lb)-Sup_Drop+Sp2_C/3*((($Q$68)-Sp2_BrgA)/Sp2_Lb)*(1-((($Q$68)-Sp2_BrgA)/Sp2_Lb))+(Bm1_Raise)/12)+Bm_D))*$Q$6 -> 3.2715317
Q69: =Sp2_Bm0+20/40*(Sp2_Bm1-Sp2_Bm0) -> 1752.9575 | R69: =(((Sp2_ZA+(Sp2_ZB-Sp2_ZA)*((($Q$69)-Sp2_BrgA)/Sp2_Lb)-Sup_Drop+Sp2_C/3*((($Q$69)-Sp2_BrgA)/Sp2_Lb)*(1-((($Q$69)-Sp2_BrgA)/Sp2_Lb))+(Bm1_Raise)/12)+Bm_D)-((Sp2_ZA+(Sp2_ZB-Sp2_ZA)*(($Q$69)-Sp2_BrgA)/Sp2_Lb)-Sup_Drop+Bm_D+Bm1_Raise/12))*$Q$6 -> 1.8905715 | S69: =((IF(Prof_Mode="parabolic",Prof_Z0+Prof_G1*(($Q$69)-Prof_Sta0)+Prof_Kq*(($Q$69)-Prof_Sta0)^2,IF(($Q$69)<=Prof_PISta,Prof_Z0+Prof_G1*(($Q$69)-Prof_Sta0),Prof_PIZ+Prof_G2*(($Q$69)-Prof_PISta)))+Bm1_dCL-Deck_T)-((Sp2_ZA+(Sp2_ZB-Sp2_ZA)*((($Q$69)-Sp2_BrgA)/Sp2_Lb)-Sup_Drop+Sp2_C/3*((($Q$69)-Sp2_BrgA)/Sp2_Lb)*(1-((($Q$69)-Sp2_BrgA)/Sp2_Lb))+(Bm1_Raise)/12)+Bm_D))*$Q$6 -> 3.2666667
Q70: =Sp2_Bm0+21/40*(Sp2_Bm1-Sp2_Bm0) -> 1755.5706 | R70: =(((Sp2_ZA+(Sp2_ZB-Sp2_ZA)*((($Q$70)-Sp2_BrgA)/Sp2_Lb)-Sup_Drop+Sp2_C/3*((($Q$70)-Sp2_BrgA)/Sp2_Lb)*(1-((($Q$70)-Sp2_BrgA)/Sp2_Lb))+(Bm1_Raise)/12)+Bm_D)-((Sp2_ZA+(Sp2_ZB-Sp2_ZA)*(($Q$70)-Sp2_BrgA)/Sp2_Lb)-Sup_Drop+Bm_D+Bm1_Raise/12))*$Q$6 -> 1.8857065 | S70: =((IF(Prof_Mode="parabolic",Prof_Z0+Prof_G1*(($Q$70)-Prof_Sta0)+Prof_Kq*(($Q$70)-Prof_Sta0)^2,IF(($Q$70)<=Prof_PISta,Prof_Z0+Prof_G1*(($Q$70)-Prof_Sta0),Prof_PIZ+Prof_G2*(($Q$70)-Prof_PISta)))+Bm1_dCL-Deck_T)-((Sp2_ZA+(Sp2_ZB-Sp2_ZA)*((($Q$70)-Sp2_BrgA)/Sp2_Lb)-Sup_Drop+Sp2_C/3*((($Q$70)-Sp2_BrgA)/Sp2_Lb)*(1-((($Q$70)-Sp2_BrgA)/Sp2_Lb))+(Bm1_Raise)/12)+Bm_D))*$Q$6 -> 3.2715317
Q71: =Sp2_Bm0+22/40*(Sp2_Bm1-Sp2_Bm0) -> 1758.1837 | R71: =(((Sp2_ZA+(Sp2_ZB-Sp2_ZA)*((($Q$71)-Sp2_BrgA)/Sp2_Lb)-Sup_Drop+Sp2_C/3*((($Q$71)-Sp2_BrgA)/Sp2_Lb)*(1-((($Q$71)-Sp2_BrgA)/Sp2_Lb))+(Bm1_Raise)/12)+Bm_D)-((Sp2_ZA+(Sp2_ZB-Sp2_ZA)*(($Q$71)-Sp2_BrgA)/Sp2_Lb)-Sup_Drop+Bm_D+Bm1_Raise/12))*$Q$6 -> 1.8711113 | S71: =((IF(Prof_Mode="parabolic",Prof_Z0+Prof_G1*(($Q$71)-Prof_Sta0)+Prof_Kq*(($Q$71)-Prof_Sta0)^2,IF(($Q$71)<=Prof_PISta,Prof_Z0+Prof_G1*(($Q$71)-Prof_Sta0),Prof_PIZ+Prof_G2*(($Q$71)-Prof_PISta)))+Bm1_dCL-Deck_T)-((Sp2_ZA+(Sp2_ZB-Sp2_ZA)*((($Q$71)-Sp2_BrgA)/Sp2_Lb)-Sup_Drop+Sp2_C/3*((($Q$71)-Sp2_BrgA)/Sp2_Lb)*(1-((($Q$71)-Sp2_BrgA)/Sp2_Lb))+(Bm1_Raise)/12)+Bm_D))*$Q$6 -> 3.2861269
B72: =IF(COUNTIF('Camber & Haunch'!$H$38:$H$41,"Case 1")=4,"A straight PGL in each span gives R_m = 0, so every beam is Case 1.","Not every beam is Case 1; see section D of the Camber & Haunch tab.") -> A straight PGL in each span gives R_m = 0, so every beam is Case 1. | Q72: =Sp2_Bm0+23/40*(Sp2_Bm1-Sp2_Bm0) -> 1760.7969 | R72: =(((Sp2_ZA+(Sp2_ZB-Sp2_ZA)*((($Q$72)-Sp2_BrgA)/Sp2_Lb)-Sup_Drop+Sp2_C/3*((($Q$72)-Sp2_BrgA)/Sp2_Lb)*(1-((($Q$72)-Sp2_BrgA)/Sp2_Lb))+(Bm1_Raise)/12)+Bm_D)-((Sp2_ZA+(Sp2_ZB-Sp2_ZA)*(($Q$72)-Sp2_BrgA)/Sp2_Lb)-Sup_Drop+Bm_D+Bm1_Raise/12))*$Q$6 -> 1.846786 | S72: =((IF(Prof_Mode="parabolic",Prof_Z0+Prof_G1*(($Q$72)-Prof_Sta0)+Prof_Kq*(($Q$72)-Prof_Sta0)^2,IF(($Q$72)<=Prof_PISta,Prof_Z0+Prof_G1*(($Q$72)-Prof_Sta0),Prof_PIZ+Prof_G2*(($Q$72)-Prof_PISta)))+Bm1_dCL-Deck_T)-((Sp2_ZA+(Sp2_ZB-Sp2_ZA)*((($Q$72)-Sp2_BrgA)/Sp2_Lb)-Sup_Drop+Sp2_C/3*((($Q$72)-Sp2_BrgA)/Sp2_Lb)*(1-((($Q$72)-Sp2_BrgA)/Sp2_Lb))+(Bm1_Raise)/12)+Bm_D))*$Q$6 -> 3.3104522
B73: Symbol | C73: Meaning | H73: Workbook name / location | K73: Units / value | Q73: =Sp2_Bm0+24/40*(Sp2_Bm1-Sp2_Bm0) -> 1763.41 | R73: =(((Sp2_ZA+(Sp2_ZB-Sp2_ZA)*((($Q$73)-Sp2_BrgA)/Sp2_Lb)-Sup_Drop+Sp2_C/3*((($Q$73)-Sp2_BrgA)/Sp2_Lb)*(1-((($Q$73)-Sp2_BrgA)/Sp2_Lb))+(Bm1_Raise)/12)+Bm_D)-((Sp2_ZA+(Sp2_ZB-Sp2_ZA)*(($Q$73)-Sp2_BrgA)/Sp2_Lb)-Sup_Drop+Bm_D+Bm1_Raise/12))*$Q$6 -> 1.8127306 | S73: =((IF(Prof_Mode="parabolic",Prof_Z0+Prof_G1*(($Q$73)-Prof_Sta0)+Prof_Kq*(($Q$73)-Prof_Sta0)^2,IF(($Q$73)<=Prof_PISta,Prof_Z0+Prof_G1*(($Q$73)-Prof_Sta0),Prof_PIZ+Prof_G2*(($Q$73)-Prof_PISta)))+Bm1_dCL-Deck_T)-((Sp2_ZA+(Sp2_ZB-Sp2_ZA)*((($Q$73)-Sp2_BrgA)/Sp2_Lb)-Sup_Drop+Sp2_C/3*((($Q$73)-Sp2_BrgA)/Sp2_Lb)*(1-((($Q$73)-Sp2_BrgA)/Sp2_Lb))+(Bm1_Raise)/12)+Bm_D))*$Q$6 -> 3.3445076
B74: C | C74: Net camber (Mathcad NetCamber) | H74: Sp1_C, Sp2_C | K74: in | Q74: =Sp2_Bm0+25/40*(Sp2_Bm1-Sp2_Bm0) -> 1766.0231 | R74: =(((Sp2_ZA+(Sp2_ZB-Sp2_ZA)*((($Q$74)-Sp2_BrgA)/Sp2_Lb)-Sup_Drop+Sp2_C/3*((($Q$74)-Sp2_BrgA)/Sp2_Lb)*(1-((($Q$74)-Sp2_BrgA)/Sp2_Lb))+(Bm1_Raise)/12)+Bm_D)-((Sp2_ZA+(Sp2_ZB-Sp2_ZA)*(($Q$74)-Sp2_BrgA)/Sp2_Lb)-Sup_Drop+Bm_D+Bm1_Raise/12))*$Q$6 -> 1.768945 | S74: =((IF(Prof_Mode="parabolic",Prof_Z0+Prof_G1*(($Q$74)-Prof_Sta0)+Prof_Kq*(($Q$74)-Prof_Sta0)^2,IF(($Q$74)<=Prof_PISta,Prof_Z0+Prof_G1*(($Q$74)-Prof_Sta0),Prof_PIZ+Prof_G2*(($Q$74)-Prof_PISta)))+Bm1_dCL-Deck_T)-((Sp2_ZA+(Sp2_ZB-Sp2_ZA)*((($Q$74)-Sp2_BrgA)/Sp2_Lb)-Sup_Drop+Sp2_C/3*((($Q$74)-Sp2_BrgA)/Sp2_Lb)*(1-((($Q$74)-Sp2_BrgA)/Sp2_Lb))+(Bm1_Raise)/12)+Bm_D))*$Q$6 -> 3.3882932
B75: D | C75: Common support drop | H75: Sup_Drop | K75: ft | Q75: =Sp2_Bm0+26/40*(Sp2_Bm1-Sp2_Bm0) -> 1768.6363 | R75: =(((Sp2_ZA+(Sp2_ZB-Sp2_ZA)*((($Q$75)-Sp2_BrgA)/Sp2_Lb)-Sup_Drop+Sp2_C/3*((($Q$75)-Sp2_BrgA)/Sp2_Lb)*(1-((($Q$75)-Sp2_BrgA)/Sp2_Lb))+(Bm1_Raise)/12)+Bm_D)-((Sp2_ZA+(Sp2_ZB-Sp2_ZA)*(($Q$75)-Sp2_BrgA)/Sp2_Lb)-Sup_Drop+Bm_D+Bm1_Raise/12))*$Q$6 -> 1.7154294 | S75: =((IF(Prof_Mode="parabolic",Prof_Z0+Prof_G1*(($Q$75)-Prof_Sta0)+Prof_Kq*(($Q$75)-Prof_Sta0)^2,IF(($Q$75)<=Prof_PISta,Prof_Z0+Prof_G1*(($Q$75)-Prof_Sta0),Prof_PIZ+Prof_G2*(($Q$75)-Prof_PISta)))+Bm1_dCL-Deck_T)-((Sp2_ZA+(Sp2_ZB-Sp2_ZA)*((($Q$75)-Sp2_BrgA)/Sp2_Lb)-Sup_Drop+Sp2_C/3*((($Q$75)-Sp2_BrgA)/Sp2_Lb)*(1-((($Q$75)-Sp2_BrgA)/Sp2_Lb))+(Bm1_Raise)/12)+Bm_D))*$Q$6 -> 3.4418088
B76: td, db, hreq | C76: Deck thickness, beam depth, minimum haunch | H76: Deck_T, Bm_D, Bm_Hmin | K76: ft, ft, in | Q76: =Sp2_Bm0+27/40*(Sp2_Bm1-Sp2_Bm0) -> 1771.2494 | R76: =(((Sp2_ZA+(Sp2_ZB-Sp2_ZA)*((($Q$76)-Sp2_BrgA)/Sp2_Lb)-Sup_Drop+Sp2_C/3*((($Q$76)-Sp2_BrgA)/Sp2_Lb)*(1-((($Q$76)-Sp2_BrgA)/Sp2_Lb))+(Bm1_Raise)/12)+Bm_D)-((Sp2_ZA+(Sp2_ZB-Sp2_ZA)*(($Q$76)-Sp2_BrgA)/Sp2_Lb)-Sup_Drop+Bm_D+Bm1_Raise/12))*$Q$6 -> 1.6521836 | S76: =((IF(Prof_Mode="parabolic",Prof_Z0+Prof_G1*(($Q$76)-Prof_Sta0)+Prof_Kq*(($Q$76)-Prof_Sta0)^2,IF(($Q$76)<=Prof_PISta,Prof_Z0+Prof_G1*(($Q$76)-Prof_Sta0),Prof_PIZ+Prof_G2*(($Q$76)-Prof_PISta)))+Bm1_dCL-Deck_T)-((Sp2_ZA+(Sp2_ZB-Sp2_ZA)*((($Q$76)-Sp2_BrgA)/Sp2_Lb)-Sup_Drop+Sp2_C/3*((($Q$76)-Sp2_BrgA)/Sp2_Lb)*(1-((($Q$76)-Sp2_BrgA)/Sp2_Lb))+(Bm1_Raise)/12)+Bm_D))*$Q$6 -> 3.5050546
B77: m, W | C77: Haunch curvature term and its maximum on the beam | H77: Sp1_m, Sp1_W ... | K77: ft | Q77: =Sp2_Bm0+28/40*(Sp2_Bm1-Sp2_Bm0) -> 1773.8625 | R77: =(((Sp2_ZA+(Sp2_ZB-Sp2_ZA)*((($Q$77)-Sp2_BrgA)/Sp2_Lb)-Sup_Drop+Sp2_C/3*((($Q$77)-Sp2_BrgA)/Sp2_Lb)*(1-((($Q$77)-Sp2_BrgA)/Sp2_Lb))+(Bm1_Raise)/12)+Bm_D)-((Sp2_ZA+(Sp2_ZB-Sp2_ZA)*(($Q$77)-Sp2_BrgA)/Sp2_Lb)-Sup_Drop+Bm_D+Bm1_Raise/12))*$Q$6 -> 1.5792077 | S77: =((IF(Prof_Mode="parabolic",Prof_Z0+Prof_G1*(($Q$77)-Prof_Sta0)+Prof_Kq*(($Q$77)-Prof_Sta0)^2,IF(($Q$77)<=Prof_PISta,Prof_Z0+Prof_G1*(($Q$77)-Prof_Sta0),Prof_PIZ+Prof_G2*(($Q$77)-Prof_PISta)))+Bm1_dCL-Deck_T)-((Sp2_ZA+(Sp2_ZB-Sp2_ZA)*((($Q$77)-Sp2_BrgA)/Sp2_Lb)-Sup_Drop+Sp2_C/3*((($Q$77)-Sp2_BrgA)/Sp2_Lb)*(1-((($Q$77)-Sp2_BrgA)/Sp2_Lb))+(Bm1_Raise)/12)+Bm_D))*$Q$6 -> 3.5780305
B78: B, C, D dims | C78: Build-up over CL beam at begin, mid, end | H78: Camber & Haunch section D | K78: in | Q78: =Sp2_Bm0+29/40*(Sp2_Bm1-Sp2_Bm0) -> 1776.4756 | R78: =(((Sp2_ZA+(Sp2_ZB-Sp2_ZA)*((($Q$78)-Sp2_BrgA)/Sp2_Lb)-Sup_Drop+Sp2_C/3*((($Q$78)-Sp2_BrgA)/Sp2_Lb)*(1-((($Q$78)-Sp2_BrgA)/Sp2_Lb))+(Bm1_Raise)/12)+Bm_D)-((Sp2_ZA+(Sp2_ZB-Sp2_ZA)*(($Q$78)-Sp2_BrgA)/Sp2_Lb)-Sup_Drop+Bm_D+Bm1_Raise/12))*$Q$6 -> 1.4965017 | S78: =((IF(Prof_Mode="parabolic",Prof_Z0+Prof_G1*(($Q$78)-Prof_Sta0)+Prof_Kq*(($Q$78)-Prof_Sta0)^2,IF(($Q$78)<=Prof_PISta,Prof_Z0+Prof_G1*(($Q$78)-Prof_Sta0),Prof_PIZ+Prof_G2*(($Q$78)-Prof_PISta)))+Bm1_dCL-Deck_T)-((Sp2_ZA+(Sp2_ZB-Sp2_ZA)*((($Q$78)-Sp2_BrgA)/Sp2_Lb)-Sup_Drop+Sp2_C/3*((($Q$78)-Sp2_BrgA)/Sp2_Lb)*(1-((($Q$78)-Sp2_BrgA)/Sp2_Lb))+(Bm1_Raise)/12)+Bm_D))*$Q$6 -> 3.6607366
Q79: =Sp2_Bm0+30/40*(Sp2_Bm1-Sp2_Bm0) -> 1779.0887 | R79: =(((Sp2_ZA+(Sp2_ZB-Sp2_ZA)*((($Q$79)-Sp2_BrgA)/Sp2_Lb)-Sup_Drop+Sp2_C/3*((($Q$79)-Sp2_BrgA)/Sp2_Lb)*(1-((($Q$79)-Sp2_BrgA)/Sp2_Lb))+(Bm1_Raise)/12)+Bm_D)-((Sp2_ZA+(Sp2_ZB-Sp2_ZA)*(($Q$79)-Sp2_BrgA)/Sp2_Lb)-Sup_Drop+Bm_D+Bm1_Raise/12))*$Q$6 -> 1.4040655 | S79: =((IF(Prof_Mode="parabolic",Prof_Z0+Prof_G1*(($Q$79)-Prof_Sta0)+Prof_Kq*(($Q$79)-Prof_Sta0)^2,IF(($Q$79)<=Prof_PISta,Prof_Z0+Prof_G1*(($Q$79)-Prof_Sta0),Prof_PIZ+Prof_G2*(($Q$79)-Prof_PISta)))+Bm1_dCL-Deck_T)-((Sp2_ZA+(Sp2_ZB-Sp2_ZA)*((($Q$79)-Sp2_BrgA)/Sp2_Lb)-Sup_Drop+Sp2_C/3*((($Q$79)-Sp2_BrgA)/Sp2_Lb)*(1-((($Q$79)-Sp2_BrgA)/Sp2_Lb))+(Bm1_Raise)/12)+Bm_D))*$Q$6 -> 3.7531727
Q80: =Sp2_Bm0+31/40*(Sp2_Bm1-Sp2_Bm0) -> 1781.7019 | R80: =(((Sp2_ZA+(Sp2_ZB-Sp2_ZA)*((($Q$80)-Sp2_BrgA)/Sp2_Lb)-Sup_Drop+Sp2_C/3*((($Q$80)-Sp2_BrgA)/Sp2_Lb)*(1-((($Q$80)-Sp2_BrgA)/Sp2_Lb))+(Bm1_Raise)/12)+Bm_D)-((Sp2_ZA+(Sp2_ZB-Sp2_ZA)*(($Q$80)-Sp2_BrgA)/Sp2_Lb)-Sup_Drop+Bm_D+Bm1_Raise/12))*$Q$6 -> 1.3018992 | S80: =((IF(Prof_Mode="parabolic",Prof_Z0+Prof_G1*(($Q$80)-Prof_Sta0)+Prof_Kq*(($Q$80)-Prof_Sta0)^2,IF(($Q$80)<=Prof_PISta,Prof_Z0+Prof_G1*(($Q$80)-Prof_Sta0),Prof_PIZ+Prof_G2*(($Q$80)-Prof_PISta)))+Bm1_dCL-Deck_T)-((Sp2_ZA+(Sp2_ZB-Sp2_ZA)*((($Q$80)-Sp2_BrgA)/Sp2_Lb)-Sup_Drop+Sp2_C/3*((($Q$80)-Sp2_BrgA)/Sp2_Lb)*(1-((($Q$80)-Sp2_BrgA)/Sp2_Lb))+(Bm1_Raise)/12)+Bm_D))*$Q$6 -> 3.855339
Q81: =Sp2_Bm0+32/40*(Sp2_Bm1-Sp2_Bm0) -> 1784.315 | R81: =(((Sp2_ZA+(Sp2_ZB-Sp2_ZA)*((($Q$81)-Sp2_BrgA)/Sp2_Lb)-Sup_Drop+Sp2_C/3*((($Q$81)-Sp2_BrgA)/Sp2_Lb)*(1-((($Q$81)-Sp2_BrgA)/Sp2_Lb))+(Bm1_Raise)/12)+Bm_D)-((Sp2_ZA+(Sp2_ZB-Sp2_ZA)*(($Q$81)-Sp2_BrgA)/Sp2_Lb)-Sup_Drop+Bm_D+Bm1_Raise/12))*$Q$6 -> 1.1900029 | S81: =((IF(Prof_Mode="parabolic",Prof_Z0+Prof_G1*(($Q$81)-Prof_Sta0)+Prof_Kq*(($Q$81)-Prof_Sta0)^2,IF(($Q$81)<=Prof_PISta,Prof_Z0+Prof_G1*(($Q$81)-Prof_Sta0),Prof_PIZ+Prof_G2*(($Q$81)-Prof_PISta)))+Bm1_dCL-Deck_T)-((Sp2_ZA+(Sp2_ZB-Sp2_ZA)*((($Q$81)-Sp2_BrgA)/Sp2_Lb)-Sup_Drop+Sp2_C/3*((($Q$81)-Sp2_BrgA)/Sp2_Lb)*(1-((($Q$81)-Sp2_BrgA)/Sp2_Lb))+(Bm1_Raise)/12)+Bm_D))*$Q$6 -> 3.9672354
Q82: =Sp2_Bm0+33/40*(Sp2_Bm1-Sp2_Bm0) -> 1786.9281 | R82: =(((Sp2_ZA+(Sp2_ZB-Sp2_ZA)*((($Q$82)-Sp2_BrgA)/Sp2_Lb)-Sup_Drop+Sp2_C/3*((($Q$82)-Sp2_BrgA)/Sp2_Lb)*(1-((($Q$82)-Sp2_BrgA)/Sp2_Lb))+(Bm1_Raise)/12)+Bm_D)-((Sp2_ZA+(Sp2_ZB-Sp2_ZA)*(($Q$82)-Sp2_BrgA)/Sp2_Lb)-Sup_Drop+Bm_D+Bm1_Raise/12))*$Q$6 -> 1.0683763 | S82: =((IF(Prof_Mode="parabolic",Prof_Z0+Prof_G1*(($Q$82)-Prof_Sta0)+Prof_Kq*(($Q$82)-Prof_Sta0)^2,IF(($Q$82)<=Prof_PISta,Prof_Z0+Prof_G1*(($Q$82)-Prof_Sta0),Prof_PIZ+Prof_G2*(($Q$82)-Prof_PISta)))+Bm1_dCL-Deck_T)-((Sp2_ZA+(Sp2_ZB-Sp2_ZA)*((($Q$82)-Sp2_BrgA)/Sp2_Lb)-Sup_Drop+Sp2_C/3*((($Q$82)-Sp2_BrgA)/Sp2_Lb)*(1-((($Q$82)-Sp2_BrgA)/Sp2_Lb))+(Bm1_Raise)/12)+Bm_D))*$Q$6 -> 4.0888619
Q83: =Sp2_Bm0+34/40*(Sp2_Bm1-Sp2_Bm0) -> 1789.5412 | R83: =(((Sp2_ZA+(Sp2_ZB-Sp2_ZA)*((($Q$83)-Sp2_BrgA)/Sp2_Lb)-Sup_Drop+Sp2_C/3*((($Q$83)-Sp2_BrgA)/Sp2_Lb)*(1-((($Q$83)-Sp2_BrgA)/Sp2_Lb))+(Bm1_Raise)/12)+Bm_D)-((Sp2_ZA+(Sp2_ZB-Sp2_ZA)*(($Q$83)-Sp2_BrgA)/Sp2_Lb)-Sup_Drop+Bm_D+Bm1_Raise/12))*$Q$6 -> 0.93701972 | S83: =((IF(Prof_Mode="parabolic",Prof_Z0+Prof_G1*(($Q$83)-Prof_Sta0)+Prof_Kq*(($Q$83)-Prof_Sta0)^2,IF(($Q$83)<=Prof_PISta,Prof_Z0+Prof_G1*(($Q$83)-Prof_Sta0),Prof_PIZ+Prof_G2*(($Q$83)-Prof_PISta)))+Bm1_dCL-Deck_T)-((Sp2_ZA+(Sp2_ZB-Sp2_ZA)*((($Q$83)-Sp2_BrgA)/Sp2_Lb)-Sup_Drop+Sp2_C/3*((($Q$83)-Sp2_BrgA)/Sp2_Lb)*(1-((($Q$83)-Sp2_BrgA)/Sp2_Lb))+(Bm1_Raise)/12)+Bm_D))*$Q$6 -> 4.2202185
Q84: =Sp2_Bm0+35/40*(Sp2_Bm1-Sp2_Bm0) -> 1792.1544 | R84: =(((Sp2_ZA+(Sp2_ZB-Sp2_ZA)*((($Q$84)-Sp2_BrgA)/Sp2_Lb)-Sup_Drop+Sp2_C/3*((($Q$84)-Sp2_BrgA)/Sp2_Lb)*(1-((($Q$84)-Sp2_BrgA)/Sp2_Lb))+(Bm1_Raise)/12)+Bm_D)-((Sp2_ZA+(Sp2_ZB-Sp2_ZA)*(($Q$84)-Sp2_BrgA)/Sp2_Lb)-Sup_Drop+Bm_D+Bm1_Raise/12))*$Q$6 -> 0.79593297 | S84: =((IF(Prof_Mode="parabolic",Prof_Z0+Prof_G1*(($Q$84)-Prof_Sta0)+Prof_Kq*(($Q$84)-Prof_Sta0)^2,IF(($Q$84)<=Prof_PISta,Prof_Z0+Prof_G1*(($Q$84)-Prof_Sta0),Prof_PIZ+Prof_G2*(($Q$84)-Prof_PISta)))+Bm1_dCL-Deck_T)-((Sp2_ZA+(Sp2_ZB-Sp2_ZA)*((($Q$84)-Sp2_BrgA)/Sp2_Lb)-Sup_Drop+Sp2_C/3*((($Q$84)-Sp2_BrgA)/Sp2_Lb)*(1-((($Q$84)-Sp2_BrgA)/Sp2_Lb))+(Bm1_Raise)/12)+Bm_D))*$Q$6 -> 4.3613052
Q85: =Sp2_Bm0+36/40*(Sp2_Bm1-Sp2_Bm0) -> 1794.7675 | R85: =(((Sp2_ZA+(Sp2_ZB-Sp2_ZA)*((($Q$85)-Sp2_BrgA)/Sp2_Lb)-Sup_Drop+Sp2_C/3*((($Q$85)-Sp2_BrgA)/Sp2_Lb)*(1-((($Q$85)-Sp2_BrgA)/Sp2_Lb))+(Bm1_Raise)/12)+Bm_D)-((Sp2_ZA+(Sp2_ZB-Sp2_ZA)*(($Q$85)-Sp2_BrgA)/Sp2_Lb)-Sup_Drop+Bm_D+Bm1_Raise/12))*$Q$6 -> 0.6451161 | S85: =((IF(Prof_Mode="parabolic",Prof_Z0+Prof_G1*(($Q$85)-Prof_Sta0)+Prof_Kq*(($Q$85)-Prof_Sta0)^2,IF(($Q$85)<=Prof_PISta,Prof_Z0+Prof_G1*(($Q$85)-Prof_Sta0),Prof_PIZ+Prof_G2*(($Q$85)-Prof_PISta)))+Bm1_dCL-Deck_T)-((Sp2_ZA+(Sp2_ZB-Sp2_ZA)*((($Q$85)-Sp2_BrgA)/Sp2_Lb)-Sup_Drop+Sp2_C/3*((($Q$85)-Sp2_BrgA)/Sp2_Lb)*(1-((($Q$85)-Sp2_BrgA)/Sp2_Lb))+(Bm1_Raise)/12)+Bm_D))*$Q$6 -> 4.5121221
Q86: =Sp2_Bm0+37/40*(Sp2_Bm1-Sp2_Bm0) -> 1797.3806 | R86: =(((Sp2_ZA+(Sp2_ZB-Sp2_ZA)*((($Q$86)-Sp2_BrgA)/Sp2_Lb)-Sup_Drop+Sp2_C/3*((($Q$86)-Sp2_BrgA)/Sp2_Lb)*(1-((($Q$86)-Sp2_BrgA)/Sp2_Lb))+(Bm1_Raise)/12)+Bm_D)-((Sp2_ZA+(Sp2_ZB-Sp2_ZA)*(($Q$86)-Sp2_BrgA)/Sp2_Lb)-Sup_Drop+Bm_D+Bm1_Raise/12))*$Q$6 -> 0.4845691 | S86: =((IF(Prof_Mode="parabolic",Prof_Z0+Prof_G1*(($Q$86)-Prof_Sta0)+Prof_Kq*(($Q$86)-Prof_Sta0)^2,IF(($Q$86)<=Prof_PISta,Prof_Z0+Prof_G1*(($Q$86)-Prof_Sta0),Prof_PIZ+Prof_G2*(($Q$86)-Prof_PISta)))+Bm1_dCL-Deck_T)-((Sp2_ZA+(Sp2_ZB-Sp2_ZA)*((($Q$86)-Sp2_BrgA)/Sp2_Lb)-Sup_Drop+Sp2_C/3*((($Q$86)-Sp2_BrgA)/Sp2_Lb)*(1-((($Q$86)-Sp2_BrgA)/Sp2_Lb))+(Bm1_Raise)/12)+Bm_D))*$Q$6 -> 4.6726691
Q87: =Sp2_Bm0+38/40*(Sp2_Bm1-Sp2_Bm0) -> 1799.9938 | R87: =(((Sp2_ZA+(Sp2_ZB-Sp2_ZA)*((($Q$87)-Sp2_BrgA)/Sp2_Lb)-Sup_Drop+Sp2_C/3*((($Q$87)-Sp2_BrgA)/Sp2_Lb)*(1-((($Q$87)-Sp2_BrgA)/Sp2_Lb))+(Bm1_Raise)/12)+Bm_D)-((Sp2_ZA+(Sp2_ZB-Sp2_ZA)*(($Q$87)-Sp2_BrgA)/Sp2_Lb)-Sup_Drop+Bm_D+Bm1_Raise/12))*$Q$6 -> 0.31429199 | S87: =((IF(Prof_Mode="parabolic",Prof_Z0+Prof_G1*(($Q$87)-Prof_Sta0)+Prof_Kq*(($Q$87)-Prof_Sta0)^2,IF(($Q$87)<=Prof_PISta,Prof_Z0+Prof_G1*(($Q$87)-Prof_Sta0),Prof_PIZ+Prof_G2*(($Q$87)-Prof_PISta)))+Bm1_dCL-Deck_T)-((Sp2_ZA+(Sp2_ZB-Sp2_ZA)*((($Q$87)-Sp2_BrgA)/Sp2_Lb)-Sup_Drop+Sp2_C/3*((($Q$87)-Sp2_BrgA)/Sp2_Lb)*(1-((($Q$87)-Sp2_BrgA)/Sp2_Lb))+(Bm1_Raise)/12)+Bm_D))*$Q$6 -> 4.8429462
Q88: =Sp2_Bm0+39/40*(Sp2_Bm1-Sp2_Bm0) -> 1802.6069 | R88: =(((Sp2_ZA+(Sp2_ZB-Sp2_ZA)*((($Q$88)-Sp2_BrgA)/Sp2_Lb)-Sup_Drop+Sp2_C/3*((($Q$88)-Sp2_BrgA)/Sp2_Lb)*(1-((($Q$88)-Sp2_BrgA)/Sp2_Lb))+(Bm1_Raise)/12)+Bm_D)-((Sp2_ZA+(Sp2_ZB-Sp2_ZA)*(($Q$88)-Sp2_BrgA)/Sp2_Lb)-Sup_Drop+Bm_D+Bm1_Raise/12))*$Q$6 -> 0.13428476 | S88: =((IF(Prof_Mode="parabolic",Prof_Z0+Prof_G1*(($Q$88)-Prof_Sta0)+Prof_Kq*(($Q$88)-Prof_Sta0)^2,IF(($Q$88)<=Prof_PISta,Prof_Z0+Prof_G1*(($Q$88)-Prof_Sta0),Prof_PIZ+Prof_G2*(($Q$88)-Prof_PISta)))+Bm1_dCL-Deck_T)-((Sp2_ZA+(Sp2_ZB-Sp2_ZA)*((($Q$88)-Sp2_BrgA)/Sp2_Lb)-Sup_Drop+Sp2_C/3*((($Q$88)-Sp2_BrgA)/Sp2_Lb)*(1-((($Q$88)-Sp2_BrgA)/Sp2_Lb))+(Bm1_Raise)/12)+Bm_D))*$Q$6 -> 5.0229535
Q89: =Sp2_Bm0+40/40*(Sp2_Bm1-Sp2_Bm0) -> 1805.22 | R89: =(((Sp2_ZA+(Sp2_ZB-Sp2_ZA)*((($Q$89)-Sp2_BrgA)/Sp2_Lb)-Sup_Drop+Sp2_C/3*((($Q$89)-Sp2_BrgA)/Sp2_Lb)*(1-((($Q$89)-Sp2_BrgA)/Sp2_Lb))+(Bm1_Raise)/12)+Bm_D)-((Sp2_ZA+(Sp2_ZB-Sp2_ZA)*(($Q$89)-Sp2_BrgA)/Sp2_Lb)-Sup_Drop+Bm_D+Bm1_Raise/12))*$Q$6 -> -0.055452594 | S89: =((IF(Prof_Mode="parabolic",Prof_Z0+Prof_G1*(($Q$89)-Prof_Sta0)+Prof_Kq*(($Q$89)-Prof_Sta0)^2,IF(($Q$89)<=Prof_PISta,Prof_Z0+Prof_G1*(($Q$89)-Prof_Sta0),Prof_PIZ+Prof_G2*(($Q$89)-Prof_PISta)))+Bm1_dCL-Deck_T)-((Sp2_ZA+(Sp2_ZB-Sp2_ZA)*((($Q$89)-Sp2_BrgA)/Sp2_Lb)-Sup_Drop+Sp2_C/3*((($Q$89)-Sp2_BrgA)/Sp2_Lb)*(1-((($Q$89)-Sp2_BrgA)/Sp2_Lb))+(Bm1_Raise)/12)+Bm_D))*$Q$6 -> 5.2126908
P91: Beam top with zero camber | Q91: =Sp2_Bm0 -> 1700.695 | R91: =0 -> 0
Q92: =Sp2_Bm1 -> 1805.22 | R92: =0 -> 0
P94: deck soffit over CL beam 1 | Q94: =$Q$17 -> 1726.8263 | R94: =$R$17 -> 5.1572382
P96: ="cambered beam top, C = "&TEXT(Sp2_C,"0.000")&" in" -> cambered beam top, C = 0.567 in | Q96: =$Q$64 -> 1739.8919 | R96: =$R$64 -> 1.768945
P98: beam top with zero camber (chord less D) | Q98: =Sp2_Bm0+0.75*(Sp2_Bm1-Sp2_Bm0) -> 1779.0887 | R98: =0 -> 0
P100: Dim B arrow | Q100: =Sp2_BrgA -> 1701.445 | R100: =(((Sp2_ZA+(Sp2_ZB-Sp2_ZA)*(((Sp2_BrgA)-Sp2_BrgA)/Sp2_Lb)-Sup_Drop+Sp2_C/3*(((Sp2_BrgA)-Sp2_BrgA)/Sp2_Lb)*(1-(((Sp2_BrgA)-Sp2_BrgA)/Sp2_Lb))+(Bm1_Raise)/12)+Bm_D)-((Sp2_ZA+(Sp2_ZB-Sp2_ZA)*((Sp2_BrgA)-Sp2_BrgA)/Sp2_Lb)-Sup_Drop+Bm_D+Bm1_Raise/12))*$Q$6 -> 0
Q101: =Sp2_BrgA -> 1701.445 | R101: =((IF(Prof_Mode="parabolic",Prof_Z0+Prof_G1*((Sp2_BrgA)-Prof_Sta0)+Prof_Kq*((Sp2_BrgA)-Prof_Sta0)^2,IF((Sp2_BrgA)<=Prof_PISta,Prof_Z0+Prof_G1*((Sp2_BrgA)-Prof_Sta0),Prof_PIZ+Prof_G2*((Sp2_BrgA)-Prof_PISta)))+Bm1_dCL-Deck_T)-((Sp2_ZA+(Sp2_ZB-Sp2_ZA)*((Sp2_BrgA)-Sp2_BrgA)/Sp2_Lb)-Sup_Drop+Bm_D+Bm1_Raise/12))*$Q$6 -> 5.1572382
P103: ="Dim B"&CHAR(10)&TEXT('Camber & Haunch'!C40,"0.000")&" in" -> Dim B 1.547 in | Q103: =Sp2_BrgA -> 1701.445 | R103: =((IF(Prof_Mode="parabolic",Prof_Z0+Prof_G1*((Sp2_BrgA)-Prof_Sta0)+Prof_Kq*((Sp2_BrgA)-Prof_Sta0)^2,IF((Sp2_BrgA)<=Prof_PISta,Prof_Z0+Prof_G1*((Sp2_BrgA)-Prof_Sta0),Prof_PIZ+Prof_G2*((Sp2_BrgA)-Prof_PISta)))+Bm1_dCL-Deck_T)-((Sp2_ZA+(Sp2_ZB-Sp2_ZA)*((Sp2_BrgA)-Sp2_BrgA)/Sp2_Lb)-Sup_Drop+Bm_D+Bm1_Raise/12))*$Q$6 -> 5.1572382
P105: Dim C arrow | Q105: =Sp2_Mid -> 1752.9575 | R105: =(((Sp2_ZA+(Sp2_ZB-Sp2_ZA)*(((Sp2_Mid)-Sp2_BrgA)/Sp2_Lb)-Sup_Drop+Sp2_C/3*(((Sp2_Mid)-Sp2_BrgA)/Sp2_Lb)*(1-(((Sp2_Mid)-Sp2_BrgA)/Sp2_Lb))+(Bm1_Raise)/12)+Bm_D)-((Sp2_ZA+(Sp2_ZB-Sp2_ZA)*((Sp2_Mid)-Sp2_BrgA)/Sp2_Lb)-Sup_Drop+Bm_D+Bm1_Raise/12))*$Q$6 -> 1.8905715
Q106: =Sp2_Mid -> 1752.9575 | R106: =((IF(Prof_Mode="parabolic",Prof_Z0+Prof_G1*((Sp2_Mid)-Prof_Sta0)+Prof_Kq*((Sp2_Mid)-Prof_Sta0)^2,IF((Sp2_Mid)<=Prof_PISta,Prof_Z0+Prof_G1*((Sp2_Mid)-Prof_Sta0),Prof_PIZ+Prof_G2*((Sp2_Mid)-Prof_PISta)))+Bm1_dCL-Deck_T)-((Sp2_ZA+(Sp2_ZB-Sp2_ZA)*((Sp2_Mid)-Sp2_BrgA)/Sp2_Lb)-Sup_Drop+Bm_D+Bm1_Raise/12))*$Q$6 -> 5.1572382
P108: ="Dim C"&CHAR(10)&TEXT('Camber & Haunch'!D40,"0.000")&" in" -> Dim C 0.980 in | Q108: =Sp2_Mid -> 1752.9575 | R108: =((IF(Prof_Mode="parabolic",Prof_Z0+Prof_G1*((Sp2_Mid)-Prof_Sta0)+Prof_Kq*((Sp2_Mid)-Prof_Sta0)^2,IF((Sp2_Mid)<=Prof_PISta,Prof_Z0+Prof_G1*((Sp2_Mid)-Prof_Sta0),Prof_PIZ+Prof_G2*((Sp2_Mid)-Prof_PISta)))+Bm1_dCL-Deck_T)-((Sp2_ZA+(Sp2_ZB-Sp2_ZA)*((Sp2_Mid)-Sp2_BrgA)/Sp2_Lb)-Sup_Drop+Bm_D+Bm1_Raise/12))*$Q$6 -> 5.1572382
P110: Dim D arrow | Q110: =Sp2_BrgB -> 1804.47 | R110: =(((Sp2_ZA+(Sp2_ZB-Sp2_ZA)*(((Sp2_BrgB)-Sp2_BrgA)/Sp2_Lb)-Sup_Drop+Sp2_C/3*(((Sp2_BrgB)-Sp2_BrgA)/Sp2_Lb)*(1-(((Sp2_BrgB)-Sp2_BrgA)/Sp2_Lb))+(Bm1_Raise)/12)+Bm_D)-((Sp2_ZA+(Sp2_ZB-Sp2_ZA)*((Sp2_BrgB)-Sp2_BrgA)/Sp2_Lb)-Sup_Drop+Bm_D+Bm1_Raise/12))*$Q$6 -> 0
...

Sheet FGE
A1: Finished Grade Elevations | N1: Project | O1: =""&TB_Project -> D2 I-95 Pedestrian Bridge
A2: FGE = PGL(s) + delta(y) at every line and station (top of deck) | N2: Job No. | O2: =""&TB_JobNo
N3: Calc. by / date | O3: =TB_CalcBy&" "&TB_CalcDate
N4: Check. by / date | O4: =TB_CheckBy&" "&TB_CheckDate
A6: Span 1
B7: Location | C7: Offset y (ft) | D7: delta(y) (ft) | E7: FFBW EB 1 | F7: CL Brg | G7: 1 | H7: 2 | I7: 3 | J7: 4 | K7: 5 | L7: 6 | M7: 7 | N7: 8 | O7: 9 | P7: CL Brg | Q7: CL Pier
B8: Station (ft) | E8: =Sp1_Sta0 -> 1593.22 | F8: =Sp1_BrgA -> 1594.22 | G8: =Sp1_BrgA+1*Sp1_Lb/Des_FGEInc -> 1604.7675 | H8: =Sp1_BrgA+2*Sp1_Lb/Des_FGEInc -> 1615.315 | I8: =Sp1_BrgA+3*Sp1_Lb/Des_FGEInc -> 1625.8625 | J8: =Sp1_BrgA+4*Sp1_Lb/Des_FGEInc -> 1636.41 | K8: =Sp1_BrgA+5*Sp1_Lb/Des_FGEInc -> 1646.9575 | L8: =Sp1_BrgA+6*Sp1_Lb/Des_FGEInc -> 1657.505 | M8: =Sp1_BrgA+7*Sp1_Lb/Des_FGEInc -> 1668.0525 | N8: =Sp1_BrgA+8*Sp1_Lb/Des_FGEInc -> 1678.6 | O8: =Sp1_BrgA+9*Sp1_Lb/Des_FGEInc -> 1689.1475 | P8: =Sp1_BrgB -> 1699.695 | Q8: =Sp1_Sta1 -> 1700.57
B9: Station label | E9: =TEXT(INT(ROUND(E8*100,0)/10000),"0")&"+"&TEXT(MOD(ROUND(E8*100,0),10000)/100,"00.00") -> 15+93.22 | F9: =TEXT(INT(ROUND(F8*100,0)/10000),"0")&"+"&TEXT(MOD(ROUND(F8*100,0),10000)/100,"00.00") -> 15+94.22 | G9: =TEXT(INT(ROUND(G8*100,0)/10000),"0")&"+"&TEXT(MOD(ROUND(G8*100,0),10000)/100,"00.00") -> 16+04.77 | H9: =TEXT(INT(ROUND(H8*100,0)/10000),"0")&"+"&TEXT(MOD(ROUND(H8*100,0),10000)/100,"00.00") -> 16+15.32 | I9: =TEXT(INT(ROUND(I8*100,0)/10000),"0")&"+"&TEXT(MOD(ROUND(I8*100,0),10000)/100,"00.00") -> 16+25.86 | J9: =TEXT(INT(ROUND(J8*100,0)/10000),"0")&"+"&TEXT(MOD(ROUND(J8*100,0),10000)/100,"00.00") -> 16+36.41 | K9: =TEXT(INT(ROUND(K8*100,0)/10000),"0")&"+"&TEXT(MOD(ROUND(K8*100,0),10000)/100,"00.00") -> 16+46.96 | L9: =TEXT(INT(ROUND(L8*100,0)/10000),"0")&"+"&TEXT(MOD(ROUND(L8*100,0),10000)/100,"00.00") -> 16+57.51 | ... Q9: =TEXT(INT(ROUND(Q8*100,0)/10000),"0")&"+"&TEXT(MOD(ROUND(Q8*100,0),10000)/100,"00.00") -> 17+00.57
B10: Deck present? | E10: =IF(AND(E8>=Sp1_Dk0-0.000000001,E8<=Sp1_Dk1+0.000000001),"deck","PGL ext.") -> PGL ext. | F10: =IF(AND(F8>=Sp1_Dk0-0.000000001,F8<=Sp1_Dk1+0.000000001),"deck","PGL ext.") -> deck | G10: =IF(AND(G8>=Sp1_Dk0-0.000000001,G8<=Sp1_Dk1+0.000000001),"deck","PGL ext.") -> deck | H10: =IF(AND(H8>=Sp1_Dk0-0.000000001,H8<=Sp1_Dk1+0.000000001),"deck","PGL ext.") -> deck | I10: =IF(AND(I8>=Sp1_Dk0-0.000000001,I8<=Sp1_Dk1+0.000000001),"deck","PGL ext.") -> deck | J10: =IF(AND(J8>=Sp1_Dk0-0.000000001,J8<=Sp1_Dk1+0.000000001),"deck","PGL ext.") -> deck | K10: =IF(AND(K8>=Sp1_Dk0-0.000000001,K8<=Sp1_Dk1+0.000000001),"deck","PGL ext.") -> deck | L10: =IF(AND(L8>=Sp1_Dk0-0.000000001,L8<=Sp1_Dk1+0.000000001),"deck","PGL ext.") -> deck | ... Q10: =IF(AND(Q8>=Sp1_Dk0-0.000000001,Q8<=Sp1_Dk1+0.000000001),"deck","PGL ext.") -> deck
B11: PGL elevation (ft) | E11: =IF(Prof_Mode="parabolic",Prof_Z0+Prof_G1*((E8)-Prof_Sta0)+Prof_Kq*((E8)-Prof_Sta0)^2,IF((E8)<=Prof_PISta,Prof_Z0+Prof_G1*((E8)-Prof_Sta0),Prof_PIZ+Prof_G2*((E8)-Prof_PISta))) -> 47.661 | F11: =IF(Prof_Mode="parabolic",Prof_Z0+Prof_G1*((F8)-Prof_Sta0)+Prof_Kq*((F8)-Prof_Sta0)^2,IF((F8)<=Prof_PISta,Prof_Z0+Prof_G1*((F8)-Prof_Sta0),Prof_PIZ+Prof_G2*((F8)-Prof_PISta))) -> 47.665999 | G11: =IF(Prof_Mode="parabolic",Prof_Z0+Prof_G1*((G8)-Prof_Sta0)+Prof_Kq*((G8)-Prof_Sta0)^2,IF((G8)<=Prof_PISta,Prof_Z0+Prof_G1*((G8)-Prof_Sta0),Prof_PIZ+Prof_G2*((G8)-Prof_PISta))) -> 47.718724 | H11: =IF(Prof_Mode="parabolic",Prof_Z0+Prof_G1*((H8)-Prof_Sta0)+Prof_Kq*((H8)-Prof_Sta0)^2,IF((H8)<=Prof_PISta,Prof_Z0+Prof_G1*((H8)-Prof_Sta0),Prof_PIZ+Prof_G2*((H8)-Prof_PISta))) -> 47.771449 | I11: =IF(Prof_Mode="parabolic",Prof_Z0+Prof_G1*((I8)-Prof_Sta0)+Prof_Kq*((I8)-Prof_Sta0)^2,IF((I8)<=Prof_PISta,Prof_Z0+Prof_G1*((I8)-Prof_Sta0),Prof_PIZ+Prof_G2*((I8)-Prof_PISta))) -> 47.824174 | J11: =IF(Prof_Mode="parabolic",Prof_Z0+Prof_G1*((J8)-Prof_Sta0)+Prof_Kq*((J8)-Prof_Sta0)^2,IF((J8)<=Prof_PISta,Prof_Z0+Prof_G1*((J8)-Prof_Sta0),Prof_PIZ+Prof_G2*((J8)-Prof_PISta))) -> 47.8769 | K11: =IF(Prof_Mode="parabolic",Prof_Z0+Prof_G1*((K8)-Prof_Sta0)+Prof_Kq*((K8)-Prof_Sta0)^2,IF((K8)<=Prof_PISta,Prof_Z0+Prof_G1*((K8)-Prof_Sta0),Prof_PIZ+Prof_G2*((K8)-Prof_PISta))) -> 47.929625 | L11: =IF(Prof_Mode="parabolic",Prof_Z0+Prof_G1*((L8)-Prof_Sta0)+Prof_Kq*((L8)-Prof_Sta0)^2,IF((L8)<=Prof_PISta,Prof_Z0+Prof_G1*((L8)-Prof_Sta0),Prof_PIZ+Prof_G2*((L8)-Prof_PISta))) -> 47.98235 | ... Q11: =IF(Prof_Mode="parabolic",Prof_Z0+Prof_G1*((Q8)-Prof_Sta0)+Prof_Kq*((Q8)-Prof_Sta0)^2,IF((Q8)<=Prof_PISta,Prof_Z0+Prof_G1*((Q8)-Prof_Sta0),Prof_PIZ+Prof_G2*((Q8)-Prof_PISta))) -> 48.197625
B12: Left coping (deck edge) | C12: =Deck_YL -> -6.7916667 | D12: =IF(Deck_Mode="uniform",Deck_Uni*(C12),Deck_Crown*ABS(C12)) -> -0.13583333 | E12: =E$11+$D12 -> 47.525167 | F12: =F$11+$D12 -> 47.530166 | G12: =G$11+$D12 -> 47.582891 | H12: =H$11+$D12 -> 47.635616 | I12: =I$11+$D12 -> 47.688341 | J12: =J$11+$D12 -> 47.741066 | K12: =K$11+$D12 -> 47.793792 | L12: =L$11+$D12 -> 47.846517 | ... Q12: =Q$11+$D12 -> 48.061792
B13: CL Beam 1-1 | C13: =Bm1_Off -> -4.2916667 | D13: =IF(Deck_Mode="uniform",Deck_Uni*(C13),Deck_Crown*ABS(C13)) -> -0.085833333 | E13: =E$11+$D13 -> 47.575167 | F13: =F$11+$D13 -> 47.580166 | G13: =G$11+$D13 -> 47.632891 | H13: =H$11+$D13 -> 47.685616 | I13: =I$11+$D13 -> 47.738341 | J13: =J$11+$D13 -> 47.791066 | K13: =K$11+$D13 -> 47.843792 | L13: =L$11+$D13 -> 47.896517 | ... Q13: =Q$11+$D13 -> 48.111792
B14: PGL | C14: 0 | D14: =IF(Deck_Mode="uniform",Deck_Uni*(C14),Deck_Crown*ABS(C14)) -> 0 | E14: =E$11+$D14 -> 47.661 | F14: =F$11+$D14 -> 47.665999 | G14: =G$11+$D14 -> 47.718724 | H14: =H$11+$D14 -> 47.771449 | I14: =I$11+$D14 -> 47.824174 | J14: =J$11+$D14 -> 47.8769 | K14: =K$11+$D14 -> 47.929625 | L14: =L$11+$D14 -> 47.98235 | ... Q14: =Q$11+$D14 -> 48.197625
B15: CL Beam 1-2 | C15: =Bm2_Off -> 4.2916667 | D15: =IF(Deck_Mode="uniform",Deck_Uni*(C15),Deck_Crown*ABS(C15)) -> -0.085833333 | E15: =E$11+$D15 -> 47.575167 | F15: =F$11+$D15 -> 47.580166 | G15: =G$11+$D15 -> 47.632891 | H15: =H$11+$D15 -> 47.685616 | I15: =I$11+$D15 -> 47.738341 | J15: =J$11+$D15 -> 47.791066 | K15: =K$11+$D15 -> 47.843792 | L15: =L$11+$D15 -> 47.896517 | ... Q15: =Q$11+$D15 -> 48.111792
B16: Right coping (deck edge) | C16: =Deck_YR -> 6.7916667 | D16: =IF(Deck_Mode="uniform",Deck_Uni*(C16),Deck_Crown*ABS(C16)) -> -0.13583333 | E16: =E$11+$D16 -> 47.525167 | F16: =F$11+$D16 -> 47.530166 | G16: =G$11+$D16 -> 47.582891 | H16: =H$11+$D16 -> 47.635616 | I16: =I$11+$D16 -> 47.688341 | J16: =J$11+$D16 -> 47.741066 | K16: =K$11+$D16 -> 47.793792 | L16: =L$11+$D16 -> 47.846517 | ... Q16: =Q$11+$D16 -> 48.061792
B17: Increment (ft) | C17: =Sp1_Lb/Des_FGEInc -> 10.5475
A19: Span 2
B20: Location | C20: Offset y (ft) | D20: delta(y) (ft) | E20: CL Pier | F20: CL Brg | G20: 1 | H20: 2 | I20: 3 | J20: 4 | K20: 5 | L20: 6 | M20: 7 | N20: 8 | O20: 9 | P20: CL Brg | Q20: FFBW EB 2
B21: Station (ft) | E21: =Sp2_Sta0 -> 1700.57 | F21: =Sp2_BrgA -> 1701.445 | G21: =Sp2_BrgA+1*Sp2_Lb/Des_FGEInc -> 1711.7475 | H21: =Sp2_BrgA+2*Sp2_Lb/Des_FGEInc -> 1722.05 | I21: =Sp2_BrgA+3*Sp2_Lb/Des_FGEInc -> 1732.3525 | J21: =Sp2_BrgA+4*Sp2_Lb/Des_FGEInc -> 1742.655 | K21: =Sp2_BrgA+5*Sp2_Lb/Des_FGEInc -> 1752.9575 | L21: =Sp2_BrgA+6*Sp2_Lb/Des_FGEInc -> 1763.26 | M21: =Sp2_BrgA+7*Sp2_Lb/Des_FGEInc -> 1773.5625 | N21: =Sp2_BrgA+8*Sp2_Lb/Des_FGEInc -> 1783.865 | O21: =Sp2_BrgA+9*Sp2_Lb/Des_FGEInc -> 1794.1675 | P21: =Sp2_BrgB -> 1804.47 | Q21: =Sp2_Sta1 -> 1805.47
B22: Station label | E22: =TEXT(INT(ROUND(E21*100,0)/10000),"0")&"+"&TEXT(MOD(ROUND(E21*100,0),10000)/100,"00.00") -> 17+00.57 | F22: =TEXT(INT(ROUND(F21*100,0)/10000),"0")&"+"&TEXT(MOD(ROUND(F21*100,0),10000)/100,"00.00") -> 17+01.45 | G22: =TEXT(INT(ROUND(G21*100,0)/10000),"0")&"+"&TEXT(MOD(ROUND(G21*100,0),10000)/100,"00.00") -> 17+11.75 | H22: =TEXT(INT(ROUND(H21*100,0)/10000),"0")&"+"&TEXT(MOD(ROUND(H21*100,0),10000)/100,"00.00") -> 17+22.05 | I22: =TEXT(INT(ROUND(I21*100,0)/10000),"0")&"+"&TEXT(MOD(ROUND(I21*100,0),10000)/100,"00.00") -> 17+32.35 | J22: =TEXT(INT(ROUND(J21*100,0)/10000),"0")&"+"&TEXT(MOD(ROUND(J21*100,0),10000)/100,"00.00") -> 17+42.66 | K22: =TEXT(INT(ROUND(K21*100,0)/10000),"0")&"+"&TEXT(MOD(ROUND(K21*100,0),10000)/100,"00.00") -> 17+52.96 | L22: =TEXT(INT(ROUND(L21*100,0)/10000),"0")&"+"&TEXT(MOD(ROUND(L21*100,0),10000)/100,"00.00") -> 17+63.26 | ... Q22: =TEXT(INT(ROUND(Q21*100,0)/10000),"0")&"+"&TEXT(MOD(ROUND(Q21*100,0),10000)/100,"00.00") -> 18+05.47
B23: Deck present? | E23: =IF(AND(E21>=Sp2_Dk0-0.000000001,E21<=Sp2_Dk1+0.000000001),"deck","PGL ext.") -> deck | F23: =IF(AND(F21>=Sp2_Dk0-0.000000001,F21<=Sp2_Dk1+0.000000001),"deck","PGL ext.") -> deck | G23: =IF(AND(G21>=Sp2_Dk0-0.000000001,G21<=Sp2_Dk1+0.000000001),"deck","PGL ext.") -> deck | H23: =IF(AND(H21>=Sp2_Dk0-0.000000001,H21<=Sp2_Dk1+0.000000001),"deck","PGL ext.") -> deck | I23: =IF(AND(I21>=Sp2_Dk0-0.000000001,I21<=Sp2_Dk1+0.000000001),"deck","PGL ext.") -> deck | J23: =IF(AND(J21>=Sp2_Dk0-0.000000001,J21<=Sp2_Dk1+0.000000001),"deck","PGL ext.") -> deck | K23: =IF(AND(K21>=Sp2_Dk0-0.000000001,K21<=Sp2_Dk1+0.000000001),"deck","PGL ext.") -> deck | L23: =IF(AND(L21>=Sp2_Dk0-0.000000001,L21<=Sp2_Dk1+0.000000001),"deck","PGL ext.") -> deck | ... Q23: =IF(AND(Q21>=Sp2_Dk0-0.000000001,Q21<=Sp2_Dk1+0.000000001),"deck","PGL ext.") -> PGL ext.
B24: PGL elevation (ft) | E24: =IF(Prof_Mode="parabolic",Prof_Z0+Prof_G1*((E21)-Prof_Sta0)+Prof_Kq*((E21)-Prof_Sta0)^2,IF((E21)<=Prof_PISta,Prof_Z0+Prof_G1*((E21)-Prof_Sta0),Prof_PIZ+Prof_G2*((E21)-Prof_PISta))) -> 48.197625 | F24: =IF(Prof_Mode="parabolic",Prof_Z0+Prof_G1*((F21)-Prof_Sta0)+Prof_Kq*((F21)-Prof_Sta0)^2,IF((F21)<=Prof_PISta,Prof_Z0+Prof_G1*((F21)-Prof_Sta0),Prof_PIZ+Prof_G2*((F21)-Prof_PISta))) -> 48.193249 | G24: =IF(Prof_Mode="parabolic",Prof_Z0+Prof_G1*((G21)-Prof_Sta0)+Prof_Kq*((G21)-Prof_Sta0)^2,IF((G21)<=Prof_PISta,Prof_Z0+Prof_G1*((G21)-Prof_Sta0),Prof_PIZ+Prof_G2*((G21)-Prof_PISta))) -> 48.141724 | H24: =IF(Prof_Mode="parabolic",Prof_Z0+Prof_G1*((H21)-Prof_Sta0)+Prof_Kq*((H21)-Prof_Sta0)^2,IF((H21)<=Prof_PISta,Prof_Z0+Prof_G1*((H21)-Prof_Sta0),Prof_PIZ+Prof_G2*((H21)-Prof_PISta))) -> 48.090199 | I24: =IF(Prof_Mode="parabolic",Prof_Z0+Prof_G1*((I21)-Prof_Sta0)+Prof_Kq*((I21)-Prof_Sta0)^2,IF((I21)<=Prof_PISta,Prof_Z0+Prof_G1*((I21)-Prof_Sta0),Prof_PIZ+Prof_G2*((I21)-Prof_PISta))) -> 48.038675 | J24: =IF(Prof_Mode="parabolic",Prof_Z0+Prof_G1*((J21)-Prof_Sta0)+Prof_Kq*((J21)-Prof_Sta0)^2,IF((J21)<=Prof_PISta,Prof_Z0+Prof_G1*((J21)-Prof_Sta0),Prof_PIZ+Prof_G2*((J21)-Prof_PISta))) -> 47.98715 | K24: =IF(Prof_Mode="parabolic",Prof_Z0+Prof_G1*((K21)-Prof_Sta0)+Prof_Kq*((K21)-Prof_Sta0)^2,IF((K21)<=Prof_PISta,Prof_Z0+Prof_G1*((K21)-Prof_Sta0),Prof_PIZ+Prof_G2*((K21)-Prof_PISta))) -> 47.935625 | L24: =IF(Prof_Mode="parabolic",Prof_Z0+Prof_G1*((L21)-Prof_Sta0)+Prof_Kq*((L21)-Prof_Sta0)^2,IF((L21)<=Prof_PISta,Prof_Z0+Prof_G1*((L21)-Prof_Sta0),Prof_PIZ+Prof_G2*((L21)-Prof_PISta))) -> 47.8841 | ... Q24: =IF(Prof_Mode="parabolic",Prof_Z0+Prof_G1*((Q21)-Prof_Sta0)+Prof_Kq*((Q21)-Prof_Sta0)^2,IF((Q21)<=Prof_PISta,Prof_Z0+Prof_G1*((Q21)-Prof_Sta0),Prof_PIZ+Prof_G2*((Q21)-Prof_PISta))) -> 47.673
B25: Left coping (deck edge) | C25: =Deck_YL -> -6.7916667 | D25: =IF(Deck_Mode="uniform",Deck_Uni*(C25),Deck_Crown*ABS(C25)) -> -0.13583333 | E25: =E$24+$D25 -> 48.061792 | F25: =F$24+$D25 -> 48.057416 | G25: =G$24+$D25 -> 48.005891 | H25: =H$24+$D25 -> 47.954366 | I25: =I$24+$D25 -> 47.902841 | J25: =J$24+$D25 -> 47.851317 | K25: =K$24+$D25 -> 47.799792 | L25: =L$24+$D25 -> 47.748267 | ... Q25: =Q$24+$D25 -> 47.537167
B26: CL Beam 2-1 | C26: =Bm1_Off -> -4.2916667 | D26: =IF(Deck_Mode="uniform",Deck_Uni*(C26),Deck_Crown*ABS(C26)) -> -0.085833333 | E26: =E$24+$D26 -> 48.111792 | F26: =F$24+$D26 -> 48.107416 | G26: =G$24+$D26 -> 48.055891 | H26: =H$24+$D26 -> 48.004366 | I26: =I$24+$D26 -> 47.952841 | J26: =J$24+$D26 -> 47.901317 | K26: =K$24+$D26 -> 47.849792 | L26: =L$24+$D26 -> 47.798267 | ... Q26: =Q$24+$D26 -> 47.587167
B27: PGL | C27: 0 | D27: =IF(Deck_Mode="uniform",Deck_Uni*(C27),Deck_Crown*ABS(C27)) -> 0 | E27: =E$24+$D27 -> 48.197625 | F27: =F$24+$D27 -> 48.193249 | G27: =G$24+$D27 -> 48.141724 | H27: =H$24+$D27 -> 48.090199 | I27: =I$24+$D27 -> 48.038675 | J27: =J$24+$D27 -> 47.98715 | K27: =K$24+$D27 -> 47.935625 | L27: =L$24+$D27 -> 47.8841 | ... Q27: =Q$24+$D27 -> 47.673
B28: CL Beam 2-2 | C28: =Bm2_Off -> 4.2916667 | D28: =IF(Deck_Mode="uniform",Deck_Uni*(C28),Deck_Crown*ABS(C28)) -> -0.085833333 | E28: =E$24+$D28 -> 48.111792 | F28: =F$24+$D28 -> 48.107416 | G28: =G$24+$D28 -> 48.055891 | H28: =H$24+$D28 -> 48.004366 | I28: =I$24+$D28 -> 47.952841 | J28: =J$24+$D28 -> 47.901317 | K28: =K$24+$D28 -> 47.849792 | L28: =L$24+$D28 -> 47.798267 | ... Q28: =Q$24+$D28 -> 47.587167
B29: Right coping (deck edge) | C29: =Deck_YR -> 6.7916667 | D29: =IF(Deck_Mode="uniform",Deck_Uni*(C29),Deck_Crown*ABS(C29)) -> -0.13583333 | E29: =E$24+$D29 -> 48.061792 | F29: =F$24+$D29 -> 48.057416 | G29: =G$24+$D29 -> 48.005891 | H29: =H$24+$D29 -> 47.954366 | I29: =I$24+$D29 -> 47.902841 | J29: =J$24+$D29 -> 47.851317 | K29: =K$24+$D29 -> 47.799792 | L29: =L$24+$D29 -> 47.748267 | ... Q29: =Q$24+$D29 -> 47.537167
B30: Increment (ft) | C30: =Sp2_Lb/Des_FGEInc -> 10.3025

Sheet FGE Method
B1: FGE - Method | P1: Figure data
B2: Finished grade elevations at every line and station | P2: Live formulas that draw the charts on this tab. Do not edit; change the notebook CONFIG and rebuild.
B3: =IF(Inputs_Edited=0,"LIVE Charts, tables and the numbers quoted in this text are workbook formulas. Inputs match the notebook build (model "&Build_Model&", built "&Build_Time&").",Inputs_Edited&" INPUT(S) EDITED SINCE THE NOTEBOOK BUILD The charts and tables follow the edited inputs, which no longer match the geometry notebook (QC "&QC_Overall&"). Change the notebook CONFIG and rebuild.") -> LIVE Charts, tables and the numbers quoted in this text are workbook formulas. Inputs match the notebook build (model e9b41b8eaf, built 2026-10-19 12:13).
P4: FGE grid, Span 1 (plan)
B5: 1. Stations | P5: Series / label text | Q5: x | R5: y | S5: error +
B6: Each span lists its datum, the two CL bearings and equal increments between bearings (tenth points with the default 10 increments): | P6: Lowest line offset (ft) | Q6: =MIN(FGE!$C$12,FGE!$C$13,FGE!$C$14,FGE!$C$15,FGE!$C$16) -> -6.7916667
P7: Highest line offset (ft) | Q7: =MAX(FGE!$C$12,FGE!$C$13,FGE!$C$14,FGE!$C$15,FGE!$C$16) -> 6.7916667
P8: Station lines | Q8: =FGE!E8 -> 1593.22 | R8: =$Q$6 -> -6.7916667
Q9: =FGE!E8 -> 1593.22 | R9: =$Q$7 -> 6.7916667
B11: 2. Elevations | Q11: =FGE!F8 -> 1594.22 | R11: =$Q$6 -> -6.7916667
Q12: =FGE!F8 -> 1594.22 | R12: =$Q$7 -> 6.7916667
Q14: =FGE!G8 -> 1604.7675 | R14: =$Q$6 -> -6.7916667
B15: ="Lines are the two deck edges (copings) at y = yc +/- W/2, each beam centerline and the PGL. The FFBW columns are the PGL extended: the deck itself ends "&TEXT(Phys_DeckClr,"General")&" in inside each FFBW (row ""Deck present?""). Station labels use the notebook format (hundredths, e.g. 16+46.96)." -> Lines are the two deck edges (copings) at y = yc +/- W/2, each beam centerline and the PGL. The FFBW columns are the PGL extended: the deck itself ends 3 in inside each FFBW (row "Deck present?"). Station labels use the notebook format (hundredths, e.g. 16+46.96). | Q15: =FGE!G8 -> 1604.7675 | R15: =$Q$7 -> 6.7916667
Q17: =FGE!H8 -> 1615.315 | R17: =$Q$6 -> -6.7916667
Q18: =FGE!H8 -> 1615.315 | R18: =$Q$7 -> 6.7916667
Q20: =FGE!I8 -> 1625.8625 | R20: =$Q$6 -> -6.7916667
Q21: =FGE!I8 -> 1625.8625 | R21: =$Q$7 -> 6.7916667
Q23: =FGE!J8 -> 1636.41 | R23: =$Q$6 -> -6.7916667
Q24: =FGE!J8 -> 1636.41 | R24: =$Q$7 -> 6.7916667
Q26: =FGE!K8 -> 1646.9575 | R26: =$Q$6 -> -6.7916667
Q27: =FGE!K8 -> 1646.9575 | R27: =$Q$7 -> 6.7916667
Q29: =FGE!L8 -> 1657.505 | R29: =$Q$6 -> -6.7916667
Q30: =FGE!L8 -> 1657.505 | R30: =$Q$7 -> 6.7916667
Q32: =FGE!M8 -> 1668.0525 | R32: =$Q$6 -> -6.7916667
Q33: =FGE!M8 -> 1668.0525 | R33: =$Q$7 -> 6.7916667
Q35: =FGE!N8 -> 1678.6 | R35: =$Q$6 -> -6.7916667
B36: Figure 1. FGE grid for Span 1 in plan, read from the FGE table: every red point is one finished-grade elevation. | Q36: =FGE!N8 -> 1678.6 | R36: =$Q$7 -> 6.7916667
B37: A barrier-face (gutter) line is not tabulated: the notebook does not define the barrier. Add the barrier to the notebook CONFIG first if that line is wanted.
B38: Symbol | C38: Meaning | H38: Workbook name / location | K38: Units / value | Q38: =FGE!O8 -> 1689.1475 | R38: =$Q$6 -> -6.7916667
B39: N | C39: Increments between bearings | H39: Des_FGEInc | K39: 10 | Q39: =FGE!O8 -> 1689.1475 | R39: =$Q$7 -> 6.7916667
B40: W, yc | C40: Deck width and center offset | H40: Deck_W, Deck_C | K40: ft
B41: δ(y) | C41: Cross-slope drop at the line offset | H41: FGE column D | K41: ft | Q41: =FGE!P8 -> 1699.695 | R41: =$Q$6 -> -6.7916667
Q42: =FGE!P8 -> 1699.695 | R42: =$Q$7 -> 6.7916667
Q44: =FGE!Q8 -> 1700.57 | R44: =$Q$6 -> -6.7916667
Q45: =FGE!Q8 -> 1700.57 | R45: =$Q$7 -> 6.7916667
P47: =FGE!B12 -> Left coping (deck edge) | Q47: =FGE!E8 -> 1593.22 | R47: =FGE!$C$12 -> -6.7916667
Q48: =FGE!F8 -> 1594.22 | R48: =FGE!$C$12 -> -6.7916667
Q49: =FGE!G8 -> 1604.7675 | R49: =FGE!$C$12 -> -6.7916667
Q50: =FGE!H8 -> 1615.315 | R50: =FGE!$C$12 -> -6.7916667
Q51: =FGE!I8 -> 1625.8625 | R51: =FGE!$C$12 -> -6.7916667
Q52: =FGE!J8 -> 1636.41 | R52: =FGE!$C$12 -> -6.7916667
Q53: =FGE!K8 -> 1646.9575 | R53: =FGE!$C$12 -> -6.7916667
Q54: =FGE!L8 -> 1657.505 | R54: =FGE!$C$12 -> -6.7916667
Q55: =FGE!M8 -> 1668.0525 | R55: =FGE!$C$12 -> -6.7916667
Q56: =FGE!N8 -> 1678.6 | R56: =FGE!$C$12 -> -6.7916667
Q57: =FGE!O8 -> 1689.1475 | R57: =FGE!$C$12 -> -6.7916667
Q58: =FGE!P8 -> 1699.695 | R58: =FGE!$C$12 -> -6.7916667
Q59: =FGE!Q8 -> 1700.57 | R59: =FGE!$C$12 -> -6.7916667
P61: =FGE!B12 -> Left coping (deck edge) | Q61: =FGE!E8-1.5 -> 1591.72 | R61: =FGE!$C$12 -> -6.7916667
P63: =FGE!B13 -> CL Beam 1-1 | Q63: =FGE!E8 -> 1593.22 | R63: =FGE!$C$13 -> -4.2916667
Q64: =FGE!F8 -> 1594.22 | R64: =FGE!$C$13 -> -4.2916667
Q65: =FGE!G8 -> 1604.7675 | R65: =FGE!$C$13 -> -4.2916667
Q66: =FGE!H8 -> 1615.315 | R66: =FGE!$C$13 -> -4.2916667
Q67: =FGE!I8 -> 1625.8625 | R67: =FGE!$C$13 -> -4.2916667
Q68: =FGE!J8 -> 1636.41 | R68: =FGE!$C$13 -> -4.2916667
Q69: =FGE!K8 -> 1646.9575 | R69: =FGE!$C$13 -> -4.2916667
Q70: =FGE!L8 -> 1657.505 | R70: =FGE!$C$13 -> -4.2916667
Q71: =FGE!M8 -> 1668.0525 | R71: =FGE!$C$13 -> -4.2916667
Q72: =FGE!N8 -> 1678.6 | R72: =FGE!$C$13 -> -4.2916667
Q73: =FGE!O8 -> 1689.1475 | R73: =FGE!$C$13 -> -4.2916667
Q74: =FGE!P8 -> 1699.695 | R74: =FGE!$C$13 -> -4.2916667
Q75: =FGE!Q8 -> 1700.57 | R75: =FGE!$C$13 -> -4.2916667
P77: =FGE!B13 -> CL Beam 1-1 | Q77: =FGE!E8-1.5 -> 1591.72 | R77: =FGE!$C$13 -> -4.2916667
P79: =FGE!B14 -> PGL | Q79: =FGE!E8 -> 1593.22 | R79: =FGE!$C$14 -> 0
Q80: =FGE!F8 -> 1594.22 | R80: =FGE!$C$14 -> 0
Q81: =FGE!G8 -> 1604.7675 | R81: =FGE!$C$14 -> 0
Q82: =FGE!H8 -> 1615.315 | R82: =FGE!$C$14 -> 0
Q83: =FGE!I8 -> 1625.8625 | R83: =FGE!$C$14 -> 0
Q84: =FGE!J8 -> 1636.41 | R84: =FGE!$C$14 -> 0
Q85: =FGE!K8 -> 1646.9575 | R85: =FGE!$C$14 -> 0
Q86: =FGE!L8 -> 1657.505 | R86: =FGE!$C$14 -> 0
Q87: =FGE!M8 -> 1668.0525 | R87: =FGE!$C$14 -> 0
Q88: =FGE!N8 -> 1678.6 | R88: =FGE!$C$14 -> 0
Q89: =FGE!O8 -> 1689.1475 | R89: =FGE!$C$14 -> 0
Q90: =FGE!P8 -> 1699.695 | R90: =FGE!$C$14 -> 0
Q91: =FGE!Q8 -> 1700.57 | R91: =FGE!$C$14 -> 0
P93: =FGE!B14 -> PGL | Q93: =FGE!E8-1.5 -> 1591.72 | R93: =FGE!$C$14 -> 0
P95: =FGE!B15 -> CL Beam 1-2 | Q95: =FGE!E8 -> 1593.22 | R95: =FGE!$C$15 -> 4.2916667
Q96: =FGE!F8 -> 1594.22 | R96: =FGE!$C$15 -> 4.2916667
Q97: =FGE!G8 -> 1604.7675 | R97: =FGE!$C$15 -> 4.2916667
Q98: =FGE!H8 -> 1615.315 | R98: =FGE!$C$15 -> 4.2916667
Q99: =FGE!I8 -> 1625.8625 | R99: =FGE!$C$15 -> 4.2916667
Q100: =FGE!J8 -> 1636.41 | R100: =FGE!$C$15 -> 4.2916667
Q101: =FGE!K8 -> 1646.9575 | R101: =FGE!$C$15 -> 4.2916667
Q102: =FGE!L8 -> 1657.505 | R102: =FGE!$C$15 -> 4.2916667
Q103: =FGE!M8 -> 1668.0525 | R103: =FGE!$C$15 -> 4.2916667
Q104: =FGE!N8 -> 1678.6 | R104: =FGE!$C$15 -> 4.2916667
Q105: =FGE!O8 -> 1689.1475 | R105: =FGE!$C$15 -> 4.2916667
Q106: =FGE!P8 -> 1699.695 | R106: =FGE!$C$15 -> 4.2916667
Q107: =FGE!Q8 -> 1700.57 | R107: =FGE!$C$15 -> 4.2916667
P109: =FGE!B15 -> CL Beam 1-2 | Q109: =FGE!E8-1.5 -> 1591.72 | R109: =FGE!$C$15 -> 4.2916667
P111: =FGE!B16 -> Right coping (deck edge) | Q111: =FGE!E8 -> 1593.22 | R111: =FGE!$C$16 -> 6.7916667
Q112: =FGE!F8 -> 1594.22 | R112: =FGE!$C$16 -> 6.7916667
Q113: =FGE!G8 -> 1604.7675 | R113: =FGE!$C$16 -> 6.7916667
Q114: =FGE!H8 -> 1615.315 | R114: =FGE!$C$16 -> 6.7916667
Q115: =FGE!I8 -> 1625.8625 | R115: =FGE!$C$16 -> 6.7916667
Q116: =FGE!J8 -> 1636.41 | R116: =FGE!$C$16 -> 6.7916667
Q117: =FGE!K8 -> 1646.9575 | R117: =FGE!$C$16 -> 6.7916667
Q118: =FGE!L8 -> 1657.505 | R118: =FGE!$C$16 -> 6.7916667
Q119: =FGE!M8 -> 1668.0525 | R119: =FGE!$C$16 -> 6.7916667
...

Sheet Bearing Seats
A1: Bearing Seats | P1: Project | Q1: =""&TB_Project -> D2 I-95 Pedestrian Bridge
A2: Pad-top planes, bearing slopes, pedestal tops and pedestal corner elevations | P2: Job No. | Q2: =""&TB_JobNo
P3: Calc. by / date | Q3: =TB_CalcBy&" "&TB_CalcDate
P4: Check. by / date | Q4: =TB_CheckBy&" "&TB_CheckDate
A6: A. Seat plane at each bearing (soffit chord over the pad length)
B7: Support | C7: Span | D7: Face | E7: Beam | F7: Beam ID | G7: Offset (ft) | H7: CL brg s (ft) | I7: Pad L (in) | J7: Pad T (in) | K7: s lo (ft) | L7: s hi (ft) | M7: t lo | N7: t hi | O7: t brg | P7: Soffit @ s lo | Q7: Soffit @ s hi | R7: Soffit @ CL brg | S7: Pad-top plane (ft) | T7: Bearing slope | U7: Chord gap (in) | V7: Pedestal top @ CL brg (ft) | W7: Pad on beam
B8: End Bent 1 | C8: 1 | D8: Start | E8: 1 | F8: 1-1 | G8: =Bm1_Off -> -4.2916667 | H8: =Sp1_BrgA -> 1594.22 | I8: =EB1_PadL -> 10 | J8: =EB1_Pad -> 2.5625 | K8: =H8-I8/24 -> 1593.8033 | L8: =H8+I8/24 -> 1594.6367 | M8: =(K8-Sp1_BrgA)/Sp1_Lb -> -0.0039503832 | N8: =(L8-Sp1_BrgA)/Sp1_Lb -> 0.0039503832 | O8: =(H8-Sp1_BrgA)/Sp1_Lb -> 0 | P8: =(Sp1_ZA+(Sp1_ZB-Sp1_ZA)*(M8)-Sup_Drop+Sp1_C/3*(M8)*(1-(M8))+(Bm1_Raise)/12) -> 43.948987 | Q8: =(Sp1_ZA+(Sp1_ZB-Sp1_ZA)*(N8)-Sup_Drop+Sp1_C/3*(N8)*(1-(N8))+(Bm1_Raise)/12) -> 43.953481 | R8: =(Sp1_ZA+(Sp1_ZB-Sp1_ZA)*(O8)-Sup_Drop+Sp1_C/3*(O8)*(1-(O8))+(Bm1_Raise)/12) -> 43.951235 | S8: =(P8+Q8)/2 -> 43.951234 | T8: =(Q8-P8)/(I8/12) -> 0.0053925868 | U8: =(R8-S8)*12 -> 7.7773419e-06 | V8: =S8-J8/12 -> 43.737692 | W8: =IF(AND(K8>=Sp1_Bm0-0.000000001,L8<=Sp1_Bm1+0.000000001),"PASS","FAIL") -> PASS
B9: End Bent 1 | C9: 1 | D9: Start | E9: 2 | F9: 1-2 | G9: =Bm2_Off -> 4.2916667 | H9: =Sp1_BrgA -> 1594.22 | I9: =EB1_PadL -> 10 | J9: =EB1_Pad -> 2.5625 | K9: =H9-I9/24 -> 1593.8033 | L9: =H9+I9/24 -> 1594.6367 | M9: =(K9-Sp1_BrgA)/Sp1_Lb -> -0.0039503832 | N9: =(L9-Sp1_BrgA)/Sp1_Lb -> 0.0039503832 | O9: =(H9-Sp1_BrgA)/Sp1_Lb -> 0 | P9: =(Sp1_ZA+(Sp1_ZB-Sp1_ZA)*(M9)-Sup_Drop+Sp1_C/3*(M9)*(1-(M9))+(Bm2_Raise)/12) -> 43.948987 | Q9: =(Sp1_ZA+(Sp1_ZB-Sp1_ZA)*(N9)-Sup_Drop+Sp1_C/3*(N9)*(1-(N9))+(Bm2_Raise)/12) -> 43.953481 | R9: =(Sp1_ZA+(Sp1_ZB-Sp1_ZA)*(O9)-Sup_Drop+Sp1_C/3*(O9)*(1-(O9))+(Bm2_Raise)/12) -> 43.951235 | S9: =(P9+Q9)/2 -> 43.951234 | T9: =(Q9-P9)/(I9/12) -> 0.0053925868 | U9: =(R9-S9)*12 -> 7.7773419e-06 | V9: =S9-J9/12 -> 43.737692 | W9: =IF(AND(K9>=Sp1_Bm0-0.000000001,L9<=Sp1_Bm1+0.000000001),"PASS","FAIL") -> PASS
B10: Pier | C10: 1 | D10: End | E10: 1 | F10: 1-1 | G10: =Bm1_Off -> -4.2916667 | H10: =Sp1_BrgB -> 1699.695 | I10: =Pier_PadL -> 10 | J10: =Pier_Pad -> 2.5625 | K10: =H10-I10/24 -> 1699.2783 | L10: =H10+I10/24 -> 1700.1117 | M10: =(K10-Sp1_BrgA)/Sp1_Lb -> 0.99604962 | N10: =(L10-Sp1_BrgA)/Sp1_Lb -> 1.0039504 | O10: =(H10-Sp1_BrgA)/Sp1_Lb -> 1 | P10: =(Sp1_ZA+(Sp1_ZB-Sp1_ZA)*(M10)-Sup_Drop+Sp1_C/3*(M10)*(1-(M10))+(Bm1_Raise)/12) -> 44.476567 | Q10: =(Sp1_ZA+(Sp1_ZB-Sp1_ZA)*(N10)-Sup_Drop+Sp1_C/3*(N10)*(1-(N10))+(Bm1_Raise)/12) -> 44.480405 | R10: =(Sp1_ZA+(Sp1_ZB-Sp1_ZA)*(O10)-Sup_Drop+Sp1_C/3*(O10)*(1-(O10))+(Bm1_Raise)/12) -> 44.478487 | S10: =(P10+Q10)/2 -> 44.478486 | T10: =(Q10-P10)/(I10/12) -> 0.0046050843 | U10: =(R10-S10)*12 -> 7.7773419e-06 | V10: =S10-J10/12 -> 44.264944 | W10: =IF(AND(K10>=Sp1_Bm0-0.000000001,L10<=Sp1_Bm1+0.000000001),"PASS","FAIL") -> PASS
B11: Pier | C11: 1 | D11: End | E11: 2 | F11: 1-2 | G11: =Bm2_Off -> 4.2916667 | H11: =Sp1_BrgB -> 1699.695 | I11: =Pier_PadL -> 10 | J11: =Pier_Pad -> 2.5625 | K11: =H11-I11/24 -> 1699.2783 | L11: =H11+I11/24 -> 1700.1117 | M11: =(K11-Sp1_BrgA)/Sp1_Lb -> 0.99604962 | N11: =(L11-Sp1_BrgA)/Sp1_Lb -> 1.0039504 | O11: =(H11-Sp1_BrgA)/Sp1_Lb -> 1 | P11: =(Sp1_ZA+(Sp1_ZB-Sp1_ZA)*(M11)-Sup_Drop+Sp1_C/3*(M11)*(1-(M11))+(Bm2_Raise)/12) -> 44.476567 | Q11: =(Sp1_ZA+(Sp1_ZB-Sp1_ZA)*(N11)-Sup_Drop+Sp1_C/3*(N11)*(1-(N11))+(Bm2_Raise)/12) -> 44.480405 | R11: =(Sp1_ZA+(Sp1_ZB-Sp1_ZA)*(O11)-Sup_Drop+Sp1_C/3*(O11)*(1-(O11))+(Bm2_Raise)/12) -> 44.478487 | S11: =(P11+Q11)/2 -> 44.478486 | T11: =(Q11-P11)/(I11/12) -> 0.0046050843 | U11: =(R11-S11)*12 -> 7.7773419e-06 | V11: =S11-J11/12 -> 44.264944 | W11: =IF(AND(K11>=Sp1_Bm0-0.000000001,L11<=Sp1_Bm1+0.000000001),"PASS","FAIL") -> PASS
B12: Pier | C12: 2 | D12: Start | E12: 1 | F12: 2-1 | G12: =Bm1_Off -> -4.2916667 | H12: =Sp2_BrgA -> 1701.445 | I12: =Pier_PadL -> 10 | J12: =Pier_Pad -> 2.5625 | K12: =H12-I12/24 -> 1701.0283 | L12: =H12+I12/24 -> 1701.8617 | M12: =(K12-Sp2_BrgA)/Sp2_Lb -> -0.0040443258 | N12: =(L12-Sp2_BrgA)/Sp2_Lb -> 0.0040443258 | O12: =(H12-Sp2_BrgA)/Sp2_Lb -> 0 | P12: =(Sp2_ZA+(Sp2_ZB-Sp2_ZA)*(M12)-Sup_Drop+Sp2_C/3*(M12)*(1-(M12))+(Bm1_Raise)/12) -> 44.479801 | Q12: =(Sp2_ZA+(Sp2_ZB-Sp2_ZA)*(N12)-Sup_Drop+Sp2_C/3*(N12)*(1-(N12))+(Bm1_Raise)/12) -> 44.477162 | R12: =(Sp2_ZA+(Sp2_ZB-Sp2_ZA)*(O12)-Sup_Drop+Sp2_C/3*(O12)*(1-(O12))+(Bm1_Raise)/12) -> 44.478485 | S12: =(P12+Q12)/2 -> 44.478482 | T12: =(Q12-P12)/(I12/12) -> -0.0031661307 | U12: =(R12-S12)*12 -> 3.7107922e-05 | V12: =S12-J12/12 -> 44.26494 | W12: =IF(AND(K12>=Sp2_Bm0-0.000000001,L12<=Sp2_Bm1+0.000000001),"PASS","FAIL") -> PASS
B13: Pier | C13: 2 | D13: Start | E13: 2 | F13: 2-2 | G13: =Bm2_Off -> 4.2916667 | H13: =Sp2_BrgA -> 1701.445 | I13: =Pier_PadL -> 10 | J13: =Pier_Pad -> 2.5625 | K13: =H13-I13/24 -> 1701.0283 | L13: =H13+I13/24 -> 1701.8617 | M13: =(K13-Sp2_BrgA)/Sp2_Lb -> -0.0040443258 | N13: =(L13-Sp2_BrgA)/Sp2_Lb -> 0.0040443258 | O13: =(H13-Sp2_BrgA)/Sp2_Lb -> 0 | P13: =(Sp2_ZA+(Sp2_ZB-Sp2_ZA)*(M13)-Sup_Drop+Sp2_C/3*(M13)*(1-(M13))+(Bm2_Raise)/12) -> 44.479801 | Q13: =(Sp2_ZA+(Sp2_ZB-Sp2_ZA)*(N13)-Sup_Drop+Sp2_C/3*(N13)*(1-(N13))+(Bm2_Raise)/12) -> 44.477162 | R13: =(Sp2_ZA+(Sp2_ZB-Sp2_ZA)*(O13)-Sup_Drop+Sp2_C/3*(O13)*(1-(O13))+(Bm2_Raise)/12) -> 44.478485 | S13: =(P13+Q13)/2 -> 44.478482 | T13: =(Q13-P13)/(I13/12) -> -0.0031661307 | U13: =(R13-S13)*12 -> 3.7107922e-05 | V13: =S13-J13/12 -> 44.26494 | W13: =IF(AND(K13>=Sp2_Bm0-0.000000001,L13<=Sp2_Bm1+0.000000001),"PASS","FAIL") -> PASS
B14: End Bent 2 | C14: 2 | D14: End | E14: 1 | F14: 2-1 | G14: =Bm1_Off -> -4.2916667 | H14: =Sp2_BrgB -> 1804.47 | I14: =EB2_PadL -> 10 | J14: =EB2_Pad -> 2.5625 | K14: =H14-I14/24 -> 1804.0533 | L14: =H14+I14/24 -> 1804.8867 | M14: =(K14-Sp2_BrgA)/Sp2_Lb -> 0.99595567 | N14: =(L14-Sp2_BrgA)/Sp2_Lb -> 1.0040443 | O14: =(H14-Sp2_BrgA)/Sp2_Lb -> 1 | P14: =(Sp2_ZA+(Sp2_ZB-Sp2_ZA)*(M14)-Sup_Drop+Sp2_C/3*(M14)*(1-(M14))+(Bm1_Raise)/12) -> 43.966082 | Q14: =(Sp2_ZA+(Sp2_ZB-Sp2_ZA)*(N14)-Sup_Drop+Sp2_C/3*(N14)*(1-(N14))+(Bm1_Raise)/12) -> 43.960385 | R14: =(Sp2_ZA+(Sp2_ZB-Sp2_ZA)*(O14)-Sup_Drop+Sp2_C/3*(O14)*(1-(O14))+(Bm1_Raise)/12) -> 43.963237 | S14: =(P14+Q14)/2 -> 43.963234 | T14: =(Q14-P14)/(I14/12) -> -0.0068362526 | U14: =(R14-S14)*12 -> 3.7107922e-05 | V14: =S14-J14/12 -> 43.749692 | W14: =IF(AND(K14>=Sp2_Bm0-0.000000001,L14<=Sp2_Bm1+0.000000001),"PASS","FAIL") -> PASS
B15: End Bent 2 | C15: 2 | D15: End | E15: 2 | F15: 2-2 | G15: =Bm2_Off -> 4.2916667 | H15: =Sp2_BrgB -> 1804.47 | I15: =EB2_PadL -> 10 | J15: =EB2_Pad -> 2.5625 | K15: =H15-I15/24 -> 1804.0533 | L15: =H15+I15/24 -> 1804.8867 | M15: =(K15-Sp2_BrgA)/Sp2_Lb -> 0.99595567 | N15: =(L15-Sp2_BrgA)/Sp2_Lb -> 1.0040443 | O15: =(H15-Sp2_BrgA)/Sp2_Lb -> 1 | P15: =(Sp2_ZA+(Sp2_ZB-Sp2_ZA)*(M15)-Sup_Drop+Sp2_C/3*(M15)*(1-(M15))+(Bm2_Raise)/12) -> 43.966082 | Q15: =(Sp2_ZA+(Sp2_ZB-Sp2_ZA)*(N15)-Sup_Drop+Sp2_C/3*(N15)*(1-(N15))+(Bm2_Raise)/12) -> 43.960385 | R15: =(Sp2_ZA+(Sp2_ZB-Sp2_ZA)*(O15)-Sup_Drop+Sp2_C/3*(O15)*(1-(O15))+(Bm2_Raise)/12) -> 43.963237 | S15: =(P15+Q15)/2 -> 43.963234 | T15: =(Q15-P15)/(I15/12) -> -0.0068362526 | U15: =(R15-S15)*12 -> 3.7107922e-05 | V15: =S15-J15/12 -> 43.749692 | W15: =IF(AND(K15>=Sp2_Bm0-0.000000001,L15<=Sp2_Bm1+0.000000001),"PASS","FAIL") -> PASS
A17: B. End-bent pedestal tops: plane of the seat, level transversely (A/C back edge at FFBW, B/D span-side edge)
B18: Support | C18: Beam ID | D18: Back edge s (ft) | E18: Front edge s (ft) | F18: CL brg s (ft) | G18: Ped. top @ CL brg | H18: Slope | I18: EL A | J18: EL B | K18: EL C | L18: EL D | M18: Pad inside pedestal
B19: End Bent 1 | C19: 1-1 | D19: =Sp1_Sta0 -> 1593.22 | E19: =Sp1_Sta0+EB1_PedL/12 -> 1595.72 | F19: =H8 -> 1594.22 | G19: =V8 -> 43.737692 | H19: =T8 -> 0.0053925868 | I19: =G19+H19*(D19-F19) -> 43.7323 | J19: =G19+H19*(E19-F19) -> 43.745781 | K19: =I19 -> 43.7323 | L19: =J19 -> 43.745781 | M19: =IF(AND(K8>=MIN(D19,E19)-0.000000001,L8<=MAX(D19,E19)+0.000000001),"PASS","FAIL") -> PASS
B20: End Bent 1 | C20: 1-2 | D20: =Sp1_Sta0 -> 1593.22 | E20: =Sp1_Sta0+EB1_PedL/12 -> 1595.72 | F20: =H9 -> 1594.22 | G20: =V9 -> 43.737692 | H20: =T9 -> 0.0053925868 | I20: =G20+H20*(D20-F20) -> 43.7323 | J20: =G20+H20*(E20-F20) -> 43.745781 | K20: =I20 -> 43.7323 | L20: =J20 -> 43.745781 | M20: =IF(AND(K9>=MIN(D20,E20)-0.000000001,L9<=MAX(D20,E20)+0.000000001),"PASS","FAIL") -> PASS
B21: End Bent 2 | C21: 2-1 | D21: =Sp2_Sta1 -> 1805.47 | E21: =Sp2_Sta1-EB2_PedL/12 -> 1802.97 | F21: =H14 -> 1804.47 | G21: =V14 -> 43.749692 | H21: =T14 -> -0.0068362526 | I21: =G21+H21*(D21-F21) -> 43.742856 | J21: =G21+H21*(E21-F21) -> 43.759947 | K21: =I21 -> 43.742856 | L21: =J21 -> 43.759947 | M21: =IF(AND(K14>=MIN(D21,E21)-0.000000001,L14<=MAX(D21,E21)+0.000000001),"PASS","FAIL") -> PASS
B22: End Bent 2 | C22: 2-2 | D22: =Sp2_Sta1 -> 1805.47 | E22: =Sp2_Sta1-EB2_PedL/12 -> 1802.97 | F22: =H15 -> 1804.47 | G22: =V15 -> 43.749692 | H22: =T15 -> -0.0068362526 | I22: =G22+H22*(D22-F22) -> 43.742856 | J22: =G22+H22*(E22-F22) -> 43.759947 | K22: =I22 -> 43.742856 | L22: =J22 -> 43.759947 | M22: =IF(AND(K15>=MIN(D22,E22)-0.000000001,L15<=MAX(D22,E22)+0.000000001),"PASS","FAIL") -> PASS
A24: C. Pier pedestal tops: Span 1 seat plane, straight transition between pad ends (E to F), Span 2 seat plane
B25: Beam | C25: s A/C face (ft) | D25: s E pad end (ft) | E25: s F pad start (ft) | F25: s B/D face (ft) | G25: EL A = EL C | H25: EL E | I25: EL F | J25: EL B = EL D | K25: EL @ CL pier | L25: Order check
B26: Beam line 1 | C26: =Pier_Sta-Pier_PedL/24 -> 1698.57 | D26: =L10 -> 1700.1117 | E26: =K12 -> 1701.0283 | F26: =Pier_Sta+Pier_PedL/24 -> 1702.57 | G26: =V10+T10*(C26-H10) -> 44.259764 | H26: =V10+T10*(D26-H10) -> 44.266863 | I26: =V12+T12*(E26-H12) -> 44.266259 | J26: =V12+T12*(F26-H12) -> 44.261378 | K26: =H26+(I26-H26)*(Pier_Sta-D26)/(E26-D26) -> 44.266561 | L26: =IF(AND(C26<D26,D26<E26,E26<F26,K10>=C26-0.000000001,L12<=F26+0.000000001),"PASS","FAIL") -> PASS
B27: Beam line 2 | C27: =Pier_Sta-Pier_PedL/24 -> 1698.57 | D27: =L11 -> 1700.1117 | E27: =K13 -> 1701.0283 | F27: =Pier_Sta+Pier_PedL/24 -> 1702.57 | G27: =V11+T11*(C27-H11) -> 44.259764 | H27: =V11+T11*(D27-H11) -> 44.266863 | I27: =V13+T13*(E27-H13) -> 44.266259 | J27: =V13+T13*(F27-H13) -> 44.261378 | K27: =H27+(I27-H27)*(Pier_Sta-D27)/(E27-D27) -> 44.266561 | L27: =IF(AND(C27<D27,D27<E27,E27<F27,K11>=C27-0.000000001,L13<=F27+0.000000001),"PASS","FAIL") -> PASS
A29: D. Bearing plate data (template method; slope from the notebook seat plane)
B30: Brg plate mark | C30: Span | D30: Beam | E30: Pad type | F30: Beam end | G30: Plan view case | H30: Slope (%) | I30: Beveled plate req. | J30: C (in) | K30: X (in) | L30: Y (in) | M30: Pad dims match type
B31: 1-1-1 | C31: 1 | D31: 1 | E31: =Des_PadType -> F | F31: 1 | G31: =Des_PlanCase -> 1 | H31: =T8*100 -> 0.53925868 | I31: =IF(ABS(T8)>Des_BevelLimit,"YES","NO") -> NO | J31: =IF(I31="YES",IF(OR(E31="D",E31="E",E31="F",E31="G",E31="H",E31="J",E31="AA",E31="AB"),12,IF(E31="K",13.5,"N/A")),"N/A") -> N/A | K31: =IF(I31="NO","N/A",IF(T8>0,0.5+J31*T8,0.5)) -> N/A | L31: =IF(I31="NO","N/A",IF(T8<0,0.5-J31*T8,0.5)) -> N/A | M31: =IF(AND(ABS(INDEX(Pad_Table,MATCH(E31,INDEX(Pad_Table,0,1),0),2)-EB1_PadL)<0.000000001,ABS(INDEX(Pad_Table,MATCH(E31,INDEX(Pad_Table,0,1),0),3)-EB1_PadW)<0.000000001,ABS(INDEX(Pad_Table,MATCH(E31,INDEX(Pad_Table,0,1),0),4)-EB1_Pad)<0.000000001),"PASS","FAIL") -> PASS
B32: 1-2-1 | C32: 1 | D32: 2 | E32: =Des_PadType -> F | F32: 1 | G32: =Des_PlanCase -> 1 | H32: =T9*100 -> 0.53925868 | I32: =IF(ABS(T9)>Des_BevelLimit,"YES","NO") -> NO | J32: =IF(I32="YES",IF(OR(E32="D",E32="E",E32="F",E32="G",E32="H",E32="J",E32="AA",E32="AB"),12,IF(E32="K",13.5,"N/A")),"N/A") -> N/A | K32: =IF(I32="NO","N/A",IF(T9>0,0.5+J32*T9,0.5)) -> N/A | L32: =IF(I32="NO","N/A",IF(T9<0,0.5-J32*T9,0.5)) -> N/A | M32: =IF(AND(ABS(INDEX(Pad_Table,MATCH(E32,INDEX(Pad_Table,0,1),0),2)-EB1_PadL)<0.000000001,ABS(INDEX(Pad_Table,MATCH(E32,INDEX(Pad_Table,0,1),0),3)-EB1_PadW)<0.000000001,ABS(INDEX(Pad_Table,MATCH(E32,INDEX(Pad_Table,0,1),0),4)-EB1_Pad)<0.000000001),"PASS","FAIL") -> PASS
B33: 1-1-2 | C33: 1 | D33: 1 | E33: =Des_PadType -> F | F33: 2 | G33: =Des_PlanCase -> 1 | H33: =T10*100 -> 0.46050843 | I33: =IF(ABS(T10)>Des_BevelLimit,"YES","NO") -> NO | J33: =IF(I33="YES",IF(OR(E33="D",E33="E",E33="F",E33="G",E33="H",E33="J",E33="AA",E33="AB"),12,IF(E33="K",13.5,"N/A")),"N/A") -> N/A | K33: =IF(I33="NO","N/A",IF(T10>0,0.5+J33*T10,0.5)) -> N/A | L33: =IF(I33="NO","N/A",IF(T10<0,0.5-J33*T10,0.5)) -> N/A | M33: =IF(AND(ABS(INDEX(Pad_Table,MATCH(E33,INDEX(Pad_Table,0,1),0),2)-Pier_PadL)<0.000000001,ABS(INDEX(Pad_Table,MATCH(E33,INDEX(Pad_Table,0,1),0),3)-Pier_PadW)<0.000000001,ABS(INDEX(Pad_Table,MATCH(E33,INDEX(Pad_Table,0,1),0),4)-Pier_Pad)<0.000000001),"PASS","FAIL") -> PASS
B34: 1-2-2 | C34: 1 | D34: 2 | E34: =Des_PadType -> F | F34: 2 | G34: =Des_PlanCase -> 1 | H34: =T11*100 -> 0.46050843 | I34: =IF(ABS(T11)>Des_BevelLimit,"YES","NO") -> NO | J34: =IF(I34="YES",IF(OR(E34="D",E34="E",E34="F",E34="G",E34="H",E34="J",E34="AA",E34="AB"),12,IF(E34="K",13.5,"N/A")),"N/A") -> N/A | K34: =IF(I34="NO","N/A",IF(T11>0,0.5+J34*T11,0.5)) -> N/A | L34: =IF(I34="NO","N/A",IF(T11<0,0.5-J34*T11,0.5)) -> N/A | M34: =IF(AND(ABS(INDEX(Pad_Table,MATCH(E34,INDEX(Pad_Table,0,1),0),2)-Pier_PadL)<0.000000001,ABS(INDEX(Pad_Table,MATCH(E34,INDEX(Pad_Table,0,1),0),3)-Pier_PadW)<0.000000001,ABS(INDEX(Pad_Table,MATCH(E34,INDEX(Pad_Table,0,1),0),4)-Pier_Pad)<0.000000001),"PASS","FAIL") -> PASS
B35: 2-1-1 | C35: 2 | D35: 1 | E35: =Des_PadType -> F | F35: 1 | G35: =Des_PlanCase -> 1 | H35: =T12*100 -> -0.31661307 | I35: =IF(ABS(T12)>Des_BevelLimit,"YES","NO") -> NO | J35: =IF(I35="YES",IF(OR(E35="D",E35="E",E35="F",E35="G",E35="H",E35="J",E35="AA",E35="AB"),12,IF(E35="K",13.5,"N/A")),"N/A") -> N/A | K35: =IF(I35="NO","N/A",IF(T12>0,0.5+J35*T12,0.5)) -> N/A | L35: =IF(I35="NO","N/A",IF(T12<0,0.5-J35*T12,0.5)) -> N/A | M35: =IF(AND(ABS(INDEX(Pad_Table,MATCH(E35,INDEX(Pad_Table,0,1),0),2)-Pier_PadL)<0.000000001,ABS(INDEX(Pad_Table,MATCH(E35,INDEX(Pad_Table,0,1),0),3)-Pier_PadW)<0.000000001,ABS(INDEX(Pad_Table,MATCH(E35,INDEX(Pad_Table,0,1),0),4)-Pier_Pad)<0.000000001),"PASS","FAIL") -> PASS
B36: 2-2-1 | C36: 2 | D36: 2 | E36: =Des_PadType -> F | F36: 1 | G36: =Des_PlanCase -> 1 | H36: =T13*100 -> -0.31661307 | I36: =IF(ABS(T13)>Des_BevelLimit,"YES","NO") -> NO | J36: =IF(I36="YES",IF(OR(E36="D",E36="E",E36="F",E36="G",E36="H",E36="J",E36="AA",E36="AB"),12,IF(E36="K",13.5,"N/A")),"N/A") -> N/A | K36: =IF(I36="NO","N/A",IF(T13>0,0.5+J36*T13,0.5)) -> N/A | L36: =IF(I36="NO","N/A",IF(T13<0,0.5-J36*T13,0.5)) -> N/A | M36: =IF(AND(ABS(INDEX(Pad_Table,MATCH(E36,INDEX(Pad_Table,0,1),0),2)-Pier_PadL)<0.000000001,ABS(INDEX(Pad_Table,MATCH(E36,INDEX(Pad_Table,0,1),0),3)-Pier_PadW)<0.000000001,ABS(INDEX(Pad_Table,MATCH(E36,INDEX(Pad_Table,0,1),0),4)-Pier_Pad)<0.000000001),"PASS","FAIL") -> PASS
B37: 2-1-2 | C37: 2 | D37: 1 | E37: =Des_PadType -> F | F37: 2 | G37: =Des_PlanCase -> 1 | H37: =T14*100 -> -0.68362526 | I37: =IF(ABS(T14)>Des_BevelLimit,"YES","NO") -> NO | J37: =IF(I37="YES",IF(OR(E37="D",E37="E",E37="F",E37="G",E37="H",E37="J",E37="AA",E37="AB"),12,IF(E37="K",13.5,"N/A")),"N/A") -> N/A | K37: =IF(I37="NO","N/A",IF(T14>0,0.5+J37*T14,0.5)) -> N/A | L37: =IF(I37="NO","N/A",IF(T14<0,0.5-J37*T14,0.5)) -> N/A | M37: =IF(AND(ABS(INDEX(Pad_Table,MATCH(E37,INDEX(Pad_Table,0,1),0),2)-EB2_PadL)<0.000000001,ABS(INDEX(Pad_Table,MATCH(E37,INDEX(Pad_Table,0,1),0),3)-EB2_PadW)<0.000000001,ABS(INDEX(Pad_Table,MATCH(E37,INDEX(Pad_Table,0,1),0),4)-EB2_Pad)<0.000000001),"PASS","FAIL") -> PASS
B38: 2-2-2 | C38: 2 | D38: 2 | E38: =Des_PadType -> F | F38: 2 | G38: =Des_PlanCase -> 1 | H38: =T15*100 -> -0.68362526 | I38: =IF(ABS(T15)>Des_BevelLimit,"YES","NO") -> NO | J38: =IF(I38="YES",IF(OR(E38="D",E38="E",E38="F",E38="G",E38="H",E38="J",E38="AA",E38="AB"),12,IF(E38="K",13.5,"N/A")),"N/A") -> N/A | K38: =IF(I38="NO","N/A",IF(T15>0,0.5+J38*T15,0.5)) -> N/A | L38: =IF(I38="NO","N/A",IF(T15<0,0.5-J38*T15,0.5)) -> N/A | M38: =IF(AND(ABS(INDEX(Pad_Table,MATCH(E38,INDEX(Pad_Table,0,1),0),2)-EB2_PadL)<0.000000001,ABS(INDEX(Pad_Table,MATCH(E38,INDEX(Pad_Table,0,1),0),3)-EB2_PadW)<0.000000001,ABS(INDEX(Pad_Table,MATCH(E38,INDEX(Pad_Table,0,1),0),4)-EB2_Pad)<0.000000001),"PASS","FAIL") -> PASS

Sheet Bearing Seats Method
B1: Bearing Seats - Method | P1: Figure data
B2: Seat planes, bearing slopes, pedestal tops and bearing plate data | P2: Live formulas that draw the charts on this tab. Do not edit; change the notebook CONFIG and rebuild.
B3: =IF(Inputs_Edited=0,"LIVE Charts, tables and the numbers quoted in this text are workbook formulas. Inputs match the notebook build (model "&Build_Model&", built "&Build_Time&").",Inputs_Edited&" INPUT(S) EDITED SINCE THE NOTEBOOK BUILD The charts and tables follow the edited inputs, which no longer match the geometry notebook (QC "&QC_Overall&"). Change the notebook CONFIG and rebuild.") -> LIVE Charts, tables and the numbers quoted in this text are workbook formulas. Inputs match the notebook build (model e9b41b8eaf, built 2026-10-19 12:13).
P4: Pier pedestal top along beam line 1
B5: 1. Seat plane over the pad | P5: Series / label text | Q5: x | R5: y | S5: error +
B6: The pad top is the chord of the cambered soffit between the pad ends, so the pad bears on a plane rather than a point. The chord gap at the bearing centerline is reported (it is a few millionths of an inch): | P6: Window bottom (ft) | Q6: =MIN('Bearing Seats'!$G$26,'Bearing Seats'!$H$26,'Bearing Seats'!$I$26,'Bearing Seats'!$J$26)-0.006 -> 44.253764
P7: Window top (ft) | Q7: =MAX('Bearing Seats'!$G$26,'Bearing Seats'!$H$26,'Bearing Seats'!$I$26,'Bearing Seats'!$J$26)+0.004 -> 44.270863
P8: Pedestal outline | Q8: ='Bearing Seats'!$C$26 -> 1698.57 | R8: =$Q$6 -> 44.253764
Q9: ='Bearing Seats'!$C$26 -> 1698.57 | R9: ='Bearing Seats'!$G$26 -> 44.259764
Q10: ='Bearing Seats'!$D$26 -> 1700.1117 | R10: ='Bearing Seats'!$H$26 -> 44.266863
Q11: ='Bearing Seats'!$E$26 -> 1701.0283 | R11: ='Bearing Seats'!$I$26 -> 44.266259
Q12: ='Bearing Seats'!$F$26 -> 1702.57 | R12: ='Bearing Seats'!$J$26 -> 44.261378
Q13: ='Bearing Seats'!$F$26 -> 1702.57 | R13: =$Q$6 -> 44.253764
Q14: ='Bearing Seats'!$C$26 -> 1698.57 | R14: =$Q$6 -> 44.253764
P16: Pedestal top | Q16: ='Bearing Seats'!$C$26 -> 1698.57 | R16: ='Bearing Seats'!$G$26 -> 44.259764
Q17: ='Bearing Seats'!$D$26 -> 1700.1117 | R17: ='Bearing Seats'!$H$26 -> 44.266863
Q18: ='Bearing Seats'!$E$26 -> 1701.0283 | R18: ='Bearing Seats'!$I$26 -> 44.266259
Q19: ='Bearing Seats'!$F$26 -> 1702.57 | R19: ='Bearing Seats'!$J$26 -> 44.261378
P21: CL pier | Q21: =Pier_Sta -> 1700.57 | R21: =$Q$6 -> 44.253764
Q22: =Pier_Sta -> 1700.57 | R22: =$Q$7 -> 44.270863
P24: CL pier | Q24: =Pier_Sta -> 1700.57 | R24: =$Q$7 -> 44.270863
B26: Figure 1. Pad-top plane chords the soffit (curvature exaggerated). | P26: ="A/C"&CHAR(10)&TEXT('Bearing Seats'!$G$26,"0.0000") -> A/C 44.2598 | Q26: ='Bearing Seats'!$C$26 -> 1698.57 | R26: ='Bearing Seats'!$G$26 -> 44.259764
B28: 2. Pedestal tops | P28: ="E"&CHAR(10)&TEXT('Bearing Seats'!$H$26,"0.0000") -> E 44.2669 | Q28: ='Bearing Seats'!$D$26 -> 1700.1117 | R28: ='Bearing Seats'!$H$26 -> 44.266863
B29: Each pedestal top is the seat plane extended longitudinally and level transversely (with bevels at the transverse edges). End-bent pedestals run from the FFBW (corners A, C) to the span-side face (corners B, D). The pier carries one pedestal per beam line: Span 1 seat plane up to the Span 1 pad end (E), a straight transition to the Span 2 pad start (F), then the Span 2 seat plane.
P30: ="F"&CHAR(10)&TEXT('Bearing Seats'!$I$26,"0.0000") -> F 44.2663 | Q30: ='Bearing Seats'!$E$26 -> 1701.0283 | R30: ='Bearing Seats'!$I$26 -> 44.266259
P32: ="B/D"&CHAR(10)&TEXT('Bearing Seats'!$J$26,"0.0000") -> B/D 44.2614 | Q32: ='Bearing Seats'!$F$26 -> 1702.57 | R32: ='Bearing Seats'!$J$26 -> 44.261378
B48: Figure 2. Corner letters used in the CAD pedestal tables.
B65: ="Figure 3. Pier pedestal top along beam line 1, from Bearing Seats section C (the cap top, "&TEXT(Pier_Top,"0.0000")&" ft, is below this window)." -> Figure 3. Pier pedestal top along beam line 1, from Bearing Seats section C (the cap top, 43.7649 ft, is below this window).
B67: 3. Bearing plate data (BCC template rule)
B71: ="Difference from the BCC template: the template levels seats when |slope| < 0.5%. The notebook slopes every seat to the actual soffit chord, so the pedestal tops here follow the notebook. "&IF(MAX(MAX('Bearing Seats'!$T$8:$T$15),-MIN('Bearing Seats'!$T$8:$T$15))<=Des_BevelLimit,"All current slopes are within the "&TEXT(Des_BevelLimit*100,"0.0")&"% beveled-plate limit (largest "&TEXT(MAX(MAX('Bearing Seats'!$T$8:$T$15),-MIN('Bearing Seats'!$T$8:$T$15))*100,"0.000")&"%).","Some seat slopes exceed the beveled-plate limit; see the CAD Bearing Plates tab.") -> Difference from the BCC template: the template levels seats when |slope| < 0.5%. The notebook slopes every seat to the actual soffit chord, so the pedestal tops here follow the notebook. All current slopes are within the 2.0% beveled-plate limit (largest 0.684%).
B72: Symbol | C72: Meaning | H72: Workbook name / location | K72: Units / value
B73: Lp, tp | C73: Pad length and thickness | H73: EB1_PadL, EB1_Pad, Pier_PadL, Pier_Pad | K73: in
B74: β | C74: Bearing (seat) slope, + up-station | H74: Bearing Seats col T | K74: ft/ft
B75: zped | C75: Pedestal top at CL bearing | H75: Bearing Seats col V | K75: ft

Sheet Substructure
A1: Substructure | P1: Project | Q1: =""&TB_Project -> D2 I-95 Pedestrian Bridge
A2: Cap tops from the lowest pedestal, pedestal heights, cap corners and pile cutoffs | P2: Job No. | Q2: =""&TB_JobNo
P3: Calc. by / date | Q3: =TB_CalcBy&" "&TB_CalcDate
P4: Check. by / date | Q4: =TB_CheckBy&" "&TB_CheckDate
A6: A. Cap placement
B7: Support | C7: Datum station | D7: Cap CL station | E7: Cap width (ft) | F7: Cap depth (ft) | G7: Piles | H7: Pile size (in) | I7: Pile spacing (ft) | J7: Pile end clear (in) | K7: Cap length (ft) | L7: Length check | M7: Center offset | N7: Cross slope | O7: Min ped. (in) | P7: Fixed top | Q7: Lowest seat basis (ft) | R7: Cap top (ft) | S7: Cap underside (ft) | T7: Cap volume (ft3) | U7: Embedment (in) | V7: Embedment check
B8: Pier | C8: =Pier_Sta -> 1700.57 | D8: =Pier_Sta -> 1700.57 | E8: =Pier_Width -> 4 | F8: =Pier_Depth -> 3 | G8: =Pier_NPile -> 4 | H8: =Pier_PileD -> 20 | I8: =Pier_PileSpD*Pier_PileD/12 -> 5 | J8: =Pier_PileClr -> 15 | K8: =IF(ISNUMBER(Pier_LenFix),Pier_LenFix,(G8-1)*I8+H8/12+2*J8/12) -> 19.166667 | L8: =IF(ISNUMBER(Pier_LenFix),IF(ABS(Pier_LenFix-((G8-1)*I8+H8/12+2*J8/12))<0.00000001,"PASS","FAIL"),"PASS") -> PASS | M8: =Pier_Ctr -> 0 | N8: =Pier_Slope -> 0 | O8: =Pier_Reveal -> 6 | P8: =Pier_TopFix -> 0 | Q8: =MIN('Bearing Seats'!V10-N8*('Bearing Seats'!G10-M8),'Bearing Seats'!V11-N8*('Bearing Seats'!G11-M8),'Bearing Seats'!V12-N8*('Bearing Seats'!G12-M8),'Bearing Seats'!V13-N8*('Bearing Seats'!G13-M8)) -> 44.26494 | R8: =IF(ISNUMBER(Pier_TopFix),Pier_TopFix,Q8-O8/12) -> 43.76494 | S8: =R8-F8 -> 40.76494 | T8: =E8*K8*F8 -> 230 | U8: =Pier_Emb -> 12 | V8: =IF(AND(U8>=0,U8<=F8*12),"PASS","FAIL") -> PASS
B9: End Bent 1 | C9: =Sp1_Sta0 -> 1593.22 | D9: =C9+(EB1_Width/2-EB1_BW/12-EB1_Inset/12) -> 1593.97 | E9: =EB1_Width -> 3.5 | F9: =EB1_Depth -> 3 | G9: =EB1_NPile -> 4 | H9: =EB1_PileW -> 18 | I9: =EB1_PileSp/12 -> 4.5 | J9: =EB1_PileClr -> 27.5 | K9: =IF(ISNUMBER(EB1_LenFix),EB1_LenFix,(G9-1)*I9+H9/12+2*J9/12) -> 19.583333 | L9: =IF(ISNUMBER(EB1_LenFix),IF(ABS(EB1_LenFix-((G9-1)*I9+H9/12+2*J9/12))<0.00000001,"PASS","FAIL"),"PASS") -> PASS | M9: =EB1_Ctr -> 0 | N9: =EB1_Slope -> 0 | O9: =EB1_Reveal -> 6 | P9: =EB1_TopFix -> 0 | Q9: =MIN('Bearing Seats'!V8-N9*('Bearing Seats'!G8-M9),'Bearing Seats'!V9-N9*('Bearing Seats'!G9-M9)) -> 43.737692 | R9: =IF(ISNUMBER(EB1_TopFix),EB1_TopFix,Q9-O9/12) -> 43.237692 | S9: =R9-F9 -> 40.237692 | T9: =E9*K9*F9 -> 205.625 | U9: =EB1_Emb -> 12 | V9: =IF(AND(U9>=0,U9<=F9*12),"PASS","FAIL") -> PASS
B10: End Bent 2 | C10: =Sp2_Sta1 -> 1805.47 | D10: =C10-(EB2_Width/2-EB2_BW/12-EB2_Inset/12) -> 1804.72 | E10: =EB2_Width -> 3.5 | F10: =EB2_Depth -> 3 | G10: =EB2_NPile -> 4 | H10: =EB2_PileW -> 18 | I10: =EB2_PileSp/12 -> 4.5 | J10: =EB2_PileClr -> 27.5 | K10: =IF(ISNUMBER(EB2_LenFix),EB2_LenFix,(G10-1)*I10+H10/12+2*J10/12) -> 19.583333 | L10: =IF(ISNUMBER(EB2_LenFix),IF(ABS(EB2_LenFix-((G10-1)*I10+H10/12+2*J10/12))<0.00000001,"PASS","FAIL"),"PASS") -> PASS | M10: =EB2_Ctr -> 0 | N10: =EB2_Slope -> 0 | O10: =EB2_Reveal -> 6 | P10: =EB2_TopFix -> 0 | Q10: =MIN('Bearing Seats'!V14-N10*('Bearing Seats'!G14-M10),'Bearing Seats'!V15-N10*('Bearing Seats'!G15-M10)) -> 43.749692 | R10: =IF(ISNUMBER(EB2_TopFix),EB2_TopFix,Q10-O10/12) -> 43.249692 | S10: =R10-F10 -> 40.249692 | T10: =E10*K10*F10 -> 205.625 | U10: =EB2_Emb -> 12 | V10: =IF(AND(U10>=0,U10<=F10*12),"PASS","FAIL") -> PASS
B12: End caps: 235-in body derived from the pile layout (D-026); with the two 8-in cheek webs the cage envelope is 251 in (D-027). Backwalls, cheeks and lugs are in section F.
A14: B. Pedestal heights at CL bearing
B15: Support | C15: Beam ID | D15: Face | E15: Offset (ft) | F15: Ped. top @ CL brg | G15: Local cap top | H15: Pedestal height (in) | I15: >= minimum
B16: End Bent 1 | C16: 1-1 | D16: Start | E16: ='Bearing Seats'!G8 -> -4.2916667 | F16: ='Bearing Seats'!V8 -> 43.737692 | G16: =R9+N9*(E16-M9) -> 43.237692 | H16: =(F16-G16)*12 -> 6 | I16: =IF(H16>=O9-0.000001,"PASS","FAIL") -> PASS
B17: End Bent 1 | C17: 1-2 | D17: Start | E17: ='Bearing Seats'!G9 -> 4.2916667 | F17: ='Bearing Seats'!V9 -> 43.737692 | G17: =R9+N9*(E17-M9) -> 43.237692 | H17: =(F17-G17)*12 -> 6 | I17: =IF(H17>=O9-0.000001,"PASS","FAIL") -> PASS
B18: Pier | C18: 1-1 | D18: End | E18: ='Bearing Seats'!G10 -> -4.2916667 | F18: ='Bearing Seats'!V10 -> 44.264944 | G18: =R8+N8*(E18-M8) -> 43.76494 | H18: =(F18-G18)*12 -> 6.0000541 | I18: =IF(H18>=O8-0.000001,"PASS","FAIL") -> PASS
B19: Pier | C19: 1-2 | D19: End | E19: ='Bearing Seats'!G11 -> 4.2916667 | F19: ='Bearing Seats'!V11 -> 44.264944 | G19: =R8+N8*(E19-M8) -> 43.76494 | H19: =(F19-G19)*12 -> 6.0000541 | I19: =IF(H19>=O8-0.000001,"PASS","FAIL") -> PASS
B20: Pier | C20: 2-1 | D20: Start | E20: ='Bearing Seats'!G12 -> -4.2916667 | F20: ='Bearing Seats'!V12 -> 44.26494 | G20: =R8+N8*(E20-M8) -> 43.76494 | H20: =(F20-G20)*12 -> 6 | I20: =IF(H20>=O8-0.000001,"PASS","FAIL") -> PASS
B21: Pier | C21: 2-2 | D21: Start | E21: ='Bearing Seats'!G13 -> 4.2916667 | F21: ='Bearing Seats'!V13 -> 44.26494 | G21: =R8+N8*(E21-M8) -> 43.76494 | H21: =(F21-G21)*12 -> 6 | I21: =IF(H21>=O8-0.000001,"PASS","FAIL") -> PASS
B22: End Bent 2 | C22: 2-1 | D22: End | E22: ='Bearing Seats'!G14 -> -4.2916667 | F22: ='Bearing Seats'!V14 -> 43.749692 | G22: =R10+N10*(E22-M10) -> 43.249692 | H22: =(F22-G22)*12 -> 6 | I22: =IF(H22>=O10-0.000001,"PASS","FAIL") -> PASS
B23: End Bent 2 | C23: 2-2 | D23: End | E23: ='Bearing Seats'!G15 -> 4.2916667 | F23: ='Bearing Seats'!V15 -> 43.749692 | G23: =R10+N10*(E23-M10) -> 43.249692 | H23: =(F23-G23)*12 -> 6 | I23: =IF(H23>=O10-0.000001,"PASS","FAIL") -> PASS
A25: C. Pedestal bevel and footprint checks
B26: Support | C26: Beam | D26: Lowest pedestal top (ft) | E26: Chamfer (in) | F26: Cap top at pedestal edge | G26: Bevel clears cap | H26: Pedestal within cap length
B27: Pier | C27: 1 | D27: =MIN('Bearing Seats'!G26,'Bearing Seats'!H26,'Bearing Seats'!I26,'Bearing Seats'!J26) -> 44.259764 | E27: =Pier_Chamf -> 0.75 | F27: =R8+N8*(Bm1_Off-M8)+ABS(N8)*Pier_PedW/24 -> 43.76494 | G27: =IF(D27-E27/12>=F27-0.000000001,"PASS","FAIL") -> PASS | H27: =IF(AND(Bm1_Off-Pier_PedW/24>=M8-K8/2-0.000000001,Bm1_Off+Pier_PedW/24<=M8+K8/2+0.000000001),"PASS","FAIL") -> PASS
B28: Pier | C28: 2 | D28: =MIN('Bearing Seats'!G27,'Bearing Seats'!H27,'Bearing Seats'!I27,'Bearing Seats'!J27) -> 44.259764 | E28: =Pier_Chamf -> 0.75 | F28: =R8+N8*(Bm2_Off-M8)+ABS(N8)*Pier_PedW/24 -> 43.76494 | G28: =IF(D28-E28/12>=F28-0.000000001,"PASS","FAIL") -> PASS | H28: =IF(AND(Bm2_Off-Pier_PedW/24>=M8-K8/2-0.000000001,Bm2_Off+Pier_PedW/24<=M8+K8/2+0.000000001),"PASS","FAIL") -> PASS
B29: End Bent 1 | C29: 1 | D29: =MIN('Bearing Seats'!I19,'Bearing Seats'!J19) -> 43.7323 | E29: =EB1_Chamf -> 0.75 | F29: =R9+N9*(Bm1_Off-M9)+ABS(N9)*EB1_PedW/24 -> 43.237692 | G29: =IF(D29-E29/12>=F29-0.000000001,"PASS","FAIL") -> PASS | H29: =IF(AND(Bm1_Off-EB1_PedW/24>=M9-K9/2-0.000000001,Bm1_Off+EB1_PedW/24<=M9+K9/2+0.000000001),"PASS","FAIL") -> PASS
B30: End Bent 1 | C30: 2 | D30: =MIN('Bearing Seats'!I20,'Bearing Seats'!J20) -> 43.7323 | E30: =EB1_Chamf -> 0.75 | F30: =R9+N9*(Bm2_Off-M9)+ABS(N9)*EB1_PedW/24 -> 43.237692 | G30: =IF(D30-E30/12>=F30-0.000000001,"PASS","FAIL") -> PASS | H30: =IF(AND(Bm2_Off-EB1_PedW/24>=M9-K9/2-0.000000001,Bm2_Off+EB1_PedW/24<=M9+K9/2+0.000000001),"PASS","FAIL") -> PASS
B31: End Bent 2 | C31: 1 | D31: =MIN('Bearing Seats'!I21,'Bearing Seats'!J21) -> 43.742856 | E31: =EB2_Chamf -> 0.75 | F31: =R10+N10*(Bm1_Off-M10)+ABS(N10)*EB2_PedW/24 -> 43.249692 | G31: =IF(D31-E31/12>=F31-0.000000001,"PASS","FAIL") -> PASS | H31: =IF(AND(Bm1_Off-EB2_PedW/24>=M10-K10/2-0.000000001,Bm1_Off+EB2_PedW/24<=M10+K10/2+0.000000001),"PASS","FAIL") -> PASS
B32: End Bent 2 | C32: 2 | D32: =MIN('Bearing Seats'!I22,'Bearing Seats'!J22) -> 43.742856 | E32: =EB2_Chamf -> 0.75 | F32: =R10+N10*(Bm2_Off-M10)+ABS(N10)*EB2_PedW/24 -> 43.249692 | G32: =IF(D32-E32/12>=F32-0.000000001,"PASS","FAIL") -> PASS | H32: =IF(AND(Bm2_Off-EB2_PedW/24>=M10-K10/2-0.000000001,Bm2_Off+EB2_PedW/24<=M10+K10/2+0.000000001),"PASS","FAIL") -> PASS
A34: D. Cap corner elevations (transverse section)
B35: Support | C35: Corner | D35: Offset (ft) | E35: Elevation (ft)
B36: Pier | C36: TL | D36: =M8-K8/2 -> -9.5833333 | E36: =R8+N8*(D36-M8) -> 43.76494
B37: Pier | C37: TR | D37: =M8+K8/2 -> 9.5833333 | E37: =R8+N8*(D37-M8) -> 43.76494
B38: Pier | C38: BR | D38: =M8+K8/2 -> 9.5833333 | E38: =R8+N8*(D38-M8)-F8 -> 40.76494
B39: Pier | C39: BL | D39: =M8-K8/2 -> -9.5833333 | E39: =R8+N8*(D39-M8)-F8 -> 40.76494
B40: End Bent 1 | C40: TL | D40: =M9-K9/2 -> -9.7916667 | E40: =R9+N9*(D40-M9) -> 43.237692
B41: End Bent 1 | C41: TR | D41: =M9+K9/2 -> 9.7916667 | E41: =R9+N9*(D41-M9) -> 43.237692
B42: End Bent 1 | C42: BR | D42: =M9+K9/2 -> 9.7916667 | E42: =R9+N9*(D42-M9)-F9 -> 40.237692
B43: End Bent 1 | C43: BL | D43: =M9-K9/2 -> -9.7916667 | E43: =R9+N9*(D43-M9)-F9 -> 40.237692
B44: End Bent 2 | C44: TL | D44: =M10-K10/2 -> -9.7916667 | E44: =R10+N10*(D44-M10) -> 43.249692
B45: End Bent 2 | C45: TR | D45: =M10+K10/2 -> 9.7916667 | E45: =R10+N10*(D45-M10) -> 43.249692
B46: End Bent 2 | C46: BR | D46: =M10+K10/2 -> 9.7916667 | E46: =R10+N10*(D46-M10)-F10 -> 40.249692
B47: End Bent 2 | C47: BL | D47: =M10-K10/2 -> -9.7916667 | E47: =R10+N10*(D47-M10)-F10 -> 40.249692
A49: E. Pile layout and cutoff elevations (cutoff = local cap top - cap depth + embedment)
B50: Support | C50: Pile | D50: Offset (ft) | E50: Size (in) | F50: Shape | G50: Local cap top | H50: Cap underside | I50: Embedment (in) | J50: Pile cutoff (ft) | K50: Trial tip (ft)
B51: Pier | C51: 1 | D51: =M8+(1-(G8+1)/2)*I8 -> -7.5 | E51: =H8 -> 20 | F51: pipe | G51: =R8+N8*(D51-M8) -> 43.76494 | H51: =G51-F8 -> 40.76494 | I51: =U8 -> 12 | J51: =H51+I51/12 -> 41.76494 | K51: =J51-Phys_TrialPile -> -48.23506
B52: Pier | C52: 2 | D52: =M8+(2-(G8+1)/2)*I8 -> -2.5 | E52: =H8 -> 20 | F52: pipe | G52: =R8+N8*(D52-M8) -> 43.76494 | H52: =G52-F8 -> 40.76494 | I52: =U8 -> 12 | J52: =H52+I52/12 -> 41.76494 | K52: =J52-Phys_TrialPile -> -48.23506
B53: Pier | C53: 3 | D53: =M8+(3-(G8+1)/2)*I8 -> 2.5 | E53: =H8 -> 20 | F53: pipe | G53: =R8+N8*(D53-M8) -> 43.76494 | H53: =G53-F8 -> 40.76494 | I53: =U8 -> 12 | J53: =H53+I53/12 -> 41.76494 | K53: =J53-Phys_TrialPile -> -48.23506
B54: Pier | C54: 4 | D54: =M8+(4-(G8+1)/2)*I8 -> 7.5 | E54: =H8 -> 20 | F54: pipe | G54: =R8+N8*(D54-M8) -> 43.76494 | H54: =G54-F8 -> 40.76494 | I54: =U8 -> 12 | J54: =H54+I54/12 -> 41.76494 | K54: =J54-Phys_TrialPile -> -48.23506
B55: End Bent 1 | C55: 1 | D55: =M9+(1-(G9+1)/2)*I9 -> -6.75 | E55: =H9 -> 18 | F55: square | G55: =R9+N9*(D55-M9) -> 43.237692 | H55: =G55-F9 -> 40.237692 | I55: =U9 -> 12 | J55: =H55+I55/12 -> 41.237692 | K55: =J55-Phys_TrialPile -> -48.762308
B56: End Bent 1 | C56: 2 | D56: =M9+(2-(G9+1)/2)*I9 -> -2.25 | E56: =H9 -> 18 | F56: square | G56: =R9+N9*(D56-M9) -> 43.237692 | H56: =G56-F9 -> 40.237692 | I56: =U9 -> 12 | J56: =H56+I56/12 -> 41.237692 | K56: =J56-Phys_TrialPile -> -48.762308
B57: End Bent 1 | C57: 3 | D57: =M9+(3-(G9+1)/2)*I9 -> 2.25 | E57: =H9 -> 18 | F57: square | G57: =R9+N9*(D57-M9) -> 43.237692 | H57: =G57-F9 -> 40.237692 | I57: =U9 -> 12 | J57: =H57+I57/12 -> 41.237692 | K57: =J57-Phys_TrialPile -> -48.762308
B58: End Bent 1 | C58: 4 | D58: =M9+(4-(G9+1)/2)*I9 -> 6.75 | E58: =H9 -> 18 | F58: square | G58: =R9+N9*(D58-M9) -> 43.237692 | H58: =G58-F9 -> 40.237692 | I58: =U9 -> 12 | J58: =H58+I58/12 -> 41.237692 | K58: =J58-Phys_TrialPile -> -48.762308
B59: End Bent 2 | C59: 1 | D59: =M10+(1-(G10+1)/2)*I10 -> -6.75 | E59: =H10 -> 18 | F59: square | G59: =R10+N10*(D59-M10) -> 43.249692 | H59: =G59-F10 -> 40.249692 | I59: =U10 -> 12 | J59: =H59+I59/12 -> 41.249692 | K59: =J59-Phys_TrialPile -> -48.750308
B60: End Bent 2 | C60: 2 | D60: =M10+(2-(G10+1)/2)*I10 -> -2.25 | E60: =H10 -> 18 | F60: square | G60: =R10+N10*(D60-M10) -> 43.249692 | H60: =G60-F10 -> 40.249692 | I60: =U10 -> 12 | J60: =H60+I60/12 -> 41.249692 | K60: =J60-Phys_TrialPile -> -48.750308
B61: End Bent 2 | C61: 3 | D61: =M10+(3-(G10+1)/2)*I10 -> 2.25 | E61: =H10 -> 18 | F61: square | G61: =R10+N10*(D61-M10) -> 43.249692 | H61: =G61-F10 -> 40.249692 | I61: =U10 -> 12 | J61: =H61+I61/12 -> 41.249692 | K61: =J61-Phys_TrialPile -> -48.750308
B62: End Bent 2 | C62: 4 | D62: =M10+(4-(G10+1)/2)*I10 -> 6.75 | E62: =H10 -> 18 | F62: square | G62: =R10+N10*(D62-M10) -> 43.249692 | H62: =G62-F10 -> 40.249692 | I62: =U10 -> 12 | J62: =H62+I62/12 -> 41.249692 | K62: =J62-Phys_TrialPile -> -48.750308
A64: F. End-bent backwalls, cheek webs and lugs (D-026/D-027/D-033)
B65: Quantity | F65: End Bent 1 | G65: End Bent 2 | H65: Unit
B66: Cap rear face (toward the fill) | F66: =EB1_CapSta-EB1_Width/2 -> 1592.22 | G66: =EB2_CapSta+EB2_Width/2 -> 1806.47 | H66: ft
B67: Rear-lug outer face = MSE coping stop | F67: =F66-EB1_LugP/12 -> 1591.72 | G67: =G66+EB2_LugP/12 -> 1806.97 | H67: ft
B68: Backwall from station | F68: =F66+EB1_Inset/12 -> 1592.22 | G68: =G66-(EB2_Inset+EB2_BW)/12 -> 1805.47 | H68: ft
B69: Backwall to station | F69: =F66+(EB1_Inset+EB1_BW)/12 -> 1593.22 | G69: =G66-EB2_Inset/12 -> 1806.47 | H69: ft
B70: Backwall front face is the FFBW | F70: =IF(ABS(F69-Sp1_Sta0)<0.00000001,"PASS","FAIL") -> PASS | G70: =IF(ABS(G68-Sp2_Sta1)<0.00000001,"PASS","FAIL") -> PASS
B71: Cap end offset, left | F71: =EB1_Ctr-EB1_Len/2 -> -9.7916667 | G71: =EB2_Ctr-EB2_Len/2 -> -9.7916667 | H71: ft
B72: Cap end offset, right | F72: =EB1_Ctr+EB1_Len/2 -> 9.7916667 | G72: =EB2_Ctr+EB2_Len/2 -> 9.7916667 | H72: ft
B73: Out-to-out with cheek webs | F73: =EB1_Len*12+2*EB1_CkT -> 251 | G73: =EB2_Len*12+2*EB2_CkT -> 251 | H73: in
B74: PGL at the FFBW | F74: =IF(Prof_Mode="parabolic",Prof_Z0+Prof_G1*((Sp1_Sta0)-Prof_Sta0)+Prof_Kq*((Sp1_Sta0)-Prof_Sta0)^2,IF((Sp1_Sta0)<=Prof_PISta,Prof_Z0+Prof_G1*((Sp1_Sta0)-Prof_Sta0),Prof_PIZ+Prof_G2*((Sp1_Sta0)-Prof_PISta))) -> 47.661 | G74: =IF(Prof_Mode="parabolic",Prof_Z0+Prof_G1*((Sp2_Sta1)-Prof_Sta0)+Prof_Kq*((Sp2_Sta1)-Prof_Sta0)^2,IF((Sp2_Sta1)<=Prof_PISta,Prof_Z0+Prof_G1*((Sp2_Sta1)-Prof_Sta0),Prof_PIZ+Prof_G2*((Sp2_Sta1)-Prof_PISta))) -> 47.673 | H74: ft
B75: Backwall top, left cap end | F75: =F74+IF(Deck_Mode="uniform",Deck_Uni*(F71),Deck_Crown*ABS(F71))-EB1_BwDrop/12 -> 47.111 | G75: =G74+IF(Deck_Mode="uniform",Deck_Uni*(G71),Deck_Crown*ABS(G71))-EB2_BwDrop/12 -> 47.123 | H75: ft
B76: Backwall top at the PGL | F76: =F74+IF(Deck_Mode="uniform",Deck_Uni*(0),Deck_Crown*ABS(0))-EB1_BwDrop/12 -> 47.306833 | G76: =G74+IF(Deck_Mode="uniform",Deck_Uni*(0),Deck_Crown*ABS(0))-EB2_BwDrop/12 -> 47.318833 | H76: ft
B77: Backwall top, right cap end | F77: =F74+IF(Deck_Mode="uniform",Deck_Uni*(F72),Deck_Crown*ABS(F72))-EB1_BwDrop/12 -> 47.111 | G77: =G74+IF(Deck_Mode="uniform",Deck_Uni*(G72),Deck_Crown*ABS(G72))-EB2_BwDrop/12 -> 47.123 | H77: ft
B78: Cap top, left cap end | F78: =EB1_Top+EB1_Slope*(F71-EB1_Ctr) -> 43.237692 | G78: =EB2_Top+EB2_Slope*(G71-EB2_Ctr) -> 43.249692 | H78: ft
B79: Cap top at the PGL | F79: =EB1_Top+EB1_Slope*(0-EB1_Ctr) -> 43.237692 | G79: =EB2_Top+EB2_Slope*(0-EB2_Ctr) -> 43.249692 | H79: ft
B80: Cap top, right cap end | F80: =EB1_Top+EB1_Slope*(F72-EB1_Ctr) -> 43.237692 | G80: =EB2_Top+EB2_Slope*(G72-EB2_Ctr) -> 43.249692 | H80: ft
B81: Backwall height, left end | F81: =F75-F78 -> 3.8733078 | G81: =G75-G78 -> 3.8733079 | H81: ft
B82: Backwall height at the PGL | F82: =F76-F79 -> 4.0691411 | G82: =G76-G79 -> 4.0691412 | H82: ft
B83: Backwall height, right end | F83: =F77-F80 -> 3.8733078 | G83: =G77-G80 -> 3.8733079 | H83: ft
B84: Backwall concrete | F84: =EB1_BW/12*IF(AND(F71<0,F72>0),(0-F71)*(F81+F82)/2+F72*(F82+F83)/2,(F72-F71)*(F81+F83)/2) -> 77.769812 | G84: =EB2_BW/12*IF(AND(G71<0,G72>0),(0-G71)*(G81+G82)/2+G72*(G82+G83)/2,(G72-G71)*(G81+G83)/2) -> 77.769814 | H84: ft3
B85: Cheek bottom, left (cap underside at cap end) | F85: =F78-EB1_Depth -> 40.237692 | G85: =G78-EB2_Depth -> 40.249692 | H85: ft
B86: Cheek bottom, right | F86: =F80-EB1_Depth -> 40.237692 | G86: =G80-EB2_Depth -> 40.249692 | H86: ft
B87: Lug bottom, left | F87: =F85-EB1_LugP/12 -> 39.737692 | G87: =G85-EB2_LugP/12 -> 39.749692 | H87: ft
B88: Lug bottom, right | F88: =F86-EB1_LugP/12 -> 39.737692 | G88: =G86-EB2_LugP/12 -> 39.749692 | H88: ft
B89: Cheek top, left | F89: =IF(ISNUMBER(EB1_CkTopL),EB1_CkTopL,F74+IF(Deck_Mode="uniform",Deck_Uni*(Deck_YL),Deck_Crown*ABS(Deck_YL))) -> 48.269045 | G89: =IF(ISNUMBER(EB2_CkTopL),EB2_CkTopL,G74+IF(Deck_Mode="uniform",Deck_Uni*(Deck_YL),Deck_Crown*ABS(Deck_YL))) -> 48.277043 | H89: ft
B90: Cheek top, right | F90: =IF(ISNUMBER(EB1_CkTopR),EB1_CkTopR,F74+IF(Deck_Mode="uniform",Deck_Uni*(Deck_YR),Deck_Crown*ABS(Deck_YR))) -> 48.264512 | G90: =IF(ISNUMBER(EB2_CkTopR),EB2_CkTopR,G74+IF(Deck_Mode="uniform",Deck_Uni*(Deck_YR),Deck_Crown*ABS(Deck_YR))) -> 48.259803 | H90: ft
B91: Cheek concrete, left (web + bottom lug + rear lug) | F91: =EB1_Width*EB1_CkT/12*(F89-F85)+EB1_Width*EB1_LugW/12*EB1_LugP/12+EB1_LugP/12*EB1_LugW/12*(F89-F85+EB1_LugP/12) -> 21.497008 | G91: =EB2_Width*EB2_CkT/12*(G89-G85)+EB2_Width*EB2_LugW/12*EB2_LugP/12+EB2_LugP/12*EB2_LugW/12*(G89-G85+EB2_LugP/12) -> 21.486752 | H91: ft3
B92: Cheek concrete, right | F92: =EB1_Width*EB1_CkT/12*(F90-F86)+EB1_Width*EB1_LugW/12*EB1_LugP/12+EB1_LugP/12*EB1_LugW/12*(F90-F86+EB1_LugP/12) -> 21.485393 | G92: =EB2_Width*EB2_CkT/12*(G90-G86)+EB2_Width*EB2_LugW/12*EB2_LugP/12+EB2_LugP/12*EB2_LugW/12*(G90-G86+EB2_LugP/12) -> 21.442575 | H92: ft3
B93: Cheek tops above the cap | F93: =IF(AND(F89>F78,F90>F80),"PASS","FAIL") -> PASS | G93: =IF(AND(G89>G78,G90>G80),"PASS","FAIL") -> PASS
B94: Cheeks enclose the backwall ends | F94: =IF(AND(F89>=F75-0.000000001,F90>=F77-0.000000001),"PASS","FAIL") -> PASS | G94: =IF(AND(G89>=G75-0.000000001,G90>=G77-0.000000001),"PASS","FAIL") -> PASS
B95: Lug width within the cheek | F95: =IF(AND(EB1_LugW>0,EB1_LugW<=EB1_CkT,EB1_LugP>=0),"PASS","FAIL") -> PASS | G95: =IF(AND(EB2_LugW>0,EB2_LugW<=EB2_CkT,EB2_LugP>=0),"PASS","FAIL") -> PASS
B96: Backwall top = deck-top line at the FFBW less the landing seat; cheek tops are the D-033 barrier-return bases (MSE interface inputs). Both backwall tops have two straight transverse slopes, level through their thickness (D-053); the ramp slabs thicken locally.

Sheet Substructure Method
B1: Substructure - Method | P1: Figure data
B2: Cap placement, pedestal heights, cap corners and pile cutoffs | P2: Live formulas that draw the charts on this tab. Do not edit; change the notebook CONFIG and rebuild.
B3: =IF(Inputs_Edited=0,"LIVE Charts, tables and the numbers quoted in this text are workbook formulas. Inputs match the notebook build (model "&Build_Model&", built "&Build_Time&").",Inputs_Edited&" INPUT(S) EDITED SINCE THE NOTEBOOK BUILD The charts and tables follow the edited inputs, which no longer match the geometry notebook (QC "&QC_Overall&"). Change the notebook CONFIG and rebuild.") -> LIVE Charts, tables and the numbers quoted in this text are workbook formulas. Inputs match the notebook build (model e9b41b8eaf, built 2026-10-19 12:13).
P4: End Bent 1: transverse section (elevations relative to the cap top)
B5: 1. Cap location and length | P5: Series / label text | Q5: x | R5: y | S5: error +
P6: Reference: cap top at the cap center (ft) | Q6: =EB1_Top -> 43.237692
P7: Lowest cap underside (relative, ft) | Q7: =MIN(((EB1_Top+EB1_Slope*((EB1_Ctr-EB1_Len/2)-EB1_Ctr)))-$Q$6,((EB1_Top+EB1_Slope*((EB1_Ctr+EB1_Len/2)-EB1_Ctr)))-$Q$6)-EB1_Depth -> -3
P8: Backwall (behind the cap, at the FFBW) | Q8: =Substructure!$F$71 -> -9.7916667 | R8: =(Substructure!$F$78)-$Q$6 -> 0
Q9: =Substructure!$F$72 -> 9.7916667 | R9: =(Substructure!$F$80)-$Q$6 -> 0
Q10: =Substructure!$F$72 -> 9.7916667 | R10: =(Substructure!$F$77)-$Q$6 -> 3.8733078
Q11: =MAX(Substructure!$F$71,MIN(0,Substructure!$F$72)) -> 0 | R11: =(Substructure!$F$76)-$Q$6 -> 4.0691411
Q12: =Substructure!$F$71 -> -9.7916667 | R12: =(Substructure!$F$75)-$Q$6 -> 3.8733078
B13: 2. Cap top from the lowest pedestal | Q13: =Substructure!$F$71 -> -9.7916667 | R13: =(Substructure!$F$78)-$Q$6 -> 0
B14: Unless a fixed cap top is entered, the cap top is set so the lowest pedestal (measured at its CL bearing) has the minimum height:
P15: Cheek webs with bottom lugs | Q15: =Substructure!$F$71-EB1_CkT/12 -> -10.458333 | R15: =(Substructure!$F$87)-$Q$6 -> -3.5
Q16: =Substructure!$F$71-EB1_CkT/12+EB1_LugW/12 -> -10 | R16: =(Substructure!$F$87)-$Q$6 -> -3.5
Q17: =Substructure!$F$71-EB1_CkT/12+EB1_LugW/12 -> -10 | R17: =(Substructure!$F$85)-$Q$6 -> -3
Q18: =Substructure!$F$71 -> -9.7916667 | R18: =(Substructure!$F$85)-$Q$6 -> -3
B19: 3. Piles | Q19: =Substructure!$F$71 -> -9.7916667 | R19: =(Substructure!$F$89)-$Q$6 -> 5.0313525
Q20: =Substructure!$F$71-EB1_CkT/12 -> -10.458333 | R20: =(Substructure!$F$89)-$Q$6 -> 5.0313525
Q21: =Substructure!$F$71-EB1_CkT/12 -> -10.458333 | R21: =(Substructure!$F$87)-$Q$6 -> -3.5
Q23: =Substructure!$F$72+EB1_CkT/12-EB1_LugW/12 -> 10 | R23: =(Substructure!$F$88)-$Q$6 -> -3.5
Q24: =Substructure!$F$72+EB1_CkT/12 -> 10.458333 | R24: =(Substructure!$F$88)-$Q$6 -> -3.5
Q25: =Substructure!$F$72+EB1_CkT/12 -> 10.458333 | R25: =(Substructure!$F$90)-$Q$6 -> 5.0268202
Q26: =Substructure!$F$72 -> 9.7916667 | R26: =(Substructure!$F$90)-$Q$6 -> 5.0268202
Q27: =Substructure!$F$72 -> 9.7916667 | R27: =(Substructure!$F$86)-$Q$6 -> -3
Q28: =Substructure!$F$72+EB1_CkT/12-EB1_LugW/12 -> 10 | R28: =(Substructure!$F$86)-$Q$6 -> -3
Q29: =Substructure!$F$72+EB1_CkT/12-EB1_LugW/12 -> 10 | R29: =(Substructure!$F$88)-$Q$6 -> -3.5
P31: ="backwall top "&TEXT(Substructure!$F$76,"0.000")&""&CHAR(10)&"(behind, at FFBW)" -> backwall top 47.307 (behind, at FFBW) | Q31: =0 -> 0 | R31: =(Substructure!$F$76)-$Q$6 -> 4.0691411
P33: ="cheek top"&CHAR(10)&TEXT(Substructure!$F$89,"0.000") -> cheek top 48.269 | Q33: =Substructure!$F$71-EB1_CkT/12/2 -> -10.125 | R33: =(Substructure!$F$89)-$Q$6 -> 5.0313525
P35: ="cheek top"&CHAR(10)&TEXT(Substructure!$F$90,"0.000") -> cheek top 48.265 | Q35: =Substructure!$F$72+EB1_CkT/12/2 -> 10.125 | R35: =(Substructure!$F$90)-$Q$6 -> 5.0268202
P37: Cap | Q37: =EB1_Ctr-EB1_Len/2 -> -9.7916667 | R37: =((EB1_Top+EB1_Slope*((EB1_Ctr-EB1_Len/2)-EB1_Ctr)))-$Q$6 -> 0
Q38: =EB1_Ctr+EB1_Len/2 -> 9.7916667 | R38: =((EB1_Top+EB1_Slope*((EB1_Ctr+EB1_Len/2)-EB1_Ctr)))-$Q$6 -> 0
Q39: =EB1_Ctr+EB1_Len/2 -> 9.7916667 | R39: =((EB1_Top+EB1_Slope*((EB1_Ctr+EB1_Len/2)-EB1_Ctr))-EB1_Depth)-$Q$6 -> -3
Q40: =EB1_Ctr-EB1_Len/2 -> -9.7916667 | R40: =((EB1_Top+EB1_Slope*((EB1_Ctr-EB1_Len/2)-EB1_Ctr))-EB1_Depth)-$Q$6 -> -3
Q41: =EB1_Ctr-EB1_Len/2 -> -9.7916667 | R41: =((EB1_Top+EB1_Slope*((EB1_Ctr-EB1_Len/2)-EB1_Ctr)))-$Q$6 -> 0
B43: Figure 1. End Bent 1 transverse section, drawn from the Substructure and Bearing Seats tables: cap, piles, pedestals, pads, cheek webs with bottom lugs, and the backwall behind the cap (dashed). | P43: Piles (shown 2.2 ft below the cap) | Q43: =Substructure!$D$55-EB1_PileW/12/2 -> -7.5 | R43: =(Substructure!$J$55)-$Q$6 -> -2
Q44: =Substructure!$D$55+EB1_PileW/12/2 -> -6 | R44: =(Substructure!$J$55)-$Q$6 -> -2
Q45: =Substructure!$D$55+EB1_PileW/12/2 -> -6 | R45: =(Substructure!$H$55)-$Q$6-2.2 -> -5.2
Q46: =Substructure!$D$55-EB1_PileW/12/2 -> -7.5 | R46: =(Substructure!$H$55)-$Q$6-2.2 -> -5.2
Q47: =Substructure!$D$55-EB1_PileW/12/2 -> -7.5 | R47: =(Substructure!$J$55)-$Q$6 -> -2
Q49: =Substructure!$D$56-EB1_PileW/12/2 -> -3 | R49: =(Substructure!$J$56)-$Q$6 -> -2
Q50: =Substructure!$D$56+EB1_PileW/12/2 -> -1.5 | R50: =(Substructure!$J$56)-$Q$6 -> -2
Q51: =Substructure!$D$56+EB1_PileW/12/2 -> -1.5 | R51: =(Substructure!$H$56)-$Q$6-2.2 -> -5.2
Q52: =Substructure!$D$56-EB1_PileW/12/2 -> -3 | R52: =(Substructure!$H$56)-$Q$6-2.2 -> -5.2
Q53: =Substructure!$D$56-EB1_PileW/12/2 -> -3 | R53: =(Substructure!$J$56)-$Q$6 -> -2
Q55: =Substructure!$D$57-EB1_PileW/12/2 -> 1.5 | R55: =(Substructure!$J$57)-$Q$6 -> -2
Q56: =Substructure!$D$57+EB1_PileW/12/2 -> 3 | R56: =(Substructure!$J$57)-$Q$6 -> -2
Q57: =Substructure!$D$57+EB1_PileW/12/2 -> 3 | R57: =(Substructure!$H$57)-$Q$6-2.2 -> -5.2
Q58: =Substructure!$D$57-EB1_PileW/12/2 -> 1.5 | R58: =(Substructure!$H$57)-$Q$6-2.2 -> -5.2
Q59: =Substructure!$D$57-EB1_PileW/12/2 -> 1.5 | R59: =(Substructure!$J$57)-$Q$6 -> -2
Q61: =Substructure!$D$58-EB1_PileW/12/2 -> 6 | R61: =(Substructure!$J$58)-$Q$6 -> -2
Q62: =Substructure!$D$58+EB1_PileW/12/2 -> 7.5 | R62: =(Substructure!$J$58)-$Q$6 -> -2
Q63: =Substructure!$D$58+EB1_PileW/12/2 -> 7.5 | R63: =(Substructure!$H$58)-$Q$6-2.2 -> -5.2
B64: Figure 2. Pier transverse section, drawn from the Substructure and Bearing Seats tables. | Q64: =Substructure!$D$58-EB1_PileW/12/2 -> 6 | R64: =(Substructure!$H$58)-$Q$6-2.2 -> -5.2
Q65: =Substructure!$D$58-EB1_PileW/12/2 -> 6 | R65: =(Substructure!$J$58)-$Q$6 -> -2
B66: 4. End-bent backwalls, cheek webs and lugs (section F)
B67: ="The "&TEXT(EB1_Len*12,"0.0")&"-in cap body follows from the pile layout. Two "&TEXT(EB1_CkT,"General")&"-in cheek webs sit outside the cap ends over the full cap width, so the cage envelope is "&TEXT(EB1_OutIn,"0.0")&" in (D-027). The backwall sits on the cap rear between the inset and the FFBW, across the full cap length:" -> The 235.0-in cap body follows from the pile layout. Two 8-in cheek webs sit outside the cap ends over the full cap width, so the cage envelope is 251.0 in (D-027). The backwall sits on the cap rear between the inset and the FFBW, across the full cap length: | P67: ="pile cutoff"&CHAR(10)&TEXT(Substructure!$J$55,"0.0000") -> pile cutoff 41.2377 | Q67: =Substructure!$D$55 -> -6.75 | R67: =(Substructure!$J$55)-$Q$6 -> -2
P69: ="pad top"&CHAR(10)&TEXT('Bearing Seats'!$S$8,"0.000") -> pad top 43.951 | Q69: =Bm1_Off -> -4.2916667 | R69: =('Bearing Seats'!$V$8)-$Q$6+EB1_Pad/12 -> 0.71354167
P71: ="pad top"&CHAR(10)&TEXT('Bearing Seats'!$S$9,"0.000") -> pad top 43.951 | Q71: =Bm2_Off -> 4.2916667 | R71: =('Bearing Seats'!$V$9)-$Q$6+EB1_Pad/12 -> 0.71354167
P73: Pedestals | Q73: =Bm1_Off-EB1_PedW/24 -> -6.0416667 | R73: =((EB1_Top+EB1_Slope*((Bm1_Off-EB1_PedW/24)-EB1_Ctr)))-$Q$6 -> 0
B74: ="Each cheek runs from the local cap underside at its cap end to its entered top (the D-033 barrier-return base, an MSE interface input). A bottom lug hangs below the cap and a rear lug stands behind it, both "&TEXT(EB1_LugP,"General")&" in deep and "&TEXT(EB1_LugW,"General")&" in wide on the outer face:" -> Each cheek runs from the local cap underside at its cap end to its entered top (the D-033 barrier-return base, an MSE interface input). A bottom lug hangs below the cap and a rear lug stands behind it, both 6 in deep and 5.5 in wide on the outer face: | Q74: =Bm1_Off+EB1_PedW/24 -> -2.5416667 | R74: =((EB1_Top+EB1_Slope*((Bm1_Off+EB1_PedW/24)-EB1_Ctr)))-$Q$6 -> 0
Q75: =Bm1_Off+EB1_PedW/24 -> -2.5416667 | R75: =('Bearing Seats'!$V$8)-$Q$6 -> 0.5
Q76: =Bm1_Off-EB1_PedW/24 -> -6.0416667 | R76: =('Bearing Seats'!$V$8)-$Q$6 -> 0.5
Q77: =Bm1_Off-EB1_PedW/24 -> -6.0416667 | R77: =((EB1_Top+EB1_Slope*((Bm1_Off-EB1_PedW/24)-EB1_Ctr)))-$Q$6 -> 0
Q79: =Bm2_Off-EB1_PedW/24 -> 2.5416667 | R79: =((EB1_Top+EB1_Slope*((Bm2_Off-EB1_PedW/24)-EB1_Ctr)))-$Q$6 -> 0
Q80: =Bm2_Off+EB1_PedW/24 -> 6.0416667 | R80: =((EB1_Top+EB1_Slope*((Bm2_Off+EB1_PedW/24)-EB1_Ctr)))-$Q$6 -> 0
B81: D-053: both backwall tops have two straight 2% slopes down from the PGL, level through their 12-in thickness, and lie 4-1/4 in below the FFBW deck-top lines. Ramp slabs thicken locally (about 4.05-4.95 in at checked CAD points). Recheck fit and steel cover after profile edits; downstream slab/backwall design and drawings require reconciliation. Cheek geometry is unchanged. | Q81: =Bm2_Off+EB1_PedW/24 -> 6.0416667 | R81: =('Bearing Seats'!$V$9)-$Q$6 -> 0.5
B82: Symbol | C82: Meaning | H82: Workbook name / location | K82: Units / value | Q82: =Bm2_Off-EB1_PedW/24 -> 2.5416667 | R82: =('Bearing Seats'!$V$9)-$Q$6 -> 0.5
B83: σ, yc | C83: Cap cross slope and center offset | H83: Pier_Slope, Pier_Ctr ... | K83: ft/ft, ft | Q83: =Bm2_Off-EB1_PedW/24 -> 2.5416667 | R83: =((EB1_Top+EB1_Slope*((Bm2_Off-EB1_PedW/24)-EB1_Ctr)))-$Q$6 -> 0
B84: hped,min | C84: Minimum pedestal height at CL bearing | H84: Pier_Reveal, EB1_Reveal | K84: in
B85: n, p, dp, c | C85: Pile count, spacing, size and end clearance | H85: Substructure section A | K85: -, ft, in, in | P85: Bearing pads | Q85: =Bm1_Off-EB1_PadW/24 -> -5.625 | R85: =('Bearing Seats'!$V$8)-$Q$6 -> 0.5
B86: eemb | C86: Pile embedment above the cap underside | H86: Pier_Emb, EB1_Emb | K86: in | Q86: =Bm1_Off+EB1_PadW/24 -> -2.9583333 | R86: =('Bearing Seats'!$V$8)-$Q$6 -> 0.5
Q87: =Bm1_Off+EB1_PadW/24 -> -2.9583333 | R87: =('Bearing Seats'!$V$8)-$Q$6+EB1_Pad/12 -> 0.71354167
Q88: =Bm1_Off-EB1_PadW/24 -> -5.625 | R88: =('Bearing Seats'!$V$8)-$Q$6+EB1_Pad/12 -> 0.71354167
Q89: =Bm1_Off-EB1_PadW/24 -> -5.625 | R89: =('Bearing Seats'!$V$8)-$Q$6 -> 0.5
Q91: =Bm2_Off-EB1_PadW/24 -> 2.9583333 | R91: =('Bearing Seats'!$V$9)-$Q$6 -> 0.5
Q92: =Bm2_Off+EB1_PadW/24 -> 5.625 | R92: =('Bearing Seats'!$V$9)-$Q$6 -> 0.5
Q93: =Bm2_Off+EB1_PadW/24 -> 5.625 | R93: =('Bearing Seats'!$V$9)-$Q$6+EB1_Pad/12 -> 0.71354167
Q94: =Bm2_Off-EB1_PadW/24 -> 2.9583333 | R94: =('Bearing Seats'!$V$9)-$Q$6+EB1_Pad/12 -> 0.71354167
Q95: =Bm2_Off-EB1_PadW/24 -> 2.9583333 | R95: =('Bearing Seats'!$V$9)-$Q$6 -> 0.5
P97: ="cap top "&TEXT(EB1_Top,"0.0000") -> cap top 43.2377 | Q97: =EB1_Ctr -> 0 | R97: =((EB1_Top+EB1_Slope*((EB1_Ctr)-EB1_Ctr)))-$Q$6 -> 0
P99: ="cap underside"&CHAR(10)&TEXT(EB1_Under,"0.0000") -> cap underside 40.2377 | Q99: =EB1_Ctr -> 0 | R99: =((EB1_Top+EB1_Slope*((EB1_Ctr)-EB1_Ctr)))-$Q$6-EB1_Depth -> -3
P101: Cap-length dimension line (relative, ft) | Q101: =$Q$7-2.7 -> -5.7
P102: Cap length | Q102: =EB1_Ctr-EB1_Len/2 -> -9.7916667 | R102: =$Q$101 -> -5.7
Q103: =EB1_Ctr+EB1_Len/2 -> 9.7916667 | R103: =$Q$101 -> -5.7
P105: ="cap length "&TEXT(EB1_Len*12,"0.0")&" in" -> cap length 235.0 in | Q105: =EB1_Ctr -> 0 | R105: =$Q$101 -> -5.7
P107: Out-to-out dimension line (relative, ft) | Q107: =$Q$7-3.2 -> -6.2
P108: Out-to-out | Q108: =EB1_Ctr-EB1_Len/2-EB1_CkT/12 -> -10.458333 | R108: =$Q$107 -> -6.2
Q109: =EB1_Ctr+EB1_Len/2+EB1_CkT/12 -> 10.458333 | R109: =$Q$107 -> -6.2
P111: ="out-to-out with cheeks "&TEXT(EB1_OutIn,"0.0")&" in" -> out-to-out with cheeks 251.0 in | Q111: =EB1_Ctr -> 0 | R111: =$Q$107 -> -6.2
P113: Window top: tallest pad or cheek plus labels (relative, ft) | Q113: =MAX(('Bearing Seats'!$V$8)-$Q$6+EB1_Pad/12,('Bearing Seats'!$V$9)-$Q$6+EB1_Pad/12,(Substructure!$F$89)-$Q$6,(Substructure!$F$90)-$Q$6)+1 -> 6.0313525
P114: frame (invisible, sets the chart window) | Q114: =EB1_Ctr-EB1_Len/2-1.3 -> -11.091667 | R114: =$Q$107-0.5-0.3 -> -7
Q115: =EB1_Ctr+EB1_Len/2+1.3 -> 11.091667 | R115: =$Q$113 -> 6.0313525
P118: Pier: transverse section (elevations relative to the cap top)
P119: Series / label text | Q119: x | R119: y | S119: error +
P120: Reference: cap top at the cap center (ft) | Q120: =Pier_Top -> 43.76494
P121: Lowest cap underside (relative, ft) | Q121: =MIN(((Pier_Top+Pier_Slope*((Pier_Ctr-Pier_Len/2)-Pier_Ctr)))-$Q$120,((Pier_Top+Pier_Slope*((Pier_Ctr+Pier_Len/2)-Pier_Ctr)))-$Q$120)-Pier_Depth -> -3
P122: Cap | Q122: =Pier_Ctr-Pier_Len/2 -> -9.5833333 | R122: =((Pier_Top+Pier_Slope*((Pier_Ctr-Pier_Len/2)-Pier_Ctr)))-$Q$120 -> 0
Q123: =Pier_Ctr+Pier_Len/2 -> 9.5833333 | R123: =((Pier_Top+Pier_Slope*((Pier_Ctr+Pier_Len/2)-Pier_Ctr)))-$Q$120 -> 0
...

Sheet Beam Data
A1: Beam Data | P1: Project | Q1: =""&TB_Project -> D2 I-95 Pedestrian Bridge
A2: Bars 5K spacing zones (Mathcad stirrup layout) and FIB standard bar dimensions (template method) | P2: Job No. | Q2: =""&TB_JobNo
P3: Calc. by / date | Q3: =TB_CalcBy&" "&TB_CalcDate
P4: Check. by / date | Q4: =TB_CheckBy&" "&TB_CheckDate
A6: A. Bars 5K zones by span: Mathcad stirrup zones mapped to the FDOT S*, Sj, S1-S4 notation
B7: Span | C7: S* spaces | D7: V* (in) | E7: Sj spaces | F7: Vj (in) | G7: S1 | H7: V1 (in) | I7: S2 | J7: V2 (in) | K7: S3 | L7: V3 (in) | M7: V4 (in) | N7: First bar from end (in) | O7: A1/A2 spacing equal
B8: 1 | C8: =MC1_A1_n+MC1_A2_n -> 4 | D8: =MC1_A1_s -> 3.5 | E8: =MC1_A3_n -> 12 | F8: =MC1_A3_s -> 3 | G8: =MC1_S1_n -> 30 | H8: =MC1_S1_s -> 6 | I8: =MC1_S2_n -> 20 | J8: =MC1_S2_s -> 9 | K8: =MC1_S3_n -> 5 | L8: =MC1_S3_s -> 12 | M8: =MC1_S4_s -> 18 | N8: =MC1_EndSp -> 3 | O8: =IF(ABS(MC1_A1_s-MC1_A2_s)<0.000000001,"PASS","FAIL") -> PASS
B9: 2 | C9: =MC2_A1_n+MC2_A2_n -> 4 | D9: =MC2_A1_s -> 3.5 | E9: =MC2_A3_n -> 12 | F9: =MC2_A3_s -> 3 | G9: =MC2_S1_n -> 30 | H9: =MC2_S1_s -> 6 | I9: =MC2_S2_n -> 20 | J9: =MC2_S2_s -> 9 | K9: =MC2_S3_n -> 5 | L9: =MC2_S3_s -> 12 | M9: =MC2_S4_s -> 18 | N9: =MC2_EndSp -> 3 | O9: =IF(ABS(MC2_A1_s-MC2_A2_s)<0.000000001,"PASS","FAIL") -> PASS
A11: B. Per beam: S4 count, total Bars 5K and standard bar dimensions (square ends)
B12: Beam | C12: Dim L (ft) | D12: Half length (in) | E12: Zones S*..S3 (in) | F12: S4 spaces | G12: Center space (in) | H12: Center <= V4 | I12: Total 5K | J12: 3C1 C (in) | K12: 3C2 C (in) | L12: 3D1 A (in) | M12: 3D1 B (in) | N12: 3D2 A (in) | O12: 3D2 B (in) | P12: 3D3 No. | Q12: 4M1 D (in) | R12: 4M2 D (in) | S12: 4M3 No.
B13: 1-1 | C13: ='Beam Geometry'!S13 -> 107.10325 | D13: =C13*12/2 -> 642.6195 | E13: =N8+C8*D8+E8*F8+G8*H8+I8*J8+K8*L8 -> 473 | F13: =MAX(0,ROUNDDOWN((D13-E13)/M8,0)) -> 9 | G13: =(D13-E13-F13*M8)*2 -> 15.238997 | H13: =IF(G13<=M8+0.000000001,"PASS","CHECK") -> PASS | I13: =2*(1+C8+E8+G8+I8+K8+F13) -> 162 | J13: =Bar_C/SIN(RADIANS('Beam Geometry'!I13)) -> 17.5 | K13: =Bar_C/SIN(RADIANS('Beam Geometry'!J13)) -> 17.5 | L13: =Bar_DA/SIN(RADIANS('Beam Geometry'!I13)) -> 8.5 | M13: =Bar_DB/SIN(RADIANS('Beam Geometry'!I13)) -> 15 | N13: =Bar_DA/SIN(RADIANS('Beam Geometry'!J13)) -> 8.5 | O13: =Bar_DB/SIN(RADIANS('Beam Geometry'!J13)) -> 15 | P13: =(1+ROUNDUP((C13*12-2*(N8+C8*D8+E8*F8+Bar_D3s))/Bar_D3s,0))*2 -> 130 | Q13: =Bar_MD/SIN(RADIANS('Beam Geometry'!I13)) -> 44 | R13: =Bar_MD/SIN(RADIANS('Beam Geometry'!J13)) -> 44 | S13: =1+CEILING((C13*12-2*(3.5+2*7+Bar_Mk*6+12))/12,1) -> 98
B14: 1-2 | C14: ='Beam Geometry'!S14 -> 107.10325 | D14: =C14*12/2 -> 642.6195 | E14: =N8+C8*D8+E8*F8+G8*H8+I8*J8+K8*L8 -> 473 | F14: =MAX(0,ROUNDDOWN((D14-E14)/M8,0)) -> 9 | G14: =(D14-E14-F14*M8)*2 -> 15.238997 | H14: =IF(G14<=M8+0.000000001,"PASS","CHECK") -> PASS | I14: =2*(1+C8+E8+G8+I8+K8+F14) -> 162 | J14: =Bar_C/SIN(RADIANS('Beam Geometry'!I14)) -> 17.5 | K14: =Bar_C/SIN(RADIANS('Beam Geometry'!J14)) -> 17.5 | L14: =Bar_DA/SIN(RADIANS('Beam Geometry'!I14)) -> 8.5 | M14: =Bar_DB/SIN(RADIANS('Beam Geometry'!I14)) -> 15 | N14: =Bar_DA/SIN(RADIANS('Beam Geometry'!J14)) -> 8.5 | O14: =Bar_DB/SIN(RADIANS('Beam Geometry'!J14)) -> 15 | P14: =(1+ROUNDUP((C14*12-2*(N8+C8*D8+E8*F8+Bar_D3s))/Bar_D3s,0))*2 -> 130 | Q14: =Bar_MD/SIN(RADIANS('Beam Geometry'!I14)) -> 44 | R14: =Bar_MD/SIN(RADIANS('Beam Geometry'!J14)) -> 44 | S14: =1+CEILING((C14*12-2*(3.5+2*7+Bar_Mk*6+12))/12,1) -> 98
B15: 2-1 | C15: ='Beam Geometry'!S15 -> 104.65031 | D15: =C15*12/2 -> 627.90188 | E15: =N9+C9*D9+E9*F9+G9*H9+I9*J9+K9*L9 -> 473 | F15: =MAX(0,ROUNDDOWN((D15-E15)/M9,0)) -> 8 | G15: =(D15-E15-F15*M9)*2 -> 21.803765 | H15: =IF(G15<=M9+0.000000001,"PASS","CHECK") -> CHECK | I15: =2*(1+C9+E9+G9+I9+K9+F15) -> 160 | J15: =Bar_C/SIN(RADIANS('Beam Geometry'!I15)) -> 17.5 | K15: =Bar_C/SIN(RADIANS('Beam Geometry'!J15)) -> 17.5 | L15: =Bar_DA/SIN(RADIANS('Beam Geometry'!I15)) -> 8.5 | M15: =Bar_DB/SIN(RADIANS('Beam Geometry'!I15)) -> 15 | N15: =Bar_DA/SIN(RADIANS('Beam Geometry'!J15)) -> 8.5 | O15: =Bar_DB/SIN(RADIANS('Beam Geometry'!J15)) -> 15 | P15: =(1+ROUNDUP((C15*12-2*(N9+C9*D9+E9*F9+Bar_D3s))/Bar_D3s,0))*2 -> 126 | Q15: =Bar_MD/SIN(RADIANS('Beam Geometry'!I15)) -> 44 | R15: =Bar_MD/SIN(RADIANS('Beam Geometry'!J15)) -> 44 | S15: =1+CEILING((C15*12-2*(3.5+2*7+Bar_Mk*6+12))/12,1) -> 95
B16: 2-2 | C16: ='Beam Geometry'!S16 -> 104.65031 | D16: =C16*12/2 -> 627.90188 | E16: =N9+C9*D9+E9*F9+G9*H9+I9*J9+K9*L9 -> 473 | F16: =MAX(0,ROUNDDOWN((D16-E16)/M9,0)) -> 8 | G16: =(D16-E16-F16*M9)*2 -> 21.803765 | H16: =IF(G16<=M9+0.000000001,"PASS","CHECK") -> CHECK | I16: =2*(1+C9+E9+G9+I9+K9+F16) -> 160 | J16: =Bar_C/SIN(RADIANS('Beam Geometry'!I16)) -> 17.5 | K16: =Bar_C/SIN(RADIANS('Beam Geometry'!J16)) -> 17.5 | L16: =Bar_DA/SIN(RADIANS('Beam Geometry'!I16)) -> 8.5 | M16: =Bar_DB/SIN(RADIANS('Beam Geometry'!I16)) -> 15 | N16: =Bar_DA/SIN(RADIANS('Beam Geometry'!J16)) -> 8.5 | O16: =Bar_DB/SIN(RADIANS('Beam Geometry'!J16)) -> 15 | P16: =(1+ROUNDUP((C16*12-2*(N9+C9*D9+E9*F9+Bar_D3s))/Bar_D3s,0))*2 -> 126 | Q16: =Bar_MD/SIN(RADIANS('Beam Geometry'!I16)) -> 44 | R16: =Bar_MD/SIN(RADIANS('Beam Geometry'!J16)) -> 44 | S16: =1+CEILING((C16*12-2*(3.5+2*7+Bar_Mk*6+12))/12,1) -> 95

Sheet Beam Data Method
B1: Beam Data - Method | P1: Figure data
B2: Bars 5K spacing zones and FIB standard bar dimensions | P2: Live formulas that draw the charts on this tab. Do not edit; change the notebook CONFIG and rebuild.
