Workbook
Name Bar_C: Inputs!$D$210
Name Bar_D3s: Inputs!$D$214
Name Bar_DA: Inputs!$D$211
Name Bar_DB: Inputs!$D$212
Name Bar_MD: Inputs!$D$213
Name Bar_Mk: Inputs!$D$215
Name Bm_Area: Inputs!$D$208
Name Bm_Bf: Inputs!$D$41
Name Bm_D: Inputs!$D$40
Name Bm_First: Inputs!$D$39
Name Bm_Gap1: Inputs!$D$45
Name Bm_Hmin: Inputs!$D$42
Name Bm_N: Inputs!$D$37
Name Bm_S: Inputs!$D$38
Name Bm_Type: Inputs!$D$36
Name Bm1_dCL: 'Profile & Deck'!$I$29
Name Bm1_dMin: 'Profile & Deck'!$L$29
Name Bm1_FL: 'Profile & Deck'!$D$29
Name Bm1_FR: 'Profile & Deck'!$F$29
Name Bm1_Off: 'Profile & Deck'!$C$29
Name Bm1_Raise: Inputs!$D$43
Name Bm2_dCL: 'Profile & Deck'!$I$30
Name Bm2_dMin: 'Profile & Deck'!$L$30
Name Bm2_FL: 'Profile & Deck'!$D$30
Name Bm2_FR: 'Profile & Deck'!$F$30
Name Bm2_Off: 'Profile & Deck'!$C$30
Name Bm2_Raise: Inputs!$D$44
Name Build_Fingerprint: Cover!$C$10
Name Clr_Cover: Clearance!$F$11
Name Clr_Margin: Clearance!$F$10
Name Clr_Min: Clearance!$F$7
Name Clr_Sta: Clearance!$F$8
Name Clr_Status: Clearance!$F$12
Name Deck_C: Inputs!$D$29
Name Deck_Crown: Inputs!$D$31
Name Deck_dL: 'Profile & Deck'!$D$24
Name Deck_dR: 'Profile & Deck'!$D$25
Name Deck_Mode: Inputs!$D$27
Name Deck_T: Inputs!$D$30
Name Deck_Uni: Inputs!$D$32
Name Deck_W: Inputs!$D$28
Name Deck_YL: 'Profile & Deck'!$D$22
Name Deck_YR: 'Profile & Deck'!$D$23
Name Des_BevelLimit: Inputs!$D$206
Name Des_ConcClass: Inputs!$D$202
Name Des_DimP: Inputs!$D$207
Name Des_FGEInc: Inputs!$D$209
Name Des_PadType: Inputs!$D$205
Name Des_Pattern: Inputs!$D$203
Name Des_PlanCase: Inputs!$D$204
Name EB1_BmBrg: Inputs!$D$110
Name EB1_BmClr: Inputs!$D$109
Name EB1_BW: Inputs!$D$107
Name EB1_CapSta: Substructure!$D$9
Name EB1_Chamf: Inputs!$D$106
Name EB1_Ctr: Inputs!$D$102
Name EB1_Depth: Inputs!$D$90
Name EB1_Emb: Inputs!$D$96
Name EB1_Inset: Inputs!$D$108
Name EB1_Len: Substructure!$K$9

Sheet Cover
B2: B4 Pedestrian Bridge - Geometry and CAD Tables
B3: =TB_Project&" | "&TB_Structure -> D2 I-95 Pedestrian Bridge | B4 pedestrian bridge - 2 x FIB-36, two simple spans
B5: Geometry authority | C5: Colab geometry notebook Bridge_Geometry_2 Beam_V2.ipynb (CONFIG + BridgeModel). This workbook reproduces its equations in Excel; the CAD model and these CAD tables are built from it, never the reverse.
B6: Beam design data | C6: Saved results of the two registered Mathcad runs (Span 1, Span 2). Mathcad was not recalculated.
B7: Template methods | C7: Where the notebook is silent (Table of Beam Variables bar dimensions, Dim L/R, build-up case, beveled plates) the BCC example workbook's formulas are used and flagged on the Method tabs.
B8: QC status | C8: =QC_Overall&" ("&QC_Counts&")" -> PASS (150 pass / 0 fail / 1 check)
B9: Rebuild | C9: C:\github\D2MPDB\.venv\Scripts\python.exe scripts\build_geometry_cad_tables.py (rebuilds, recalculates in Excel, verifies)
B10: Build fingerprint | C10: 7c2bc2fb909d765c0208
B11: Generator version | C11: 1.0.0
B12: Built | C12: 2026-10-16 09:32
B13: Notebook model ID | C13: 4d5b58a9ac
B15: Sources
B16: Geometry notebook | C16: Bridge_Geometry_2 Beam_V2.ipynb (lf_text) SHA-256 f222fe4cd0d695786101295736928be11f07b0b70eba55493a30cfaea4644400
B17: Roadway XML | C17: Geometry Report.xml SHA-256 9880ef7adeeac4228666146f5d5bb4dd17ef93f66ffeaf465a2c813eb69489e4
B18: Mathcad Span 1 | C18: project_current/mathcad/PrestressedBeamV6.2_Pedestrian_2Beam_Span1.xmcd SHA-256 a6b0f967d271c193591d477e219ac66f98b72309d19958a04c6cd08e575a8dcd
B19: Mathcad Span 2 | C19: project_current/mathcad/PrestressedBeamV6.2_Pedestrian_2Beam_Span2.xmcd SHA-256 182e3471f169d3a379c437ad12f359d567813bd4631bcc0b82e78ad860fa91b8
B21: Tabs
B22: Inputs | C22: All inputs with provenance (notebook CONFIG, Mathcad saved results, designer/template constants).
B23: Inputs Method | C23: Method for Inputs: equations, explanation and schematics.
B24: Profile & Deck | C24: PGL grades, deck edges, beam offsets and haunch check points.
B25: Profile & Deck Method | C25: Method for Profile & Deck: equations, explanation and schematics.
B26: Beam Geometry | C26: Physical beam ends, bearings, chords; Dims J, K, P, L and shortening R.
B27: Beam Geometry Method | C27: Method for Beam Geometry: equations, explanation and schematics.
B28: Camber & Haunch | C28: Common support drop D, build-up Dims B/C/D, minimum haunch, Mathcad deflections.
B29: Camber & Haunch Method | C29: Method for Camber & Haunch: equations, explanation and schematics.
B30: FGE | C30: Finished grade elevations at every line and station.
B31: FGE Method | C31: Method for FGE: equations, explanation and schematics.
B32: Bearing Seats | C32: Seat planes, slopes, pedestal tops and corners, bearing plate data.
B33: Bearing Seats Method | C33: Method for Bearing Seats: equations, explanation and schematics.
... B51: QC Method | C51: Method for QC: equations, explanation and schematics.
B53: Cell legend
B54: Input (generated from notebook / Mathcad)
B55: Calculated in this tab
B56: Linked from another tab
B57: PASS
B58: FAIL
B59: CHECK / review
B61: Open items
C62: - End-bent caps and cheek walls (D-026/D-027/D-033) are being added to the notebook in a separate task; rebuild this workbook afterwards.
C63: - Deck barrier (D-031, 12 ft clear) is not in the notebook, so no barrier-face FGE line is tabulated.
C64: - Job number, calculated/checked by and dates are blank on the Inputs tab.
C65: - Strand pattern type, concrete class and pad type are designer assignments (Inputs tab).
C66: - Dim L includes R per the BCC template - confirm against the FDOT Table of Beam Variables instructions.
C67: - Mathcad .dat inputs are missing from the project record; values are the worksheets' saved results.
C68: - The roadway XML ends about 5 ft before End Bent 2, so clearance is reported for the covered region only.

Sheet Inputs
A1: Inputs
A2: Blue values on yellow are inputs. Every geometry input is generated from the Colab geometry notebook CONFIG (the geometry authority); beam-design inputs come from the saved Mathcad runs. Edit the notebook and rebuild rather than editing these cells; QC flags any drift.
A4: Title block (fill in)
B5: Parameter | C5: Symbol | D5: Value | E5: Unit | F5: Workbook name | G5: Source / note
B6: Project | D6: D2 I-95 Pedestrian Bridge | F6: TB_Project | G6: Project journal name; edit as needed
B7: Structure | D7: B4 pedestrian bridge - 2 x FIB-36, two simple spans | F7: TB_Structure | G7: FreeCAD model / Mathcad beam type; edit as needed
B8: Job No. | F8: TB_JobNo | G8: Not in project sources - enter
B9: Calculated by | F9: TB_CalcBy | G9: Enter
B10: Date (calculated) | F10: TB_CalcDate | G10: Enter
B11: Checked by | F11: TB_CheckBy | G11: Enter
B12: Date (checked) | F12: TB_CheckDate | G12: Enter
A14: Profile - CONFIG['profile']
B15: Parameter | C15: Symbol | D15: Value | E15: Unit | F15: Workbook name | G15: Source / note
B16: Profile mode (brokeback or parabolic) | C16: mode | D16: brokeback | F16: Prof_Mode | G16: Notebook CONFIG profile.mode
B17: Profile start station (FFBW End Bent 1) | C17: s0 | D17: 1593.22 | E17: ft | F17: Prof_Sta0 | G17: Notebook CONFIG profile.start_sta_ft
B18: Profile end station (FFBW End Bent 2) | C18: s1 | D18: 1805.47 | E18: ft | F18: Prof_Sta1 | G18: Notebook CONFIG profile.end_sta_ft
B19: Start elevation | C19: z0 | D19: 47.661 | E19: ft | F19: Prof_Z0 | G19: Notebook CONFIG profile.start_elev_ft
B20: End elevation | C20: z1 | D20: 47.673 | E20: ft | F20: Prof_Z1 | G20: Notebook CONFIG profile.end_elev_ft
B21: Tangent intersection station (PI) | C21: sPI | D21: 1700.57 | E21: ft | F21: Prof_PISta | G21: Notebook CONFIG profile.intersection_sta_ft
B22: Nominal tangent grade (brokeback) | C22: g | D22: 0.005 | E22: ft/ft | F22: Prof_Gnom | G22: Notebook CONFIG profile.nominal_grade
B23: Grade change (parabolic mode only) | C23: dg | D23: -0.01 | E23: ft/ft | F23: Prof_dG | G23: Notebook CONFIG profile.parabolic_grade_change
A25: Deck - CONFIG['deck']
B26: Parameter | C26: Symbol | D26: Value | E26: Unit | F26: Workbook name | G26: Source / note
B27: Deck mode (crowned or uniform) | C27: mode | D27: crowned | F27: Deck_Mode | G27: Notebook CONFIG deck.mode. Transition mode is not implemented in this workbook (QC fails).
B28: Deck width | C28: W | D28: 13.583333 | E28: ft | F28: Deck_W | G28: Notebook CONFIG deck.width_ft (13 ft 7 in from DXF *D5380)
B29: Deck center offset from PGL | C29: yc | D29: 0 | E29: ft | F29: Deck_C | G29: Notebook CONFIG deck.center_offset_ft
B30: Deck thickness | C30: td | D30: 0.5 | E30: ft | F30: Deck_T | G30: Notebook CONFIG deck.thickness_ft
B31: Crown slope (each side, away from PGL) | C31: sc | D31: -0.02 | E31: ft/ft | F31: Deck_Crown | G31: Notebook CONFIG deck.crown_slope
B32: Uniform cross slope (uniform mode only) | C32: su | D32: -0.02 | E32: ft/ft | F32: Deck_Uni | G32: Notebook CONFIG deck.uniform_slope
A34: Beams - CONFIG['beams']
B35: Parameter | C35: Symbol | D35: Value | E35: Unit | F35: Workbook name | G35: Source / note
B36: Beam type | D36: FIB-36 | F36: Bm_Type | G36: Mathcad BeamType (notebook models the FIB-36 outline)
B37: Number of beams | C37: N | D37: 2 | F37: Bm_N | G37: Notebook CONFIG beams.count (table layout is generated for this count)
B38: Beam spacing | C38: S | D38: 8.5833333 | E38: ft | F38: Bm_S | G38: Notebook CONFIG beams.spacing_ft
B39: First beam offset (blank = centered on PGL) | C39: y1 | E39: ft | F39: Bm_First | G39: Notebook CONFIG beams.first_offset_ft
B40: Beam depth | C40: db | D40: 3 | E40: ft | F40: Bm_D | G40: Notebook CONFIG beams.depth_ft
B41: Top flange width | C41: bf | D41: 48 | E41: in | F41: Bm_Bf | G41: Notebook CONFIG beams.top_flange_width_in
B42: Minimum haunch (at any flange point) | C42: hmin | D42: 0.5 | E42: in | F42: Bm_Hmin | G42: Notebook CONFIG beams.minimum_haunch_in
B43: Beam 1 vertical raise | C43: r1 | D43: 0 | E43: in | F43: Bm1_Raise | G43: Notebook CONFIG beams.raise_in
B44: Beam 2 vertical raise | C44: r2 | D44: 0 | E44: in | F44: Bm2_Raise | G44: Notebook CONFIG beams.raise_in
B45: Gap beam 1 to 2 | D45: =Bm_S -> 8.5833333 | E45: ft | F45: Bm_Gap1 | G45: Equal spacing (CONFIG gaps_ft = None)
A47: Spans and cambers - CONFIG['spans'] (camber = Mathcad saved NetCamber)
B48: Parameter | C48: Symbol | D48: Value | E48: Unit | F48: Workbook name | G48: Source / note
B49: Span 1 start station (datum) | D49: 1593.22 | E49: ft | F49: Sp1_Sta0 | G49: Notebook CONFIG spans[0].start_ft
B50: Span 1 end station (datum) | D50: 1700.57 | E50: ft | F50: Sp1_Sta1 | G50: Notebook CONFIG spans[0].end_ft
B51: Span 1 net camber at 120 days | C51: C | D51: 0.12459274 | E51: in | F51: Sp1_C | G51: Notebook CONFIG spans[0].camber_in; basis NetCamber = max(Defl_120day) + min(Defl_dl.nc) + min(Defl_dl.c)
B52: Span 2 start station (datum) | D52: 1700.57 | E52: ft | F52: Sp2_Sta0 | G52: Notebook CONFIG spans[1].start_ft
B53: Span 2 end station (datum) | D53: 1805.47 | E53: ft | F53: Sp2_Sta1 | G53: Notebook CONFIG spans[1].end_ft
B54: Span 2 net camber at 120 days | C54: C | D54: 0.56717146 | E54: in | F54: Sp2_C | G54: Notebook CONFIG spans[1].camber_in; basis NetCamber = max(Defl_120day) + min(Defl_dl.nc) + min(Defl_dl.c)
A56: Physical beam / bearing geometry - CONFIG['physical_geometry']
B57: Parameter | C57: Symbol | D57: Value | E57: Unit | F57: Workbook name | G57: Source / note
B58: Beam end clearance to FFBW | D58: 3 | E58: in | F58: Phys_EndClr | G58: Notebook CONFIG physical_geometry.beam_end_clear_in
B59: Pier beam gap (total, beam end to beam end) | D59: 3 | E59: in | F59: Phys_PierGap | G59: Notebook CONFIG physical_geometry.pier_beam_gap_in
B60: Bearing setback (beam end to CL bearing) | D60: 9 | E60: in | F60: Phys_Setback | G60: Notebook CONFIG physical_geometry.bearing_setback_in
B61: Deck end clearance to FFBW | D61: 3 | E61: in | F61: Phys_DeckClr | G61: Notebook CONFIG physical_geometry.deck_end_clear_in
B62: Trial pile length (stored) | D62: 90 | E62: ft | F62: Phys_TrialPile | G62: Notebook CONFIG physical_geometry.trial_pile_length_ft (trial only)
A64: Pier - CONFIG['pier']
B65: Parameter | C65: Symbol | D65: Value | E65: Unit | F65: Workbook name | G65: Source / note
B66: Pier station (CL pier) | D66: 1700.57 | E66: ft | F66: Pier_Sta | G66: Notebook CONFIG pier.station_ft
B67: Bearing pad thickness | D67: 2.5625 | E67: in | F67: Pier_Pad | G67: Notebook CONFIG pier.pad_height_in
B68: Bearing pad length (longitudinal) | D68: 10 | E68: in | F68: Pier_PadL | G68: Notebook CONFIG pier.pad_length_in
B69: Bearing pad width (transverse) | D69: 32 | E69: in | F69: Pier_PadW | G69: Notebook CONFIG pier.pad_width_in
B70: Cap depth | D70: 3 | E70: ft | F70: Pier_Depth | G70: Notebook CONFIG pier.depth_ft
B71: Cap width (longitudinal) | D71: 4 | E71: ft | F71: Pier_Width | G71: Notebook CONFIG pier.width_ft
B72: Fixed cap length (blank = derive from piles) | E72: ft | F72: Pier_LenFix | G72: Notebook CONFIG pier.length_ft
B73: Pile count | D73: 4 | F73: Pier_NPile | G73: Notebook CONFIG pier.pile_count
B74: Pile diameter | D74: 20 | E74: in | F74: Pier_PileD | G74: Notebook CONFIG pier.pile_diameter_in (hollow pipe)
B75: Pipe wall thickness | D75: 0.625 | E75: in | F75: Pier_PileWall | G75: Notebook CONFIG pier.pile_wall_in
B76: Pile spacing in diameters | D76: 3 | F76: Pier_PileSpD | G76: Notebook CONFIG pier.pile_spacing_diameters
B77: Clear distance, outer pile face to cap end | D77: 15 | E77: in | F77: Pier_PileClr | G77: Notebook CONFIG pier.pile_end_clear_in
B78: Pile embedment above cap underside | D78: 12 | E78: in | F78: Pier_Emb | G78: Notebook CONFIG pier.pile_embedment_in
B79: Minimum pedestal height at CL bearing | D79: 6 | E79: in | F79: Pier_Reveal | G79: Notebook CONFIG pier.minimum_pedestal_cl_in
B80: Fixed cap top (blank = pedestal rule) | E80: ft | F80: Pier_TopFix | G80: Notebook CONFIG pier.top_center_ft
B81: Cap center offset | D81: 0 | E81: ft | F81: Pier_Ctr | G81: Notebook CONFIG pier.center_offset_ft
B82: Cap cross slope | D82: 0 | E82: ft/ft | F82: Pier_Slope | G82: Notebook CONFIG pier.cross_slope
B83: Pedestal width (transverse) | D83: 42 | E83: in | F83: Pier_PedW | G83: Notebook CONFIG pier.pedestal_width_in
B84: Pedestal length (longitudinal) | D84: 48 | E84: in | F84: Pier_PedL | G84: Notebook CONFIG pier.pedestal_length_in
B85: Pedestal top transverse chamfer | D85: 0.75 | E85: in | F85: Pier_Chamf | G85: Notebook CONFIG pier.pedestal_chamfer_in
A87: End Bent 1 - CONFIG['end_bents']['start']
B88: Parameter | C88: Symbol | D88: Value | E88: Unit | F88: Workbook name | G88: Source / note
B89: Cap width (longitudinal) | D89: 3.5 | E89: ft | F89: EB1_Width | G89: Notebook CONFIG end_bents.start.width_ft
B90: Cap depth | D90: 3 | E90: ft | F90: EB1_Depth | G90: Notebook CONFIG end_bents.start.depth_ft
B91: Fixed cap length (blank = derive from piles) | E91: ft | F91: EB1_LenFix | G91: Notebook CONFIG end_bents.start.length_ft. CAD adopted a 235-in cap body under D-026; the notebook (governing) is being updated in a separate task.
B92: Pile count | D92: 4 | F92: EB1_NPile | G92: Notebook CONFIG end_bents.start.pile_count
B93: Square pile width | D93: 18 | E93: in | F93: EB1_PileW | G93: Notebook CONFIG end_bents.start.pile_width_in
B94: Pile spacing | D94: 54 | E94: in | F94: EB1_PileSp | G94: Notebook CONFIG end_bents.start.pile_spacing_in
B95: Clear distance, outer pile face to cap end | D95: 16 | E95: in | F95: EB1_PileClr | G95: Notebook CONFIG end_bents.start.pile_end_clear_in
B96: Pile embedment above cap underside | D96: 12 | E96: in | F96: EB1_Emb | G96: Notebook CONFIG end_bents.start.pile_embedment_in
B97: Bearing pad thickness | D97: 2.5625 | E97: in | F97: EB1_Pad | G97: Notebook CONFIG end_bents.start.pad_height_in
B98: Bearing pad length (longitudinal) | D98: 10 | E98: in | F98: EB1_PadL | G98: Notebook CONFIG end_bents.start.pad_length_in
B99: Bearing pad width (transverse) | D99: 32 | E99: in | F99: EB1_PadW | G99: Notebook CONFIG end_bents.start.pad_width_in
B100: Minimum pedestal height at CL bearing | D100: 6 | E100: in | F100: EB1_Reveal | G100: Notebook CONFIG end_bents.start.minimum_pedestal_cl_in
B101: Fixed cap top (blank = pedestal rule) | E101: ft | F101: EB1_TopFix | G101: Notebook CONFIG end_bents.start.top_center_ft
B102: Cap center offset | D102: 0 | E102: ft | F102: EB1_Ctr | G102: Notebook CONFIG end_bents.start.center_offset_ft
B103: Cap cross slope | D103: 0 | E103: ft/ft | F103: EB1_Slope | G103: Notebook CONFIG end_bents.start.cross_slope
B104: Pedestal width (transverse) | D104: 42 | E104: in | F104: EB1_PedW | G104: Notebook CONFIG end_bents.start.pedestal_width_in
B105: Pedestal length (longitudinal, from FFBW) | D105: 30 | E105: in | F105: EB1_PedL | G105: Notebook CONFIG end_bents.start.pedestal_length_in
B106: Pedestal top transverse chamfer | D106: 0.75 | E106: in | F106: EB1_Chamf | G106: Notebook CONFIG end_bents.start.pedestal_chamfer_in
B107: Backwall thickness | D107: 12 | E107: in | F107: EB1_BW | G107: Notebook CONFIG end_bents.start.backwall_thickness_in
B108: Backwall rear-face inset | D108: 0 | E108: in | F108: EB1_Inset | G108: Notebook CONFIG end_bents.start.rear_face_inset_in
...

Sheet Inputs Method
B1: Inputs - Method
B2: Where every input comes from and how the workbook is kept consistent with the notebook
B5: 1. Authority and data flow
B6: The Colab geometry notebook (Bridge_Geometry_2 Beam_V2.ipynb) is the source of truth for all bridge geometry. Its CONFIG dictionary and BridgeModel equations define the profile, deck, beam layout, bearings, caps, pedestals and piles. The FreeCAD model and these CAD tables are built from the notebook, never the reverse. The generator executes the notebook cells, writes CONFIG into this tab, and writes every calculation as an Excel formula.
B20: Figure 1. Source-to-table flow. Each arrow is a formula chain you can trace with Excel "Trace Precedents".
B22: 2. Sign conventions and units
B23: • Stations s increase from End Bent 1 to End Bent 2 (ft). Offsets y are measured from the PGL, positive to the right looking up-station (ft).
B24: • Elevations z are in feet on the project datum. Inputs ending in "in" are inches; slopes and grades are ft/ft.
B25: • Deflections and camber are in inches, positive upward (Mathcad convention). The camber C is the peak upward value at midspan.
B26: • Workbook names (Formulas > Name Manager) mirror the notebook keys, for example Prof_Sta0 = CONFIG["profile"]["start_sta_ft"].
B28: 3. Mathcad beam-design values
B29: Beam-design inputs are the saved results stored in the two registered Mathcad runs. The generator parses the worksheet XML and reads each result by variable name; Mathcad is not recalculated. The notebook camber input equals the Mathcad NetCamber:
B33: Span 1: C = 0.124593 in; Span 2: C = 0.567171 in. QC confirms the deflection sum, the Mathcad NetCamber and the notebook CONFIG camber agree.
B34: Symbol | C34: Meaning | H34: Workbook name / location | K34: Units / value
B35: C | C35: Net camber at 120 days after all dead load | H35: Sp1_C, Sp2_C (Inputs) | K35: in
B36: Δ120 | C36: 120-day prestress + beam weight deflection (max) | H36: MC1_D120, MC2_D120 | K36: in
B37: ΔDL,nc | C37: Non-composite dead load (deck pour) deflection (min) | H37: MC1_Dnc, MC2_Dnc | K37: in
B38: ΔDL,c | C38: Composite dead load (barrier) deflection (min) | H38: MC1_Dc, MC2_Dc | K38: in
B39: ψ, εsh | C39: Creep coefficient and shrinkage strain at 120 days | H39: MC1_Psi, MC1_Esh ... | K39: -
B42: 4. Designer assignments and template constants
B43: A few table entries are not geometry and are not in Mathcad: concrete class, strand pattern number, plan view case and pad type. They are explicit inputs at the bottom of the Inputs tab. Standard bar-bending constants for the Table of Beam Variables are taken from the BCC example workbook formulas so the tables are produced the same way as before.
B45: 5. Keeping it current
B46: • Change geometry in the notebook CONFIG, then run: .venv\Scripts\python.exe scripts\build_geometry_cad_tables.py
B47: • The script rebuilds every tab, has Excel recalculate, and verifies the results against the notebook before saving.
B48: • Editing a blue input here recalculates the workbook, but the QC tab will then flag the difference from the notebook.
B49: • Build fingerprint 7c2bc2fb909d765c0208; notebook model ID 4d5b58a9ac. The regression test fails if any source or the generator changes without a rebuild.

Sheet Profile & Deck
A1: Profile & Deck | K1: Project | L1: =""&TB_Project -> D2 I-95 Pedestrian Bridge
A2: PGL profile, deck cross slope, beam offsets and haunch check points | K2: Job No. | L2: =""&TB_JobNo
K3: Calc. by / date | L3: =TB_CalcBy&" "&TB_CalcDate
K4: Check. by / date | L4: =TB_CheckBy&" "&TB_CheckDate
A6: Profile constants
B7: Parameter | C7: Symbol | D7: Value | E7: Unit | F7: Workbook name | G7: Source / note
B8: Profile length | C8: L | D8: =Prof_Sta1-Prof_Sta0 -> 212.25 | E8: ft | F8: Prof_L | G8: s1 - s0
B9: PI elevation (brokeback) | C9: zPI | D9: =(Prof_Z0+Prof_Gnom*(Prof_PISta-Prof_Sta0)+Prof_Z1+Prof_Gnom*(Prof_Sta1-Prof_PISta))/2 -> 48.197625 | E9: ft | F9: Prof_PIZ | G9: Average of the two tangents projected to the PI
B10: Grade 1 (entering) | C10: g1 | D10: =IF(Prof_Mode="parabolic",(Prof_Z1-Prof_Z0)/Prof_L-Prof_dG/2,(Prof_PIZ-Prof_Z0)/(Prof_PISta-Prof_Sta0)) -> 0.0049988356 | E10: ft/ft | F10: Prof_G1 | G10: Notebook BridgeModel.__init__
B11: Grade 2 (leaving) | C11: g2 | D11: =IF(Prof_Mode="parabolic",Prof_G1+Prof_dG,(Prof_Z1-Prof_PIZ)/(Prof_Sta1-Prof_PISta)) -> -0.0050011916 | E11: ft/ft | F11: Prof_G2 | G11: Notebook BridgeModel.__init__
B12: Parabolic coefficient (0 for brokeback) | C12: kq | D12: =IF(Prof_Mode="parabolic",0.5*(Prof_G2-Prof_G1)/Prof_L,0) -> 0 | E12: 1/ft | F12: Prof_Kq | G12: z = z0 + g1 x + kq x^2
A14: PGL at control stations
B15: Control point | C15: Station (ft) | D15: PGL (ft) | E15: Station label
B16: FFBW End Bent 1 (profile start) | C16: =Prof_Sta0 -> 1593.22 | D16: =IF(Prof_Mode="parabolic",Prof_Z0+Prof_G1*((C16)-Prof_Sta0)+Prof_Kq*((C16)-Prof_Sta0)^2,IF((C16)<=Prof_PISta,Prof_Z0+Prof_G1*((C16)-Prof_Sta0),Prof_PIZ+Prof_G2*((C16)-Prof_PISta))) -> 47.661 | E16: =TEXT(INT(ROUND(C16*100,0)/10000),"0")&"+"&TEXT(MOD(ROUND(C16*100,0),10000)/100,"00.00") -> 15+93.22
B17: Tangent intersection (PI) | C17: =Prof_PISta -> 1700.57 | D17: =IF(Prof_Mode="parabolic",Prof_Z0+Prof_G1*((C17)-Prof_Sta0)+Prof_Kq*((C17)-Prof_Sta0)^2,IF((C17)<=Prof_PISta,Prof_Z0+Prof_G1*((C17)-Prof_Sta0),Prof_PIZ+Prof_G2*((C17)-Prof_PISta))) -> 48.197625 | E17: =TEXT(INT(ROUND(C17*100,0)/10000),"0")&"+"&TEXT(MOD(ROUND(C17*100,0),10000)/100,"00.00") -> 17+00.57
B18: FFBW End Bent 2 (profile end) | C18: =Prof_Sta1 -> 1805.47 | D18: =IF(Prof_Mode="parabolic",Prof_Z0+Prof_G1*((C18)-Prof_Sta0)+Prof_Kq*((C18)-Prof_Sta0)^2,IF((C18)<=Prof_PISta,Prof_Z0+Prof_G1*((C18)-Prof_Sta0),Prof_PIZ+Prof_G2*((C18)-Prof_PISta))) -> 47.673 | E18: =TEXT(INT(ROUND(C18*100,0)/10000),"0")&"+"&TEXT(MOD(ROUND(C18*100,0),10000)/100,"00.00") -> 18+05.47
A20: Deck edges
B21: Parameter | C21: Symbol | D21: Value | E21: Unit | F21: Workbook name | G21: Source / note
B22: Left deck edge (coping) offset | D22: =Deck_C-Deck_W/2 -> -6.7916667 | E22: ft | F22: Deck_YL | G22: Offsets measured from the PGL, + to the right looking up-station
B23: Right deck edge (coping) offset | D23: =Deck_C+Deck_W/2 -> 6.7916667 | E23: ft | F23: Deck_YR
B24: Deck cross-slope drop at left edge | D24: =IF(Deck_Mode="uniform",Deck_Uni*(Deck_YL),Deck_Crown*ABS(Deck_YL)) -> -0.13583333 | E24: ft | F24: Deck_dL | G24: delta(y)
B25: Deck cross-slope drop at right edge | D25: =IF(Deck_Mode="uniform",Deck_Uni*(Deck_YR),Deck_Crown*ABS(Deck_YR)) -> -0.13583333 | E25: ft | F25: Deck_dR | G25: delta(y)
A27: Beam lines and haunch check points (flange edges, CL and any crown point on the flange)
B28: Beam | C28: Offset y (ft) | D28: Left flange edge | E28: CL | F28: Right flange edge | G28: Crown point on flange | H28: delta left (ft) | I28: delta CL (ft) | J28: delta right (ft) | K28: delta crown pt (ft) | L28: delta min (ft)
B29: Beam 1 | C29: =IF(ISNUMBER(Bm_First),Bm_First,-(Bm_Gap1)/2) -> -4.2916667 | D29: =C29-Bm_Bf/24 -> -6.2916667 | E29: =C29 -> -4.2916667 | F29: =C29+Bm_Bf/24 -> -2.2916667 | G29: =MAX(D29,MIN(0,F29)) -> -2.2916667 | H29: =IF(Deck_Mode="uniform",Deck_Uni*(D29),Deck_Crown*ABS(D29)) -> -0.12583333 | I29: =IF(Deck_Mode="uniform",Deck_Uni*(E29),Deck_Crown*ABS(E29)) -> -0.085833333 | J29: =IF(Deck_Mode="uniform",Deck_Uni*(F29),Deck_Crown*ABS(F29)) -> -0.045833333 | K29: =IF(Deck_Mode="uniform",Deck_Uni*(G29),Deck_Crown*ABS(G29)) -> -0.045833333 | L29: =MIN(H29:K29) -> -0.12583333
B30: Beam 2 | C30: =Bm1_Off+Bm_Gap1 -> 4.2916667 | D30: =C30-Bm_Bf/24 -> 2.2916667 | E30: =C30 -> 4.2916667 | F30: =C30+Bm_Bf/24 -> 6.2916667 | G30: =MAX(D30,MIN(0,F30)) -> 2.2916667 | H30: =IF(Deck_Mode="uniform",Deck_Uni*(D30),Deck_Crown*ABS(D30)) -> -0.045833333 | I30: =IF(Deck_Mode="uniform",Deck_Uni*(E30),Deck_Crown*ABS(E30)) -> -0.085833333 | J30: =IF(Deck_Mode="uniform",Deck_Uni*(F30),Deck_Crown*ABS(F30)) -> -0.12583333 | K30: =IF(Deck_Mode="uniform",Deck_Uni*(G30),Deck_Crown*ABS(G30)) -> -0.045833333 | L30: =MIN(H30:K30) -> -0.12583333
A32: Layout checks
B33: Beam flanges inside the deck width | C33: =IF(AND(Bm1_FL>=Deck_YL-0.000000001,Bm2_FR<=Deck_YR+0.000000001),"PASS","FAIL") -> PASS
B34: Flanges do not overlap | C34: =IF(MIN(Bm_Gap1)>=Bm_Bf/12-0.000000001,"PASS","FAIL") -> PASS
B35: Deck mode implemented (crowned or uniform) | C35: =IF(OR(Deck_Mode="crowned",Deck_Mode="uniform"),"PASS","FAIL") -> PASS
B36: Profile mode implemented (brokeback or parabolic) | C36: =IF(OR(Prof_Mode="brokeback",Prof_Mode="parabolic"),"PASS","FAIL") -> PASS
B37: PI inside the profile | C37: =IF(AND(Prof_PISta>Prof_Sta0,Prof_PISta<Prof_Sta1),"PASS","FAIL") -> PASS

Sheet Profile & Deck Method
B1: Profile & Deck - Method
B2: Profile grade line, deck cross slope, beam offsets and haunch check points
B5: 1. Profile grade line (PGL)
B6: The notebook profile mode is "brokeback". In brokeback mode the PGL is two straight tangents of nominal grade g that meet at the tangent intersection station. The PI elevation averages the two tangents projected to the PI, which preserves both end elevations:
B16: Current values: g1 = +0.499884%, g2 = -0.500119%, z_PI = 48.197625 ft at 17+00.57.
B17: Parabolic mode (also in the notebook) keeps both end elevations and the entered grade change Δg, with x = s - s0 and L = s1 - s0:
B37: Figure 1. Profile along the bridge (vertical scale exaggerated).
B39: 2. Deck surface
B40: The deck top at offset y adds a cross-slope term to the PGL. Crowned mode slopes both sides away from the PGL; uniform mode applies one slope across the deck. (The notebook transition mode is not implemented in this workbook; QC fails if it is selected.)
B60: Figure 2. Typical section and haunch check points.
B62: 3. Beam offsets and haunch check points
B66: The haunch is checked at four transverse points on each top flange: both flange edges, the beam centerline, and the crown point clipped onto the flange (it captures a crown break that falls on the flange). The lowest deck point over the flange governs:
B70: Symbol | C70: Meaning | H70: Workbook name / location | K70: Units / value
B71: s0, s1, sPI | C71: Profile start, end and tangent-intersection stations | H71: Prof_Sta0, Prof_Sta1, Prof_PISta | K71: ft
B72: z0, z1 | C72: Profile end elevations | H72: Prof_Z0, Prof_Z1 | K72: ft
B73: g1, g2 | C73: Tangent grades | H73: Prof_G1, Prof_G2 | K73: ft/ft
B74: kq | C74: Parabolic coefficient (0 in brokeback mode) | H74: Prof_Kq | K74: 1/ft
B75: sc, su | C75: Crown slope, uniform slope | H75: Deck_Crown, Deck_Uni | K75: ft/ft
B76: yk | C76: Beam k centerline offset | H76: Bm1_Off, Bm2_Off | K76: ft
B77: δmin,k | C77: Lowest cross-slope drop over beam k flange | H77: Bm1_dMin, Bm2_dMin | K77: ft

Sheet Beam Geometry
A1: Beam Geometry | O1: Project | P1: =""&TB_Project -> D2 I-95 Pedestrian Bridge
A2: Physical beam ends, bearings, deck limits, bearing chords and Table of Beam Variables dimensions | O2: Job No. | P2: =""&TB_JobNo
O3: Calc. by / date | P3: =TB_CalcBy&" "&TB_CalcDate
O4: Check. by / date | P4: =TB_CheckBy&" "&TB_CheckDate
A6: Span layout (stations in ft)
B7: Span | C7: Datum start | D7: Datum end | E7: Start support | F7: End support | G7: Beam start | H7: Beam end | I7: CL brg A (start) | J7: CL brg B (end) | K7: Deck start | L7: Deck end | M7: Beam length | N7: Brg span Lb | O7: Brg midpoint | P7: PGL at A | Q7: PGL at B | R7: Chord grade | S7: Layout check | T7: Mathcad L.beam | U7: Beam length - Mathcad
B8: 1 | C8: =Sp1_Sta0 -> 1593.22 | D8: =Sp1_Sta1 -> 1700.57 | E8: End Bent 1 | F8: Pier | G8: =C8+Phys_EndClr/12 -> 1593.47 | H8: =D8-Phys_PierGap/24 -> 1700.445 | I8: =G8+Phys_Setback/12 -> 1594.22 | J8: =H8-Phys_Setback/12 -> 1699.695 | K8: =C8+Phys_DeckClr/12 -> 1593.47 | L8: =D8 -> 1700.57 | M8: =H8-G8 -> 106.975 | N8: =J8-I8 -> 105.475 | O8: =(I8+J8)/2 -> 1646.9575 | P8: =IF(Prof_Mode="parabolic",Prof_Z0+Prof_G1*((I8)-Prof_Sta0)+Prof_Kq*((I8)-Prof_Sta0)^2,IF((I8)<=Prof_PISta,Prof_Z0+Prof_G1*((I8)-Prof_Sta0),Prof_PIZ+Prof_G2*((I8)-Prof_PISta))) -> 47.665999 | Q8: =IF(Prof_Mode="parabolic",Prof_Z0+Prof_G1*((J8)-Prof_Sta0)+Prof_Kq*((J8)-Prof_Sta0)^2,IF((J8)<=Prof_PISta,Prof_Z0+Prof_G1*((J8)-Prof_Sta0),Prof_PIZ+Prof_G2*((J8)-Prof_PISta))) -> 48.193251 | R8: =(Q8-P8)/N8 -> 0.0049988356 | S8: =IF(AND(C8<=G8,G8<I8,I8<J8,J8<H8,H8<=D8,K8<L8),"PASS","FAIL") -> PASS | T8: =MC1_Lbeam -> 106.975 | U8: =M8-T8 -> 0
B9: 2 | C9: =Sp2_Sta0 -> 1700.57 | D9: =Sp2_Sta1 -> 1805.47 | E9: Pier | F9: End Bent 2 | G9: =C9+Phys_PierGap/24 -> 1700.695 | H9: =D9-Phys_EndClr/12 -> 1805.22 | I9: =G9+Phys_Setback/12 -> 1701.445 | J9: =H9-Phys_Setback/12 -> 1804.47 | K9: =C9 -> 1700.57 | L9: =D9-Phys_DeckClr/12 -> 1805.22 | M9: =H9-G9 -> 104.525 | N9: =J9-I9 -> 103.025 | O9: =(I9+J9)/2 -> 1752.9575 | P9: =IF(Prof_Mode="parabolic",Prof_Z0+Prof_G1*((I9)-Prof_Sta0)+Prof_Kq*((I9)-Prof_Sta0)^2,IF((I9)<=Prof_PISta,Prof_Z0+Prof_G1*((I9)-Prof_Sta0),Prof_PIZ+Prof_G2*((I9)-Prof_PISta))) -> 48.193249 | Q9: =IF(Prof_Mode="parabolic",Prof_Z0+Prof_G1*((J9)-Prof_Sta0)+Prof_Kq*((J9)-Prof_Sta0)^2,IF((J9)<=Prof_PISta,Prof_Z0+Prof_G1*((J9)-Prof_Sta0),Prof_PIZ+Prof_G2*((J9)-Prof_PISta))) -> 47.678001 | R9: =(Q9-P9)/N9 -> -0.0050011916 | S9: =IF(AND(C9<=G9,G9<I9,I9<J9,J9<H9,H9<=D9,K9<L9),"PASS","FAIL") -> PASS | T9: =MC2_Lbeam -> 104.525 | U9: =M9-T9 -> 0
A11: Beam dimensions for the Table of Beam Variables (template method, notebook geometry)
B12: Beam | C12: Span | D12: Offset (ft) | E12: Raise (in) | F12: Horizontal length (ft) | G12: Sloped length Ls (ft) | H12: Skew (deg) | I12: Angle phi End 1 | J12: Angle phi End 2 | K12: Dim J (in) | L12: Dim K1 (in) | M12: Dim K2 (in) | N12: Dim P (in) | O12: End elev. cond. | P12: Prestress P (kip) | Q12: Creep factor C1 | R12: Shortening R (in) | S12: Dim L incl. R (ft) | T12: Dim L ft | U12: Dim L in
B13: 1-1 | C13: 1 | D13: =Bm1_Off -> -4.2916667 | E13: =Bm1_Raise -> 0 | F13: =Sp1_LBeam -> 106.975 | G13: =F13*SQRT(1+Sp1_Gc^2) -> 106.97634 | H13: =MC1_Skew -> 0 | I13: =90-H13 -> 90 | J13: =90-H13 -> 90 | K13: =Phys_Setback -> 9 | L13: =(Sp1_BrgA-Sp1_Sta0)*12 -> 12 | M13: =(Sp1_Sta1-Sp1_BrgB)*12 -> 10.5 | N13: =IF(ABS(Sp1_Gc*Bm_D*12)<Des_DimP,0,-Sp1_Gc*Bm_D*12) -> 0 | O13: =IF(N13<0,2,IF(N13>0,3,1)) -> 1 | P13: =MC1_NStr*MC1_Pj+MC1_NTop*MC1_PTop -> 1753.7575 | Q13: =1+MC1_Psi -> 1.9583197 | R13: =Q13*P13*G13*12/(MC1_Eci*Bm_Area)+ABS(MC1_Esh)*G13*12 -> 1.5229584 | S13: =G13+R13/12 -> 107.10325 | T13: =ROUNDDOWN(S13,0) -> 107 | U13: =(S13-T13)*12 -> 1.238997
B14: 1-2 | C14: 1 | D14: =Bm2_Off -> 4.2916667 | E14: =Bm2_Raise -> 0 | F14: =Sp1_LBeam -> 106.975 | G14: =F14*SQRT(1+Sp1_Gc^2) -> 106.97634 | H14: =MC1_Skew -> 0 | I14: =90-H14 -> 90 | J14: =90-H14 -> 90 | K14: =Phys_Setback -> 9 | L14: =(Sp1_BrgA-Sp1_Sta0)*12 -> 12 | M14: =(Sp1_Sta1-Sp1_BrgB)*12 -> 10.5 | N14: =IF(ABS(Sp1_Gc*Bm_D*12)<Des_DimP,0,-Sp1_Gc*Bm_D*12) -> 0 | O14: =IF(N14<0,2,IF(N14>0,3,1)) -> 1 | P14: =MC1_NStr*MC1_Pj+MC1_NTop*MC1_PTop -> 1753.7575 | Q14: =1+MC1_Psi -> 1.9583197 | R14: =Q14*P14*G14*12/(MC1_Eci*Bm_Area)+ABS(MC1_Esh)*G14*12 -> 1.5229584 | S14: =G14+R14/12 -> 107.10325 | T14: =ROUNDDOWN(S14,0) -> 107 | U14: =(S14-T14)*12 -> 1.238997
B15: 2-1 | C15: 2 | D15: =Bm1_Off -> -4.2916667 | E15: =Bm1_Raise -> 0 | F15: =Sp2_LBeam -> 104.525 | G15: =F15*SQRT(1+Sp2_Gc^2) -> 104.52631 | H15: =MC2_Skew -> 0 | I15: =90-H15 -> 90 | J15: =90-H15 -> 90 | K15: =Phys_Setback -> 9 | L15: =(Sp2_BrgA-Sp2_Sta0)*12 -> 10.5 | M15: =(Sp2_Sta1-Sp2_BrgB)*12 -> 12 | N15: =IF(ABS(Sp2_Gc*Bm_D*12)<Des_DimP,0,-Sp2_Gc*Bm_D*12) -> 0 | O15: =IF(N15<0,2,IF(N15>0,3,1)) -> 1 | P15: =MC2_NStr*MC2_Pj+MC2_NTop*MC2_PTop -> 1753.7575 | Q15: =1+MC2_Psi -> 1.9583197 | R15: =Q15*P15*G15*12/(MC2_Eci*Bm_Area)+ABS(MC2_Esh)*G15*12 -> 1.4880787 | S15: =G15+R15/12 -> 104.65031 | T15: =ROUNDDOWN(S15,0) -> 104 | U15: =(S15-T15)*12 -> 7.8037649
B16: 2-2 | C16: 2 | D16: =Bm2_Off -> 4.2916667 | E16: =Bm2_Raise -> 0 | F16: =Sp2_LBeam -> 104.525 | G16: =F16*SQRT(1+Sp2_Gc^2) -> 104.52631 | H16: =MC2_Skew -> 0 | I16: =90-H16 -> 90 | J16: =90-H16 -> 90 | K16: =Phys_Setback -> 9 | L16: =(Sp2_BrgA-Sp2_Sta0)*12 -> 10.5 | M16: =(Sp2_Sta1-Sp2_BrgB)*12 -> 12 | N16: =IF(ABS(Sp2_Gc*Bm_D*12)<Des_DimP,0,-Sp2_Gc*Bm_D*12) -> 0 | O16: =IF(N16<0,2,IF(N16>0,3,1)) -> 1 | P16: =MC2_NStr*MC2_Pj+MC2_NTop*MC2_PTop -> 1753.7575 | Q16: =1+MC2_Psi -> 1.9583197 | R16: =Q16*P16*G16*12/(MC2_Eci*Bm_Area)+ABS(MC2_Esh)*G16*12 -> 1.4880787 | S16: =G16+R16/12 -> 104.65031 | T16: =ROUNDDOWN(S16,0) -> 104 | U16: =(S16-T16)*12 -> 7.8037649
B18: Dim L follows the BCC template (sloped beam length + shortening R). Confirm against the current FDOT instructions for the Table of Beam Variables before issue; the sloped length without R is column G.

Sheet Beam Geometry Method
B1: Beam Geometry - Method
B2: Physical beam ends, bearings and the Table of Beam Variables dimensions
B5: 1. Physical beam ends and bearings
B6: Spans run between datums: the front face of backwall (FFBW) at end bents and the pier centerline. Beams stop short of each datum by the beam-end clearance e at an end bent, or by half the pier gap g at the pier. Bearings sit a setback j inside each beam end. The deck stops a clearance cd inside each FFBW and is continuous over the pier:
B10: Current: e = 3 in, g = 3 in, j = 9 in, cd = 3 in. Span 1 bearings 15+94.22 to 16+99.70; Span 2 bearings 17+01.44 to 18+04.47.
B25: Figure 1. Beam-end, bearing and pier-joint dimensions (elevation).
B27: 2. Bearing chord and sloped length
B31: The beam soffit chord between bearings is parallel to the PGL chord (the notebook drops all bearings by the same D; see Camber & Haunch). QC compares the horizontal beam length with the Mathcad L.beam.
B33: 3. Table of Beam Variables dimensions (BCC template method)
B40: Elastic plus time-dependent shortening R uses the template expression with the Mathcad prestress, creep and shrinkage values:
B47: Dim L adds R to the sloped length, exactly as the BCC template did. Confirm against the current FDOT Table of Beam Variables instructions before issue; the sloped length without R is shown in the Ls column.
B61: Figure 2. End-of-beam dimensions used in the Table of Beam Variables.
B62: Symbol | C62: Meaning | H62: Workbook name / location | K62: Units / value
B63: sa, sb | C63: Span datum stations (FFBW or CL pier) | H63: Sp1_Sta0, Sp1_Sta1 ... | K63: ft
B64: sA, sB | C64: Bearing stations | H64: Sp1_BrgA, Sp1_BrgB ... | K64: ft
B65: Lb, gc | C65: Bearing span and chord grade | H65: Sp1_Lb, Sp1_Gc ... | K65: ft, ft/ft
B66: P | C66: Total prestress force at jacking | H66: Beam Geometry col P | K66: kip
B67: Ag, Eci | C67: FIB-36 gross area; release modulus (Mathcad) | H67: Bm_Area, MC1_Eci | K67: in2, ksi

Sheet Camber & Haunch
A1: Camber & Haunch | L1: Project | M1: =""&TB_Project -> D2 I-95 Pedestrian Bridge
A2: Common support drop, build-up (Dims B, C, D) and minimum flange haunch | L2: Job No. | M2: =""&TB_JobNo
L3: Calc. by / date | M3: =TB_CalcBy&" "&TB_CalcDate
L4: Check. by / date | M4: =TB_CheckBy&" "&TB_CheckDate
A6: A. Haunch shape per span: h(t) = K - m t(1-t), with t = (s - brg A)/Lb
B7: Span | C7: Camber C (in) | D7: Lb (ft) | E7: t at beam start | F7: t at beam end | G7: m (ft) | H7: max of m t(1-t) on beam | I7: Mathcad NetCamber (in) | J7: C - Mathcad (in)
B8: 1 | C8: =Sp1_C -> 0.12459274 | D8: =Sp1_Lb -> 105.475 | E8: =(Sp1_Bm0-Sp1_BrgA)/Sp1_Lb -> -0.0071106897 | F8: =(Sp1_Bm1-Sp1_BrgA)/Sp1_Lb -> 1.0071107 | G8: =Prof_Kq*Sp1_Lb^2+Sp1_C/3 -> 0.041530915 | H8: =MAX(G8/4,G8*E8*(1-E8),G8*F8*(1-F8)) -> 0.010382729 | I8: =MC1_Net -> 0.12459274 | J8: =C8-I8 -> 0
B9: 2 | C9: =Sp2_C -> 0.56717146 | D9: =Sp2_Lb -> 103.025 | E9: =(Sp2_Bm0-Sp2_BrgA)/Sp2_Lb -> -0.0072797865 | F9: =(Sp2_Bm1-Sp2_BrgA)/Sp2_Lb -> 1.0072798 | G9: =Prof_Kq*Sp2_Lb^2+Sp2_C/3 -> 0.18905715 | H9: =MAX(G9/4,G9*E9*(1-E9),G9*F9*(1-F9)) -> 0.047264289 | I9: =MC2_Net -> 0.56717146 | J9: =C9-I9 -> 0
A11: B. Minimum uncorrected haunch per beam and the common support drop D
B12: Beam | C12: delta min (ft) | D12: Raise (in) | E12: Min haunch with D = 0 (ft) | F12: Min flange haunch (in)
B13: 1-1 | C13: =Bm1_dMin -> -0.12583333 | D13: =Bm1_Raise -> 0 | E13: =C13-Deck_T-D13/12-Bm_D-Sp1_W -> -3.6362161 | F13: =(E13+Sup_Drop)*12 -> 0.94257872
B14: 1-2 | C14: =Bm2_dMin -> -0.12583333 | D14: =Bm2_Raise -> 0 | E14: =C14-Deck_T-D14/12-Bm_D-Sp1_W -> -3.6362161 | F14: =(E14+Sup_Drop)*12 -> 0.94257872
B15: 2-1 | C15: =Bm1_dMin -> -0.12583333 | D15: =Bm1_Raise -> 0 | E15: =C15-Deck_T-D15/12-Bm_D-Sp2_W -> -3.6730976 | F15: =(E15+Sup_Drop)*12 -> 0.5
B16: 2-2 | C16: =Bm2_dMin -> -0.12583333 | D16: =Bm2_Raise -> 0 | E16: =C16-Deck_T-D16/12-Bm_D-Sp2_W -> -3.6730976 | F16: =(E16+Sup_Drop)*12 -> 0.5
B18: Common support drop D (ft) | E18: =Bm_Hmin/12-MIN(E13:E16) -> 3.7147643 | G18: D = h_min,req - min over every beam and flange point of the haunch with D = 0
B19: Minimum flange haunch, whole bridge (in) | E19: =MIN(F13:F16) -> 0.5 | F19: =IF(E19>=Bm_Hmin-0.00000001,"PASS","FAIL") -> PASS
A21: C. Haunch over each beam at the bearings and midspan
B22: Beam | C22: Location | D22: Station s (ft) | E22: t | F22: PGL (ft) | G22: Chord (ft) | H22: Camber (ft) | I22: Beam bottom (ft) | J22: Beam top (ft) | K22: Deck @ CL beam (ft) | L22: Haunch @ CL (in) | M22: Min flange haunch (in)
B23: 1-1 | C23: Begin brg | D23: =Sp1_BrgA -> 1594.22 | E23: =(D23-Sp1_BrgA)/Sp1_Lb -> 0 | F23: =IF(Prof_Mode="parabolic",Prof_Z0+Prof_G1*((D23)-Prof_Sta0)+Prof_Kq*((D23)-Prof_Sta0)^2,IF((D23)<=Prof_PISta,Prof_Z0+Prof_G1*((D23)-Prof_Sta0),Prof_PIZ+Prof_G2*((D23)-Prof_PISta))) -> 47.665999 | G23: =Sp1_ZA+(Sp1_ZB-Sp1_ZA)*E23 -> 47.665999 | H23: =Sp1_C/3*E23*(1-E23) -> 0 | I23: =G23-Sup_Drop+H23+Bm1_Raise/12 -> 43.951235 | J23: =I23+Bm_D -> 46.951235 | K23: =F23+Bm1_dCL -> 47.580166 | L23: =(K23-Deck_T-J23)*12 -> 1.5471715 | M23: =(F23+Bm1_dMin-Deck_T-J23)*12 -> 1.0671715
B24: 1-1 | C24: Midspan | D24: =Sp1_Mid -> 1646.9575 | E24: =(D24-Sp1_BrgA)/Sp1_Lb -> 0.5 | F24: =IF(Prof_Mode="parabolic",Prof_Z0+Prof_G1*((D24)-Prof_Sta0)+Prof_Kq*((D24)-Prof_Sta0)^2,IF((D24)<=Prof_PISta,Prof_Z0+Prof_G1*((D24)-Prof_Sta0),Prof_PIZ+Prof_G2*((D24)-Prof_PISta))) -> 47.929625 | G24: =Sp1_ZA+(Sp1_ZB-Sp1_ZA)*E24 -> 47.929625 | H24: =Sp1_C/3*E24*(1-E24) -> 0.010382729 | I24: =G24-Sup_Drop+H24+Bm1_Raise/12 -> 44.225243 | J24: =I24+Bm_D -> 47.225243 | K24: =F24+Bm1_dCL -> 47.843792 | L24: =(K24-Deck_T-J24)*12 -> 1.4225787 | M24: =(F24+Bm1_dMin-Deck_T-J24)*12 -> 0.94257872
B25: 1-1 | C25: End brg | D25: =Sp1_BrgB -> 1699.695 | E25: =(D25-Sp1_BrgA)/Sp1_Lb -> 1 | F25: =IF(Prof_Mode="parabolic",Prof_Z0+Prof_G1*((D25)-Prof_Sta0)+Prof_Kq*((D25)-Prof_Sta0)^2,IF((D25)<=Prof_PISta,Prof_Z0+Prof_G1*((D25)-Prof_Sta0),Prof_PIZ+Prof_G2*((D25)-Prof_PISta))) -> 48.193251 | G25: =Sp1_ZA+(Sp1_ZB-Sp1_ZA)*E25 -> 48.193251 | H25: =Sp1_C/3*E25*(1-E25) -> 0 | I25: =G25-Sup_Drop+H25+Bm1_Raise/12 -> 44.478487 | J25: =I25+Bm_D -> 47.478487 | K25: =F25+Bm1_dCL -> 48.107418 | L25: =(K25-Deck_T-J25)*12 -> 1.5471715 | M25: =(F25+Bm1_dMin-Deck_T-J25)*12 -> 1.0671715
B26: 1-2 | C26: Begin brg | D26: =Sp1_BrgA -> 1594.22 | E26: =(D26-Sp1_BrgA)/Sp1_Lb -> 0 | F26: =IF(Prof_Mode="parabolic",Prof_Z0+Prof_G1*((D26)-Prof_Sta0)+Prof_Kq*((D26)-Prof_Sta0)^2,IF((D26)<=Prof_PISta,Prof_Z0+Prof_G1*((D26)-Prof_Sta0),Prof_PIZ+Prof_G2*((D26)-Prof_PISta))) -> 47.665999 | G26: =Sp1_ZA+(Sp1_ZB-Sp1_ZA)*E26 -> 47.665999 | H26: =Sp1_C/3*E26*(1-E26) -> 0 | I26: =G26-Sup_Drop+H26+Bm2_Raise/12 -> 43.951235 | J26: =I26+Bm_D -> 46.951235 | K26: =F26+Bm2_dCL -> 47.580166 | L26: =(K26-Deck_T-J26)*12 -> 1.5471715 | M26: =(F26+Bm2_dMin-Deck_T-J26)*12 -> 1.0671715
B27: 1-2 | C27: Midspan | D27: =Sp1_Mid -> 1646.9575 | E27: =(D27-Sp1_BrgA)/Sp1_Lb -> 0.5 | F27: =IF(Prof_Mode="parabolic",Prof_Z0+Prof_G1*((D27)-Prof_Sta0)+Prof_Kq*((D27)-Prof_Sta0)^2,IF((D27)<=Prof_PISta,Prof_Z0+Prof_G1*((D27)-Prof_Sta0),Prof_PIZ+Prof_G2*((D27)-Prof_PISta))) -> 47.929625 | G27: =Sp1_ZA+(Sp1_ZB-Sp1_ZA)*E27 -> 47.929625 | H27: =Sp1_C/3*E27*(1-E27) -> 0.010382729 | I27: =G27-Sup_Drop+H27+Bm2_Raise/12 -> 44.225243 | J27: =I27+Bm_D -> 47.225243 | K27: =F27+Bm2_dCL -> 47.843792 | L27: =(K27-Deck_T-J27)*12 -> 1.4225787 | M27: =(F27+Bm2_dMin-Deck_T-J27)*12 -> 0.94257872
B28: 1-2 | C28: End brg | D28: =Sp1_BrgB -> 1699.695 | E28: =(D28-Sp1_BrgA)/Sp1_Lb -> 1 | F28: =IF(Prof_Mode="parabolic",Prof_Z0+Prof_G1*((D28)-Prof_Sta0)+Prof_Kq*((D28)-Prof_Sta0)^2,IF((D28)<=Prof_PISta,Prof_Z0+Prof_G1*((D28)-Prof_Sta0),Prof_PIZ+Prof_G2*((D28)-Prof_PISta))) -> 48.193251 | G28: =Sp1_ZA+(Sp1_ZB-Sp1_ZA)*E28 -> 48.193251 | H28: =Sp1_C/3*E28*(1-E28) -> 0 | I28: =G28-Sup_Drop+H28+Bm2_Raise/12 -> 44.478487 | J28: =I28+Bm_D -> 47.478487 | K28: =F28+Bm2_dCL -> 48.107418 | L28: =(K28-Deck_T-J28)*12 -> 1.5471715 | M28: =(F28+Bm2_dMin-Deck_T-J28)*12 -> 1.0671715
B29: 2-1 | C29: Begin brg | D29: =Sp2_BrgA -> 1701.445 | E29: =(D29-Sp2_BrgA)/Sp2_Lb -> 0 | F29: =IF(Prof_Mode="parabolic",Prof_Z0+Prof_G1*((D29)-Prof_Sta0)+Prof_Kq*((D29)-Prof_Sta0)^2,IF((D29)<=Prof_PISta,Prof_Z0+Prof_G1*((D29)-Prof_Sta0),Prof_PIZ+Prof_G2*((D29)-Prof_PISta))) -> 48.193249 | G29: =Sp2_ZA+(Sp2_ZB-Sp2_ZA)*E29 -> 48.193249 | H29: =Sp2_C/3*E29*(1-E29) -> 0 | I29: =G29-Sup_Drop+H29+Bm1_Raise/12 -> 44.478485 | J29: =I29+Bm_D -> 47.478485 | K29: =F29+Bm1_dCL -> 48.107416 | L29: =(K29-Deck_T-J29)*12 -> 1.5471715 | M29: =(F29+Bm1_dMin-Deck_T-J29)*12 -> 1.0671715
B30: 2-1 | C30: Midspan | D30: =Sp2_Mid -> 1752.9575 | E30: =(D30-Sp2_BrgA)/Sp2_Lb -> 0.5 | F30: =IF(Prof_Mode="parabolic",Prof_Z0+Prof_G1*((D30)-Prof_Sta0)+Prof_Kq*((D30)-Prof_Sta0)^2,IF((D30)<=Prof_PISta,Prof_Z0+Prof_G1*((D30)-Prof_Sta0),Prof_PIZ+Prof_G2*((D30)-Prof_PISta))) -> 47.935625 | G30: =Sp2_ZA+(Sp2_ZB-Sp2_ZA)*E30 -> 47.935625 | H30: =Sp2_C/3*E30*(1-E30) -> 0.047264289 | I30: =G30-Sup_Drop+H30+Bm1_Raise/12 -> 44.268125 | J30: =I30+Bm_D -> 47.268125 | K30: =F30+Bm1_dCL -> 47.849792 | L30: =(K30-Deck_T-J30)*12 -> 0.98 | M30: =(F30+Bm1_dMin-Deck_T-J30)*12 -> 0.5
B31: 2-1 | C31: End brg | D31: =Sp2_BrgB -> 1804.47 | E31: =(D31-Sp2_BrgA)/Sp2_Lb -> 1 | F31: =IF(Prof_Mode="parabolic",Prof_Z0+Prof_G1*((D31)-Prof_Sta0)+Prof_Kq*((D31)-Prof_Sta0)^2,IF((D31)<=Prof_PISta,Prof_Z0+Prof_G1*((D31)-Prof_Sta0),Prof_PIZ+Prof_G2*((D31)-Prof_PISta))) -> 47.678001 | G31: =Sp2_ZA+(Sp2_ZB-Sp2_ZA)*E31 -> 47.678001 | H31: =Sp2_C/3*E31*(1-E31) -> 0 | I31: =G31-Sup_Drop+H31+Bm1_Raise/12 -> 43.963237 | J31: =I31+Bm_D -> 46.963237 | K31: =F31+Bm1_dCL -> 47.592168 | L31: =(K31-Deck_T-J31)*12 -> 1.5471715 | M31: =(F31+Bm1_dMin-Deck_T-J31)*12 -> 1.0671715
B32: 2-2 | C32: Begin brg | D32: =Sp2_BrgA -> 1701.445 | E32: =(D32-Sp2_BrgA)/Sp2_Lb -> 0 | F32: =IF(Prof_Mode="parabolic",Prof_Z0+Prof_G1*((D32)-Prof_Sta0)+Prof_Kq*((D32)-Prof_Sta0)^2,IF((D32)<=Prof_PISta,Prof_Z0+Prof_G1*((D32)-Prof_Sta0),Prof_PIZ+Prof_G2*((D32)-Prof_PISta))) -> 48.193249 | G32: =Sp2_ZA+(Sp2_ZB-Sp2_ZA)*E32 -> 48.193249 | H32: =Sp2_C/3*E32*(1-E32) -> 0 | I32: =G32-Sup_Drop+H32+Bm2_Raise/12 -> 44.478485 | J32: =I32+Bm_D -> 47.478485 | K32: =F32+Bm2_dCL -> 48.107416 | L32: =(K32-Deck_T-J32)*12 -> 1.5471715 | M32: =(F32+Bm2_dMin-Deck_T-J32)*12 -> 1.0671715
B33: 2-2 | C33: Midspan | D33: =Sp2_Mid -> 1752.9575 | E33: =(D33-Sp2_BrgA)/Sp2_Lb -> 0.5 | F33: =IF(Prof_Mode="parabolic",Prof_Z0+Prof_G1*((D33)-Prof_Sta0)+Prof_Kq*((D33)-Prof_Sta0)^2,IF((D33)<=Prof_PISta,Prof_Z0+Prof_G1*((D33)-Prof_Sta0),Prof_PIZ+Prof_G2*((D33)-Prof_PISta))) -> 47.935625 | G33: =Sp2_ZA+(Sp2_ZB-Sp2_ZA)*E33 -> 47.935625 | H33: =Sp2_C/3*E33*(1-E33) -> 0.047264289 | I33: =G33-Sup_Drop+H33+Bm2_Raise/12 -> 44.268125 | J33: =I33+Bm_D -> 47.268125 | K33: =F33+Bm2_dCL -> 47.849792 | L33: =(K33-Deck_T-J33)*12 -> 0.98 | M33: =(F33+Bm2_dMin-Deck_T-J33)*12 -> 0.5
B34: 2-2 | C34: End brg | D34: =Sp2_BrgB -> 1804.47 | E34: =(D34-Sp2_BrgA)/Sp2_Lb -> 1 | F34: =IF(Prof_Mode="parabolic",Prof_Z0+Prof_G1*((D34)-Prof_Sta0)+Prof_Kq*((D34)-Prof_Sta0)^2,IF((D34)<=Prof_PISta,Prof_Z0+Prof_G1*((D34)-Prof_Sta0),Prof_PIZ+Prof_G2*((D34)-Prof_PISta))) -> 47.678001 | G34: =Sp2_ZA+(Sp2_ZB-Sp2_ZA)*E34 -> 47.678001 | H34: =Sp2_C/3*E34*(1-E34) -> 0 | I34: =G34-Sup_Drop+H34+Bm2_Raise/12 -> 43.963237 | J34: =I34+Bm_D -> 46.963237 | K34: =F34+Bm2_dCL -> 47.592168 | L34: =(K34-Deck_T-J34)*12 -> 1.5471715 | M34: =(F34+Bm2_dMin-Deck_T-J34)*12 -> 1.0671715
A36: D. Build-up summary (FDOT Build-Up & Deflection table)
B37: Beam | C37: Dim B begin (in) | D37: Dim C CL span (in) | E37: Dim D end (in) | F37: Mid-ordinate R (in) | G37: Net camber C (in) | H37: Build-up case
B38: 1-1 | C38: =L23 -> 1.5471715 | D38: =L24 -> 1.4225787 | E38: =L25 -> 1.5471715 | F38: =(K24-(K23+K25)/2)*12 -> 0 | G38: =Sp1_C -> 0.12459274 | H38: =IF(ROUND(F38,6)<0,"Case 2",IF(ROUND(F38,6)>G38,"Case 4",IF(ROUND(F38,6)>0,"Case 3","Case 1"))) -> Case 1
B39: 1-2 | C39: =L26 -> 1.5471715 | D39: =L27 -> 1.4225787 | E39: =L28 -> 1.5471715 | F39: =(K27-(K26+K28)/2)*12 -> 0 | G39: =Sp1_C -> 0.12459274 | H39: =IF(ROUND(F39,6)<0,"Case 2",IF(ROUND(F39,6)>G39,"Case 4",IF(ROUND(F39,6)>0,"Case 3","Case 1"))) -> Case 1
B40: 2-1 | C40: =L29 -> 1.5471715 | D40: =L30 -> 0.98 | E40: =L31 -> 1.5471715 | F40: =(K30-(K29+K31)/2)*12 -> 8.5265128e-14 | G40: =Sp2_C -> 0.56717146 | H40: =IF(ROUND(F40,6)<0,"Case 2",IF(ROUND(F40,6)>G40,"Case 4",IF(ROUND(F40,6)>0,"Case 3","Case 1"))) -> Case 1
B41: 2-2 | C41: =L32 -> 1.5471715 | D41: =L33 -> 0.98 | E41: =L34 -> 1.5471715 | F41: =(K33-(K32+K34)/2)*12 -> 8.5265128e-14 | G41: =Sp2_C -> 0.56717146 | H41: =IF(ROUND(F41,6)<0,"Case 2",IF(ROUND(F41,6)>G41,"Case 4",IF(ROUND(F41,6)>0,"Case 3","Case 1"))) -> Case 1
A43: E. Mathcad deflections by span (in, + up)
B44: Span | C44: Release (max) | D44: 120 day (max) | E44: Non-comp. DL (min) | F44: Composite DL (min) | G44: Sum = NetCamber | H44: Mathcad NetCamber | I44: CONFIG camber | J44: Check
B45: 1 | C45: =MC1_Drel -> 1.3711622 | D45: =MC1_D120 -> 3.3554493 | E45: =MC1_Dnc -> -2.471606 | F45: =MC1_Dc -> -0.75925047 | G45: =D45+E45+F45 -> 0.12459274 | H45: =MC1_Net -> 0.12459274 | I45: =Sp1_C -> 0.12459274 | J45: =IF(AND(ABS(G45-H45)<0.000000001,ABS(H45-I45)<0.000000001),"PASS","FAIL") -> PASS
B46: 2 | C46: =MC2_Drel -> 1.4647226 | D46: =MC2_D120 -> 3.5081218 | E46: =MC2_Dnc -> -2.2498277 | F46: =MC2_Dc -> -0.69112259 | G46: =D46+E46+F46 -> 0.56717146 | H46: =MC2_Net -> 0.56717146 | I46: =Sp2_C -> 0.56717146 | J46: =IF(AND(ABS(G46-H46)<0.000000001,ABS(H46-I46)<0.000000001),"PASS","FAIL") -> PASS

Sheet Camber & Haunch Method
B1: Camber & Haunch - Method
B2: Common support drop D, build-up dimensions and the minimum haunch
B5: 1. Beam soffit with camber
B6: Within a span, t runs from 0 at bearing A to 1 at bearing B. The soffit follows the PGL chord between bearings, dropped by one common distance D for every support, plus the Mathcad camber as an upward parabola and any entered beam raise r:
B14: 2. Haunch and the exact minimum
B18: Because the PGL is straight (brokeback) or a single parabola over each beam, z_PGL - q is itself -k_q L_b^2 t(1-t). The haunch over a beam is therefore an exact quadratic in t, and its minimum on the beam (t from t_lo to t_hi) has a closed form:
B25: t = 1/2 always lies on the beam, so m/4 covers upward camber; the end terms cover a net sag. The notebook finds the same minimum by locating every quadratic extremum between breakpoints. One common drop then enforces the required minimum haunch everywhere:
B29: Current: D = 3.7147642886 ft. The minimum flange haunch 0.500000 in (required 0.5 in) occurs on beam 1 at 17+52.96.
B48: Figure 1. Span 2 (larger camber, governs D). Vertical scale exaggerated about the bearing chord.
B67: Figure 2. Span 1 has less camber, so with the common drop its midspan haunch is larger.
B69: 3. Build-up dimensions and case
B70: Dims B, C and D are the haunch over the beam centerline at the begin bearing, midspan and end bearing. The build-up case follows the BCC template rule using the vertical-curve mid-ordinate of the FGE over the beam centerline:
B74: A straight PGL in each span gives R_m = 0, so every beam is Case 1.
B75: Symbol | C75: Meaning | H75: Workbook name / location | K75: Units / value
B76: C | C76: Net camber (Mathcad NetCamber) | H76: Sp1_C, Sp2_C | K76: in
B77: D | C77: Common support drop | H77: Sup_Drop | K77: ft
B78: td, db, hreq | C78: Deck thickness, beam depth, minimum haunch | H78: Deck_T, Bm_D, Bm_Hmin | K78: ft, ft, in
B79: m, W | C79: Haunch curvature term and its maximum on the beam | H79: Sp1_m, Sp1_W ... | K79: ft
B80: B, C, D dims | C80: Build-up over CL beam at begin, mid, end | H80: Camber & Haunch section D | K80: in

Sheet FGE
A1: Finished Grade Elevations | N1: Project | O1: =""&TB_Project -> D2 I-95 Pedestrian Bridge
A2: FGE = PGL(s) + delta(y) at every line and station (top of deck) | N2: Job No. | O2: =""&TB_JobNo
N3: Calc. by / date | O3: =TB_CalcBy&" "&TB_CalcDate
N4: Check. by / date | O4: =TB_CheckBy&" "&TB_CheckDate
A6: Span 1
B7: Location | C7: Offset y (ft) | D7: delta(y) (ft) | E7: FFBW EB 1 | F7: CL Brg | G7: 1 | H7: 2 | I7: 3 | J7: 4 | K7: 5 | L7: 6 | M7: 7 | N7: 8 | O7: 9 | P7: CL Brg | Q7: CL Pier
B8: Station (ft) | E8: =Sp1_Sta0 -> 1593.22 | F8: =Sp1_BrgA -> 1594.22 | G8: =Sp1_BrgA+1*Sp1_Lb/Des_FGEInc -> 1604.7675 | H8: =Sp1_BrgA+2*Sp1_Lb/Des_FGEInc -> 1615.315 | I8: =Sp1_BrgA+3*Sp1_Lb/Des_FGEInc -> 1625.8625 | J8: =Sp1_BrgA+4*Sp1_Lb/Des_FGEInc -> 1636.41 | K8: =Sp1_BrgA+5*Sp1_Lb/Des_FGEInc -> 1646.9575 | L8: =Sp1_BrgA+6*Sp1_Lb/Des_FGEInc -> 1657.505 | M8: =Sp1_BrgA+7*Sp1_Lb/Des_FGEInc -> 1668.0525 | N8: =Sp1_BrgA+8*Sp1_Lb/Des_FGEInc -> 1678.6 | O8: =Sp1_BrgA+9*Sp1_Lb/Des_FGEInc -> 1689.1475 | P8: =Sp1_BrgB -> 1699.695 | Q8: =Sp1_Sta1 -> 1700.57
B9: Station label | E9: =TEXT(INT(ROUND(E8*100,0)/10000),"0")&"+"&TEXT(MOD(ROUND(E8*100,0),10000)/100,"00.00") -> 15+93.22 | F9: =TEXT(INT(ROUND(F8*100,0)/10000),"0")&"+"&TEXT(MOD(ROUND(F8*100,0),10000)/100,"00.00") -> 15+94.22 | G9: =TEXT(INT(ROUND(G8*100,0)/10000),"0")&"+"&TEXT(MOD(ROUND(G8*100,0),10000)/100,"00.00") -> 16+04.77 | H9: =TEXT(INT(ROUND(H8*100,0)/10000),"0")&"+"&TEXT(MOD(ROUND(H8*100,0),10000)/100,"00.00") -> 16+15.32 | I9: =TEXT(INT(ROUND(I8*100,0)/10000),"0")&"+"&TEXT(MOD(ROUND(I8*100,0),10000)/100,"00.00") -> 16+25.86 | J9: =TEXT(INT(ROUND(J8*100,0)/10000),"0")&"+"&TEXT(MOD(ROUND(J8*100,0),10000)/100,"00.00") -> 16+36.41 | K9: =TEXT(INT(ROUND(K8*100,0)/10000),"0")&"+"&TEXT(MOD(ROUND(K8*100,0),10000)/100,"00.00") -> 16+46.96 | L9: =TEXT(INT(ROUND(L8*100,0)/10000),"0")&"+"&TEXT(MOD(ROUND(L8*100,0),10000)/100,"00.00") -> 16+57.51 | ... Q9: =TEXT(INT(ROUND(Q8*100,0)/10000),"0")&"+"&TEXT(MOD(ROUND(Q8*100,0),10000)/100,"00.00") -> 17+00.57
B10: Deck present? | E10: =IF(AND(E8>=Sp1_Dk0-0.000000001,E8<=Sp1_Dk1+0.000000001),"deck","PGL ext.") -> PGL ext. | F10: =IF(AND(F8>=Sp1_Dk0-0.000000001,F8<=Sp1_Dk1+0.000000001),"deck","PGL ext.") -> deck | G10: =IF(AND(G8>=Sp1_Dk0-0.000000001,G8<=Sp1_Dk1+0.000000001),"deck","PGL ext.") -> deck | H10: =IF(AND(H8>=Sp1_Dk0-0.000000001,H8<=Sp1_Dk1+0.000000001),"deck","PGL ext.") -> deck | I10: =IF(AND(I8>=Sp1_Dk0-0.000000001,I8<=Sp1_Dk1+0.000000001),"deck","PGL ext.") -> deck | J10: =IF(AND(J8>=Sp1_Dk0-0.000000001,J8<=Sp1_Dk1+0.000000001),"deck","PGL ext.") -> deck | K10: =IF(AND(K8>=Sp1_Dk0-0.000000001,K8<=Sp1_Dk1+0.000000001),"deck","PGL ext.") -> deck | L10: =IF(AND(L8>=Sp1_Dk0-0.000000001,L8<=Sp1_Dk1+0.000000001),"deck","PGL ext.") -> deck | ... Q10: =IF(AND(Q8>=Sp1_Dk0-0.000000001,Q8<=Sp1_Dk1+0.000000001),"deck","PGL ext.") -> deck
B11: PGL elevation (ft) | E11: =IF(Prof_Mode="parabolic",Prof_Z0+Prof_G1*((E8)-Prof_Sta0)+Prof_Kq*((E8)-Prof_Sta0)^2,IF((E8)<=Prof_PISta,Prof_Z0+Prof_G1*((E8)-Prof_Sta0),Prof_PIZ+Prof_G2*((E8)-Prof_PISta))) -> 47.661 | F11: =IF(Prof_Mode="parabolic",Prof_Z0+Prof_G1*((F8)-Prof_Sta0)+Prof_Kq*((F8)-Prof_Sta0)^2,IF((F8)<=Prof_PISta,Prof_Z0+Prof_G1*((F8)-Prof_Sta0),Prof_PIZ+Prof_G2*((F8)-Prof_PISta))) -> 47.665999 | G11: =IF(Prof_Mode="parabolic",Prof_Z0+Prof_G1*((G8)-Prof_Sta0)+Prof_Kq*((G8)-Prof_Sta0)^2,IF((G8)<=Prof_PISta,Prof_Z0+Prof_G1*((G8)-Prof_Sta0),Prof_PIZ+Prof_G2*((G8)-Prof_PISta))) -> 47.718724 | H11: =IF(Prof_Mode="parabolic",Prof_Z0+Prof_G1*((H8)-Prof_Sta0)+Prof_Kq*((H8)-Prof_Sta0)^2,IF((H8)<=Prof_PISta,Prof_Z0+Prof_G1*((H8)-Prof_Sta0),Prof_PIZ+Prof_G2*((H8)-Prof_PISta))) -> 47.771449 | I11: =IF(Prof_Mode="parabolic",Prof_Z0+Prof_G1*((I8)-Prof_Sta0)+Prof_Kq*((I8)-Prof_Sta0)^2,IF((I8)<=Prof_PISta,Prof_Z0+Prof_G1*((I8)-Prof_Sta0),Prof_PIZ+Prof_G2*((I8)-Prof_PISta))) -> 47.824174 | J11: =IF(Prof_Mode="parabolic",Prof_Z0+Prof_G1*((J8)-Prof_Sta0)+Prof_Kq*((J8)-Prof_Sta0)^2,IF((J8)<=Prof_PISta,Prof_Z0+Prof_G1*((J8)-Prof_Sta0),Prof_PIZ+Prof_G2*((J8)-Prof_PISta))) -> 47.8769 | K11: =IF(Prof_Mode="parabolic",Prof_Z0+Prof_G1*((K8)-Prof_Sta0)+Prof_Kq*((K8)-Prof_Sta0)^2,IF((K8)<=Prof_PISta,Prof_Z0+Prof_G1*((K8)-Prof_Sta0),Prof_PIZ+Prof_G2*((K8)-Prof_PISta))) -> 47.929625 | L11: =IF(Prof_Mode="parabolic",Prof_Z0+Prof_G1*((L8)-Prof_Sta0)+Prof_Kq*((L8)-Prof_Sta0)^2,IF((L8)<=Prof_PISta,Prof_Z0+Prof_G1*((L8)-Prof_Sta0),Prof_PIZ+Prof_G2*((L8)-Prof_PISta))) -> 47.98235 | ... Q11: =IF(Prof_Mode="parabolic",Prof_Z0+Prof_G1*((Q8)-Prof_Sta0)+Prof_Kq*((Q8)-Prof_Sta0)^2,IF((Q8)<=Prof_PISta,Prof_Z0+Prof_G1*((Q8)-Prof_Sta0),Prof_PIZ+Prof_G2*((Q8)-Prof_PISta))) -> 48.197625
B12: Left coping (deck edge) | C12: =Deck_YL -> -6.7916667 | D12: =IF(Deck_Mode="uniform",Deck_Uni*(C12),Deck_Crown*ABS(C12)) -> -0.13583333 | E12: =E$11+$D12 -> 47.525167 | F12: =F$11+$D12 -> 47.530166 | G12: =G$11+$D12 -> 47.582891 | H12: =H$11+$D12 -> 47.635616 | I12: =I$11+$D12 -> 47.688341 | J12: =J$11+$D12 -> 47.741066 | K12: =K$11+$D12 -> 47.793792 | L12: =L$11+$D12 -> 47.846517 | ... Q12: =Q$11+$D12 -> 48.061792
B13: CL Beam 1-1 | C13: =Bm1_Off -> -4.2916667 | D13: =IF(Deck_Mode="uniform",Deck_Uni*(C13),Deck_Crown*ABS(C13)) -> -0.085833333 | E13: =E$11+$D13 -> 47.575167 | F13: =F$11+$D13 -> 47.580166 | G13: =G$11+$D13 -> 47.632891 | H13: =H$11+$D13 -> 47.685616 | I13: =I$11+$D13 -> 47.738341 | J13: =J$11+$D13 -> 47.791066 | K13: =K$11+$D13 -> 47.843792 | L13: =L$11+$D13 -> 47.896517 | ... Q13: =Q$11+$D13 -> 48.111792
B14: PGL | C14: 0 | D14: =IF(Deck_Mode="uniform",Deck_Uni*(C14),Deck_Crown*ABS(C14)) -> 0 | E14: =E$11+$D14 -> 47.661 | F14: =F$11+$D14 -> 47.665999 | G14: =G$11+$D14 -> 47.718724 | H14: =H$11+$D14 -> 47.771449 | I14: =I$11+$D14 -> 47.824174 | J14: =J$11+$D14 -> 47.8769 | K14: =K$11+$D14 -> 47.929625 | L14: =L$11+$D14 -> 47.98235 | ... Q14: =Q$11+$D14 -> 48.197625
B15: CL Beam 1-2 | C15: =Bm2_Off -> 4.2916667 | D15: =IF(Deck_Mode="uniform",Deck_Uni*(C15),Deck_Crown*ABS(C15)) -> -0.085833333 | E15: =E$11+$D15 -> 47.575167 | F15: =F$11+$D15 -> 47.580166 | G15: =G$11+$D15 -> 47.632891 | H15: =H$11+$D15 -> 47.685616 | I15: =I$11+$D15 -> 47.738341 | J15: =J$11+$D15 -> 47.791066 | K15: =K$11+$D15 -> 47.843792 | L15: =L$11+$D15 -> 47.896517 | ... Q15: =Q$11+$D15 -> 48.111792
B16: Right coping (deck edge) | C16: =Deck_YR -> 6.7916667 | D16: =IF(Deck_Mode="uniform",Deck_Uni*(C16),Deck_Crown*ABS(C16)) -> -0.13583333 | E16: =E$11+$D16 -> 47.525167 | F16: =F$11+$D16 -> 47.530166 | G16: =G$11+$D16 -> 47.582891 | H16: =H$11+$D16 -> 47.635616 | I16: =I$11+$D16 -> 47.688341 | J16: =J$11+$D16 -> 47.741066 | K16: =K$11+$D16 -> 47.793792 | L16: =L$11+$D16 -> 47.846517 | ... Q16: =Q$11+$D16 -> 48.061792
B17: Increment (ft) | C17: =Sp1_Lb/Des_FGEInc -> 10.5475
A19: Span 2
B20: Location | C20: Offset y (ft) | D20: delta(y) (ft) | E20: CL Pier | F20: CL Brg | G20: 1 | H20: 2 | I20: 3 | J20: 4 | K20: 5 | L20: 6 | M20: 7 | N20: 8 | O20: 9 | P20: CL Brg | Q20: FFBW EB 2
B21: Station (ft) | E21: =Sp2_Sta0 -> 1700.57 | F21: =Sp2_BrgA -> 1701.445 | G21: =Sp2_BrgA+1*Sp2_Lb/Des_FGEInc -> 1711.7475 | H21: =Sp2_BrgA+2*Sp2_Lb/Des_FGEInc -> 1722.05 | I21: =Sp2_BrgA+3*Sp2_Lb/Des_FGEInc -> 1732.3525 | J21: =Sp2_BrgA+4*Sp2_Lb/Des_FGEInc -> 1742.655 | K21: =Sp2_BrgA+5*Sp2_Lb/Des_FGEInc -> 1752.9575 | L21: =Sp2_BrgA+6*Sp2_Lb/Des_FGEInc -> 1763.26 | M21: =Sp2_BrgA+7*Sp2_Lb/Des_FGEInc -> 1773.5625 | N21: =Sp2_BrgA+8*Sp2_Lb/Des_FGEInc -> 1783.865 | O21: =Sp2_BrgA+9*Sp2_Lb/Des_FGEInc -> 1794.1675 | P21: =Sp2_BrgB -> 1804.47 | Q21: =Sp2_Sta1 -> 1805.47
B22: Station label | E22: =TEXT(INT(ROUND(E21*100,0)/10000),"0")&"+"&TEXT(MOD(ROUND(E21*100,0),10000)/100,"00.00") -> 17+00.57 | F22: =TEXT(INT(ROUND(F21*100,0)/10000),"0")&"+"&TEXT(MOD(ROUND(F21*100,0),10000)/100,"00.00") -> 17+01.45 | G22: =TEXT(INT(ROUND(G21*100,0)/10000),"0")&"+"&TEXT(MOD(ROUND(G21*100,0),10000)/100,"00.00") -> 17+11.75 | H22: =TEXT(INT(ROUND(H21*100,0)/10000),"0")&"+"&TEXT(MOD(ROUND(H21*100,0),10000)/100,"00.00") -> 17+22.05 | I22: =TEXT(INT(ROUND(I21*100,0)/10000),"0")&"+"&TEXT(MOD(ROUND(I21*100,0),10000)/100,"00.00") -> 17+32.35 | J22: =TEXT(INT(ROUND(J21*100,0)/10000),"0")&"+"&TEXT(MOD(ROUND(J21*100,0),10000)/100,"00.00") -> 17+42.66 | K22: =TEXT(INT(ROUND(K21*100,0)/10000),"0")&"+"&TEXT(MOD(ROUND(K21*100,0),10000)/100,"00.00") -> 17+52.96 | L22: =TEXT(INT(ROUND(L21*100,0)/10000),"0")&"+"&TEXT(MOD(ROUND(L21*100,0),10000)/100,"00.00") -> 17+63.26 | ... Q22: =TEXT(INT(ROUND(Q21*100,0)/10000),"0")&"+"&TEXT(MOD(ROUND(Q21*100,0),10000)/100,"00.00") -> 18+05.47
B23: Deck present? | E23: =IF(AND(E21>=Sp2_Dk0-0.000000001,E21<=Sp2_Dk1+0.000000001),"deck","PGL ext.") -> deck | F23: =IF(AND(F21>=Sp2_Dk0-0.000000001,F21<=Sp2_Dk1+0.000000001),"deck","PGL ext.") -> deck | G23: =IF(AND(G21>=Sp2_Dk0-0.000000001,G21<=Sp2_Dk1+0.000000001),"deck","PGL ext.") -> deck | H23: =IF(AND(H21>=Sp2_Dk0-0.000000001,H21<=Sp2_Dk1+0.000000001),"deck","PGL ext.") -> deck | I23: =IF(AND(I21>=Sp2_Dk0-0.000000001,I21<=Sp2_Dk1+0.000000001),"deck","PGL ext.") -> deck | J23: =IF(AND(J21>=Sp2_Dk0-0.000000001,J21<=Sp2_Dk1+0.000000001),"deck","PGL ext.") -> deck | K23: =IF(AND(K21>=Sp2_Dk0-0.000000001,K21<=Sp2_Dk1+0.000000001),"deck","PGL ext.") -> deck | L23: =IF(AND(L21>=Sp2_Dk0-0.000000001,L21<=Sp2_Dk1+0.000000001),"deck","PGL ext.") -> deck | ... Q23: =IF(AND(Q21>=Sp2_Dk0-0.000000001,Q21<=Sp2_Dk1+0.000000001),"deck","PGL ext.") -> PGL ext.
B24: PGL elevation (ft) | E24: =IF(Prof_Mode="parabolic",Prof_Z0+Prof_G1*((E21)-Prof_Sta0)+Prof_Kq*((E21)-Prof_Sta0)^2,IF((E21)<=Prof_PISta,Prof_Z0+Prof_G1*((E21)-Prof_Sta0),Prof_PIZ+Prof_G2*((E21)-Prof_PISta))) -> 48.197625 | F24: =IF(Prof_Mode="parabolic",Prof_Z0+Prof_G1*((F21)-Prof_Sta0)+Prof_Kq*((F21)-Prof_Sta0)^2,IF((F21)<=Prof_PISta,Prof_Z0+Prof_G1*((F21)-Prof_Sta0),Prof_PIZ+Prof_G2*((F21)-Prof_PISta))) -> 48.193249 | G24: =IF(Prof_Mode="parabolic",Prof_Z0+Prof_G1*((G21)-Prof_Sta0)+Prof_Kq*((G21)-Prof_Sta0)^2,IF((G21)<=Prof_PISta,Prof_Z0+Prof_G1*((G21)-Prof_Sta0),Prof_PIZ+Prof_G2*((G21)-Prof_PISta))) -> 48.141724 | H24: =IF(Prof_Mode="parabolic",Prof_Z0+Prof_G1*((H21)-Prof_Sta0)+Prof_Kq*((H21)-Prof_Sta0)^2,IF((H21)<=Prof_PISta,Prof_Z0+Prof_G1*((H21)-Prof_Sta0),Prof_PIZ+Prof_G2*((H21)-Prof_PISta))) -> 48.090199 | I24: =IF(Prof_Mode="parabolic",Prof_Z0+Prof_G1*((I21)-Prof_Sta0)+Prof_Kq*((I21)-Prof_Sta0)^2,IF((I21)<=Prof_PISta,Prof_Z0+Prof_G1*((I21)-Prof_Sta0),Prof_PIZ+Prof_G2*((I21)-Prof_PISta))) -> 48.038675 | J24: =IF(Prof_Mode="parabolic",Prof_Z0+Prof_G1*((J21)-Prof_Sta0)+Prof_Kq*((J21)-Prof_Sta0)^2,IF((J21)<=Prof_PISta,Prof_Z0+Prof_G1*((J21)-Prof_Sta0),Prof_PIZ+Prof_G2*((J21)-Prof_PISta))) -> 47.98715 | K24: =IF(Prof_Mode="parabolic",Prof_Z0+Prof_G1*((K21)-Prof_Sta0)+Prof_Kq*((K21)-Prof_Sta0)^2,IF((K21)<=Prof_PISta,Prof_Z0+Prof_G1*((K21)-Prof_Sta0),Prof_PIZ+Prof_G2*((K21)-Prof_PISta))) -> 47.935625 | L24: =IF(Prof_Mode="parabolic",Prof_Z0+Prof_G1*((L21)-Prof_Sta0)+Prof_Kq*((L21)-Prof_Sta0)^2,IF((L21)<=Prof_PISta,Prof_Z0+Prof_G1*((L21)-Prof_Sta0),Prof_PIZ+Prof_G2*((L21)-Prof_PISta))) -> 47.8841 | ... Q24: =IF(Prof_Mode="parabolic",Prof_Z0+Prof_G1*((Q21)-Prof_Sta0)+Prof_Kq*((Q21)-Prof_Sta0)^2,IF((Q21)<=Prof_PISta,Prof_Z0+Prof_G1*((Q21)-Prof_Sta0),Prof_PIZ+Prof_G2*((Q21)-Prof_PISta))) -> 47.673
B25: Left coping (deck edge) | C25: =Deck_YL -> -6.7916667 | D25: =IF(Deck_Mode="uniform",Deck_Uni*(C25),Deck_Crown*ABS(C25)) -> -0.13583333 | E25: =E$24+$D25 -> 48.061792 | F25: =F$24+$D25 -> 48.057416 | G25: =G$24+$D25 -> 48.005891 | H25: =H$24+$D25 -> 47.954366 | I25: =I$24+$D25 -> 47.902841 | J25: =J$24+$D25 -> 47.851317 | K25: =K$24+$D25 -> 47.799792 | L25: =L$24+$D25 -> 47.748267 | ... Q25: =Q$24+$D25 -> 47.537167
B26: CL Beam 2-1 | C26: =Bm1_Off -> -4.2916667 | D26: =IF(Deck_Mode="uniform",Deck_Uni*(C26),Deck_Crown*ABS(C26)) -> -0.085833333 | E26: =E$24+$D26 -> 48.111792 | F26: =F$24+$D26 -> 48.107416 | G26: =G$24+$D26 -> 48.055891 | H26: =H$24+$D26 -> 48.004366 | I26: =I$24+$D26 -> 47.952841 | J26: =J$24+$D26 -> 47.901317 | K26: =K$24+$D26 -> 47.849792 | L26: =L$24+$D26 -> 47.798267 | ... Q26: =Q$24+$D26 -> 47.587167
B27: PGL | C27: 0 | D27: =IF(Deck_Mode="uniform",Deck_Uni*(C27),Deck_Crown*ABS(C27)) -> 0 | E27: =E$24+$D27 -> 48.197625 | F27: =F$24+$D27 -> 48.193249 | G27: =G$24+$D27 -> 48.141724 | H27: =H$24+$D27 -> 48.090199 | I27: =I$24+$D27 -> 48.038675 | J27: =J$24+$D27 -> 47.98715 | K27: =K$24+$D27 -> 47.935625 | L27: =L$24+$D27 -> 47.8841 | ... Q27: =Q$24+$D27 -> 47.673
B28: CL Beam 2-2 | C28: =Bm2_Off -> 4.2916667 | D28: =IF(Deck_Mode="uniform",Deck_Uni*(C28),Deck_Crown*ABS(C28)) -> -0.085833333 | E28: =E$24+$D28 -> 48.111792 | F28: =F$24+$D28 -> 48.107416 | G28: =G$24+$D28 -> 48.055891 | H28: =H$24+$D28 -> 48.004366 | I28: =I$24+$D28 -> 47.952841 | J28: =J$24+$D28 -> 47.901317 | K28: =K$24+$D28 -> 47.849792 | L28: =L$24+$D28 -> 47.798267 | ... Q28: =Q$24+$D28 -> 47.587167
B29: Right coping (deck edge) | C29: =Deck_YR -> 6.7916667 | D29: =IF(Deck_Mode="uniform",Deck_Uni*(C29),Deck_Crown*ABS(C29)) -> -0.13583333 | E29: =E$24+$D29 -> 48.061792 | F29: =F$24+$D29 -> 48.057416 | G29: =G$24+$D29 -> 48.005891 | H29: =H$24+$D29 -> 47.954366 | I29: =I$24+$D29 -> 47.902841 | J29: =J$24+$D29 -> 47.851317 | K29: =K$24+$D29 -> 47.799792 | L29: =L$24+$D29 -> 47.748267 | ... Q29: =Q$24+$D29 -> 47.537167
B30: Increment (ft) | C30: =Sp2_Lb/Des_FGEInc -> 10.3025

Sheet FGE Method
B1: FGE - Method
B2: Finished grade elevations at every line and station
B5: 1. Stations
B6: Each span lists its datum, the two CL bearings and equal increments between bearings (tenth points with the default 10 increments):
B11: 2. Elevations
B15: Lines are the two deck edges (copings) at y = yc +/- W/2, each beam centerline and the PGL. The FFBW columns are the PGL extended: the deck itself ends 3 in inside each FFBW (row "Deck present?"). Station labels use the notebook format (hundredths, e.g. 16+46.96).
B30: Figure 1. FGE grid for Span 1 in plan.
B31: A barrier-face (gutter) line is not tabulated: the notebook does not define the barrier. Add the barrier to the notebook CONFIG first if that line is wanted.
B32: Symbol | C32: Meaning | H32: Workbook name / location | K32: Units / value
B33: N | C33: Increments between bearings | H33: Des_FGEInc | K33: 10
B34: W, yc | C34: Deck width and center offset | H34: Deck_W, Deck_C | K34: ft
B35: δ(y) | C35: Cross-slope drop at the line offset | H35: FGE column D | K35: ft

Sheet Bearing Seats
A1: Bearing Seats | P1: Project | Q1: =""&TB_Project -> D2 I-95 Pedestrian Bridge
A2: Pad-top planes, bearing slopes, pedestal tops and pedestal corner elevations | P2: Job No. | Q2: =""&TB_JobNo
P3: Calc. by / date | Q3: =TB_CalcBy&" "&TB_CalcDate
P4: Check. by / date | Q4: =TB_CheckBy&" "&TB_CheckDate
A6: A. Seat plane at each bearing (soffit chord over the pad length)
B7: Support | C7: Span | D7: Face | E7: Beam | F7: Beam ID | G7: Offset (ft) | H7: CL brg s (ft) | I7: Pad L (in) | J7: Pad T (in) | K7: s lo (ft) | L7: s hi (ft) | M7: t lo | N7: t hi | O7: t brg | P7: Soffit @ s lo | Q7: Soffit @ s hi | R7: Soffit @ CL brg | S7: Pad-top plane (ft) | T7: Bearing slope | U7: Chord gap (in) | V7: Pedestal top @ CL brg (ft) | W7: Pad on beam
B8: End Bent 1 | C8: 1 | D8: Start | E8: 1 | F8: 1-1 | G8: =Bm1_Off -> -4.2916667 | H8: =Sp1_BrgA -> 1594.22 | I8: =EB1_PadL -> 10 | J8: =EB1_Pad -> 2.5625 | K8: =H8-I8/24 -> 1593.8033 | L8: =H8+I8/24 -> 1594.6367 | M8: =(K8-Sp1_BrgA)/Sp1_Lb -> -0.0039503832 | N8: =(L8-Sp1_BrgA)/Sp1_Lb -> 0.0039503832 | O8: =(H8-Sp1_BrgA)/Sp1_Lb -> 0 | P8: =(Sp1_ZA+(Sp1_ZB-Sp1_ZA)*(M8)-Sup_Drop+Sp1_C/3*(M8)*(1-(M8))+(Bm1_Raise)/12) -> 43.948987 | Q8: =(Sp1_ZA+(Sp1_ZB-Sp1_ZA)*(N8)-Sup_Drop+Sp1_C/3*(N8)*(1-(N8))+(Bm1_Raise)/12) -> 43.953481 | R8: =(Sp1_ZA+(Sp1_ZB-Sp1_ZA)*(O8)-Sup_Drop+Sp1_C/3*(O8)*(1-(O8))+(Bm1_Raise)/12) -> 43.951235 | S8: =(P8+Q8)/2 -> 43.951234 | T8: =(Q8-P8)/(I8/12) -> 0.0053925868 | U8: =(R8-S8)*12 -> 7.7773419e-06 | V8: =S8-J8/12 -> 43.737692 | W8: =IF(AND(K8>=Sp1_Bm0-0.000000001,L8<=Sp1_Bm1+0.000000001),"PASS","FAIL") -> PASS
B9: End Bent 1 | C9: 1 | D9: Start | E9: 2 | F9: 1-2 | G9: =Bm2_Off -> 4.2916667 | H9: =Sp1_BrgA -> 1594.22 | I9: =EB1_PadL -> 10 | J9: =EB1_Pad -> 2.5625 | K9: =H9-I9/24 -> 1593.8033 | L9: =H9+I9/24 -> 1594.6367 | M9: =(K9-Sp1_BrgA)/Sp1_Lb -> -0.0039503832 | N9: =(L9-Sp1_BrgA)/Sp1_Lb -> 0.0039503832 | O9: =(H9-Sp1_BrgA)/Sp1_Lb -> 0 | P9: =(Sp1_ZA+(Sp1_ZB-Sp1_ZA)*(M9)-Sup_Drop+Sp1_C/3*(M9)*(1-(M9))+(Bm2_Raise)/12) -> 43.948987 | Q9: =(Sp1_ZA+(Sp1_ZB-Sp1_ZA)*(N9)-Sup_Drop+Sp1_C/3*(N9)*(1-(N9))+(Bm2_Raise)/12) -> 43.953481 | R9: =(Sp1_ZA+(Sp1_ZB-Sp1_ZA)*(O9)-Sup_Drop+Sp1_C/3*(O9)*(1-(O9))+(Bm2_Raise)/12) -> 43.951235 | S9: =(P9+Q9)/2 -> 43.951234 | T9: =(Q9-P9)/(I9/12) -> 0.0053925868 | U9: =(R9-S9)*12 -> 7.7773419e-06 | V9: =S9-J9/12 -> 43.737692 | W9: =IF(AND(K9>=Sp1_Bm0-0.000000001,L9<=Sp1_Bm1+0.000000001),"PASS","FAIL") -> PASS
B10: Pier | C10: 1 | D10: End | E10: 1 | F10: 1-1 | G10: =Bm1_Off -> -4.2916667 | H10: =Sp1_BrgB -> 1699.695 | I10: =Pier_PadL -> 10 | J10: =Pier_Pad -> 2.5625 | K10: =H10-I10/24 -> 1699.2783 | L10: =H10+I10/24 -> 1700.1117 | M10: =(K10-Sp1_BrgA)/Sp1_Lb -> 0.99604962 | N10: =(L10-Sp1_BrgA)/Sp1_Lb -> 1.0039504 | O10: =(H10-Sp1_BrgA)/Sp1_Lb -> 1 | P10: =(Sp1_ZA+(Sp1_ZB-Sp1_ZA)*(M10)-Sup_Drop+Sp1_C/3*(M10)*(1-(M10))+(Bm1_Raise)/12) -> 44.476567 | Q10: =(Sp1_ZA+(Sp1_ZB-Sp1_ZA)*(N10)-Sup_Drop+Sp1_C/3*(N10)*(1-(N10))+(Bm1_Raise)/12) -> 44.480405 | R10: =(Sp1_ZA+(Sp1_ZB-Sp1_ZA)*(O10)-Sup_Drop+Sp1_C/3*(O10)*(1-(O10))+(Bm1_Raise)/12) -> 44.478487 | S10: =(P10+Q10)/2 -> 44.478486 | T10: =(Q10-P10)/(I10/12) -> 0.0046050843 | U10: =(R10-S10)*12 -> 7.7773419e-06 | V10: =S10-J10/12 -> 44.264944 | W10: =IF(AND(K10>=Sp1_Bm0-0.000000001,L10<=Sp1_Bm1+0.000000001),"PASS","FAIL") -> PASS
B11: Pier | C11: 1 | D11: End | E11: 2 | F11: 1-2 | G11: =Bm2_Off -> 4.2916667 | H11: =Sp1_BrgB -> 1699.695 | I11: =Pier_PadL -> 10 | J11: =Pier_Pad -> 2.5625 | K11: =H11-I11/24 -> 1699.2783 | L11: =H11+I11/24 -> 1700.1117 | M11: =(K11-Sp1_BrgA)/Sp1_Lb -> 0.99604962 | N11: =(L11-Sp1_BrgA)/Sp1_Lb -> 1.0039504 | O11: =(H11-Sp1_BrgA)/Sp1_Lb -> 1 | P11: =(Sp1_ZA+(Sp1_ZB-Sp1_ZA)*(M11)-Sup_Drop+Sp1_C/3*(M11)*(1-(M11))+(Bm2_Raise)/12) -> 44.476567 | Q11: =(Sp1_ZA+(Sp1_ZB-Sp1_ZA)*(N11)-Sup_Drop+Sp1_C/3*(N11)*(1-(N11))+(Bm2_Raise)/12) -> 44.480405 | R11: =(Sp1_ZA+(Sp1_ZB-Sp1_ZA)*(O11)-Sup_Drop+Sp1_C/3*(O11)*(1-(O11))+(Bm2_Raise)/12) -> 44.478487 | S11: =(P11+Q11)/2 -> 44.478486 | T11: =(Q11-P11)/(I11/12) -> 0.0046050843 | U11: =(R11-S11)*12 -> 7.7773419e-06 | V11: =S11-J11/12 -> 44.264944 | W11: =IF(AND(K11>=Sp1_Bm0-0.000000001,L11<=Sp1_Bm1+0.000000001),"PASS","FAIL") -> PASS
B12: Pier | C12: 2 | D12: Start | E12: 1 | F12: 2-1 | G12: =Bm1_Off -> -4.2916667 | H12: =Sp2_BrgA -> 1701.445 | I12: =Pier_PadL -> 10 | J12: =Pier_Pad -> 2.5625 | K12: =H12-I12/24 -> 1701.0283 | L12: =H12+I12/24 -> 1701.8617 | M12: =(K12-Sp2_BrgA)/Sp2_Lb -> -0.0040443258 | N12: =(L12-Sp2_BrgA)/Sp2_Lb -> 0.0040443258 | O12: =(H12-Sp2_BrgA)/Sp2_Lb -> 0 | P12: =(Sp2_ZA+(Sp2_ZB-Sp2_ZA)*(M12)-Sup_Drop+Sp2_C/3*(M12)*(1-(M12))+(Bm1_Raise)/12) -> 44.479801 | Q12: =(Sp2_ZA+(Sp2_ZB-Sp2_ZA)*(N12)-Sup_Drop+Sp2_C/3*(N12)*(1-(N12))+(Bm1_Raise)/12) -> 44.477162 | R12: =(Sp2_ZA+(Sp2_ZB-Sp2_ZA)*(O12)-Sup_Drop+Sp2_C/3*(O12)*(1-(O12))+(Bm1_Raise)/12) -> 44.478485 | S12: =(P12+Q12)/2 -> 44.478482 | T12: =(Q12-P12)/(I12/12) -> -0.0031661307 | U12: =(R12-S12)*12 -> 3.7107922e-05 | V12: =S12-J12/12 -> 44.26494 | W12: =IF(AND(K12>=Sp2_Bm0-0.000000001,L12<=Sp2_Bm1+0.000000001),"PASS","FAIL") -> PASS
B13: Pier | C13: 2 | D13: Start | E13: 2 | F13: 2-2 | G13: =Bm2_Off -> 4.2916667 | H13: =Sp2_BrgA -> 1701.445 | I13: =Pier_PadL -> 10 | J13: =Pier_Pad -> 2.5625 | K13: =H13-I13/24 -> 1701.0283 | L13: =H13+I13/24 -> 1701.8617 | M13: =(K13-Sp2_BrgA)/Sp2_Lb -> -0.0040443258 | N13: =(L13-Sp2_BrgA)/Sp2_Lb -> 0.0040443258 | O13: =(H13-Sp2_BrgA)/Sp2_Lb -> 0 | P13: =(Sp2_ZA+(Sp2_ZB-Sp2_ZA)*(M13)-Sup_Drop+Sp2_C/3*(M13)*(1-(M13))+(Bm2_Raise)/12) -> 44.479801 | Q13: =(Sp2_ZA+(Sp2_ZB-Sp2_ZA)*(N13)-Sup_Drop+Sp2_C/3*(N13)*(1-(N13))+(Bm2_Raise)/12) -> 44.477162 | R13: =(Sp2_ZA+(Sp2_ZB-Sp2_ZA)*(O13)-Sup_Drop+Sp2_C/3*(O13)*(1-(O13))+(Bm2_Raise)/12) -> 44.478485 | S13: =(P13+Q13)/2 -> 44.478482 | T13: =(Q13-P13)/(I13/12) -> -0.0031661307 | U13: =(R13-S13)*12 -> 3.7107922e-05 | V13: =S13-J13/12 -> 44.26494 | W13: =IF(AND(K13>=Sp2_Bm0-0.000000001,L13<=Sp2_Bm1+0.000000001),"PASS","FAIL") -> PASS
B14: End Bent 2 | C14: 2 | D14: End | E14: 1 | F14: 2-1 | G14: =Bm1_Off -> -4.2916667 | H14: =Sp2_BrgB -> 1804.47 | I14: =EB2_PadL -> 10 | J14: =EB2_Pad -> 2.5625 | K14: =H14-I14/24 -> 1804.0533 | L14: =H14+I14/24 -> 1804.8867 | M14: =(K14-Sp2_BrgA)/Sp2_Lb -> 0.99595567 | N14: =(L14-Sp2_BrgA)/Sp2_Lb -> 1.0040443 | O14: =(H14-Sp2_BrgA)/Sp2_Lb -> 1 | P14: =(Sp2_ZA+(Sp2_ZB-Sp2_ZA)*(M14)-Sup_Drop+Sp2_C/3*(M14)*(1-(M14))+(Bm1_Raise)/12) -> 43.966082 | Q14: =(Sp2_ZA+(Sp2_ZB-Sp2_ZA)*(N14)-Sup_Drop+Sp2_C/3*(N14)*(1-(N14))+(Bm1_Raise)/12) -> 43.960385 | R14: =(Sp2_ZA+(Sp2_ZB-Sp2_ZA)*(O14)-Sup_Drop+Sp2_C/3*(O14)*(1-(O14))+(Bm1_Raise)/12) -> 43.963237 | S14: =(P14+Q14)/2 -> 43.963234 | T14: =(Q14-P14)/(I14/12) -> -0.0068362526 | U14: =(R14-S14)*12 -> 3.7107922e-05 | V14: =S14-J14/12 -> 43.749692 | W14: =IF(AND(K14>=Sp2_Bm0-0.000000001,L14<=Sp2_Bm1+0.000000001),"PASS","FAIL") -> PASS
B15: End Bent 2 | C15: 2 | D15: End | E15: 2 | F15: 2-2 | G15: =Bm2_Off -> 4.2916667 | H15: =Sp2_BrgB -> 1804.47 | I15: =EB2_PadL -> 10 | J15: =EB2_Pad -> 2.5625 | K15: =H15-I15/24 -> 1804.0533 | L15: =H15+I15/24 -> 1804.8867 | M15: =(K15-Sp2_BrgA)/Sp2_Lb -> 0.99595567 | N15: =(L15-Sp2_BrgA)/Sp2_Lb -> 1.0040443 | O15: =(H15-Sp2_BrgA)/Sp2_Lb -> 1 | P15: =(Sp2_ZA+(Sp2_ZB-Sp2_ZA)*(M15)-Sup_Drop+Sp2_C/3*(M15)*(1-(M15))+(Bm2_Raise)/12) -> 43.966082 | Q15: =(Sp2_ZA+(Sp2_ZB-Sp2_ZA)*(N15)-Sup_Drop+Sp2_C/3*(N15)*(1-(N15))+(Bm2_Raise)/12) -> 43.960385 | R15: =(Sp2_ZA+(Sp2_ZB-Sp2_ZA)*(O15)-Sup_Drop+Sp2_C/3*(O15)*(1-(O15))+(Bm2_Raise)/12) -> 43.963237 | S15: =(P15+Q15)/2 -> 43.963234 | T15: =(Q15-P15)/(I15/12) -> -0.0068362526 | U15: =(R15-S15)*12 -> 3.7107922e-05 | V15: =S15-J15/12 -> 43.749692 | W15: =IF(AND(K15>=Sp2_Bm0-0.000000001,L15<=Sp2_Bm1+0.000000001),"PASS","FAIL") -> PASS
A17: B. End-bent pedestal tops: plane of the seat, level transversely (A/C back edge at FFBW, B/D span-side edge)
B18: Support | C18: Beam ID | D18: Back edge s (ft) | E18: Front edge s (ft) | F18: CL brg s (ft) | G18: Ped. top @ CL brg | H18: Slope | I18: EL A | J18: EL B | K18: EL C | L18: EL D | M18: Pad inside pedestal
B19: End Bent 1 | C19: 1-1 | D19: =Sp1_Sta0 -> 1593.22 | E19: =Sp1_Sta0+EB1_PedL/12 -> 1595.72 | F19: =H8 -> 1594.22 | G19: =V8 -> 43.737692 | H19: =T8 -> 0.0053925868 | I19: =G19+H19*(D19-F19) -> 43.7323 | J19: =G19+H19*(E19-F19) -> 43.745781 | K19: =I19 -> 43.7323 | L19: =J19 -> 43.745781 | M19: =IF(AND(K8>=MIN(D19,E19)-0.000000001,L8<=MAX(D19,E19)+0.000000001),"PASS","FAIL") -> PASS
B20: End Bent 1 | C20: 1-2 | D20: =Sp1_Sta0 -> 1593.22 | E20: =Sp1_Sta0+EB1_PedL/12 -> 1595.72 | F20: =H9 -> 1594.22 | G20: =V9 -> 43.737692 | H20: =T9 -> 0.0053925868 | I20: =G20+H20*(D20-F20) -> 43.7323 | J20: =G20+H20*(E20-F20) -> 43.745781 | K20: =I20 -> 43.7323 | L20: =J20 -> 43.745781 | M20: =IF(AND(K9>=MIN(D20,E20)-0.000000001,L9<=MAX(D20,E20)+0.000000001),"PASS","FAIL") -> PASS
B21: End Bent 2 | C21: 2-1 | D21: =Sp2_Sta1 -> 1805.47 | E21: =Sp2_Sta1-EB2_PedL/12 -> 1802.97 | F21: =H14 -> 1804.47 | G21: =V14 -> 43.749692 | H21: =T14 -> -0.0068362526 | I21: =G21+H21*(D21-F21) -> 43.742856 | J21: =G21+H21*(E21-F21) -> 43.759947 | K21: =I21 -> 43.742856 | L21: =J21 -> 43.759947 | M21: =IF(AND(K14>=MIN(D21,E21)-0.000000001,L14<=MAX(D21,E21)+0.000000001),"PASS","FAIL") -> PASS
B22: End Bent 2 | C22: 2-2 | D22: =Sp2_Sta1 -> 1805.47 | E22: =Sp2_Sta1-EB2_PedL/12 -> 1802.97 | F22: =H15 -> 1804.47 | G22: =V15 -> 43.749692 | H22: =T15 -> -0.0068362526 | I22: =G22+H22*(D22-F22) -> 43.742856 | J22: =G22+H22*(E22-F22) -> 43.759947 | K22: =I22 -> 43.742856 | L22: =J22 -> 43.759947 | M22: =IF(AND(K15>=MIN(D22,E22)-0.000000001,L15<=MAX(D22,E22)+0.000000001),"PASS","FAIL") -> PASS
A24: C. Pier pedestal tops: Span 1 seat plane, straight transition between pad ends (E to F), Span 2 seat plane
B25: Beam | C25: s A/C face (ft) | D25: s E pad end (ft) | E25: s F pad start (ft) | F25: s B/D face (ft) | G25: EL A = EL C | H25: EL E | I25: EL F | J25: EL B = EL D | K25: EL @ CL pier | L25: Order check
B26: Beam line 1 | C26: =Pier_Sta-Pier_PedL/24 -> 1698.57 | D26: =L10 -> 1700.1117 | E26: =K12 -> 1701.0283 | F26: =Pier_Sta+Pier_PedL/24 -> 1702.57 | G26: =V10+T10*(C26-H10) -> 44.259764 | H26: =V10+T10*(D26-H10) -> 44.266863 | I26: =V12+T12*(E26-H12) -> 44.266259 | J26: =V12+T12*(F26-H12) -> 44.261378 | K26: =H26+(I26-H26)*(Pier_Sta-D26)/(E26-D26) -> 44.266561 | L26: =IF(AND(C26<D26,D26<E26,E26<F26,K10>=C26-0.000000001,L12<=F26+0.000000001),"PASS","FAIL") -> PASS
B27: Beam line 2 | C27: =Pier_Sta-Pier_PedL/24 -> 1698.57 | D27: =L11 -> 1700.1117 | E27: =K13 -> 1701.0283 | F27: =Pier_Sta+Pier_PedL/24 -> 1702.57 | G27: =V11+T11*(C27-H11) -> 44.259764 | H27: =V11+T11*(D27-H11) -> 44.266863 | I27: =V13+T13*(E27-H13) -> 44.266259 | J27: =V13+T13*(F27-H13) -> 44.261378 | K27: =H27+(I27-H27)*(Pier_Sta-D27)/(E27-D27) -> 44.266561 | L27: =IF(AND(C27<D27,D27<E27,E27<F27,K11>=C27-0.000000001,L13<=F27+0.000000001),"PASS","FAIL") -> PASS
A29: D. Bearing plate data (template method; slope from the notebook seat plane)
B30: Brg plate mark | C30: Span | D30: Beam | E30: Pad type | F30: Beam end | G30: Plan view case | H30: Slope (%) | I30: Beveled plate req. | J30: C (in) | K30: X (in) | L30: Y (in) | M30: Pad dims match type
B31: 1-1-1 | C31: 1 | D31: 1 | E31: =Des_PadType -> F | F31: 1 | G31: =Des_PlanCase -> 1 | H31: =T8*100 -> 0.53925868 | I31: =IF(ABS(T8)>Des_BevelLimit,"YES","NO") -> NO | J31: =IF(I31="YES",IF(OR(E31="D",E31="E",E31="F",E31="G",E31="H",E31="J",E31="AA",E31="AB"),12,IF(E31="K",13.5,"N/A")),"N/A") -> N/A | K31: =IF(I31="NO","N/A",IF(T8>0,0.5+J31*T8,0.5)) -> N/A | L31: =IF(I31="NO","N/A",IF(T8<0,0.5-J31*T8,0.5)) -> N/A | M31: =IF(AND(ABS(INDEX(Pad_Table,MATCH(E31,INDEX(Pad_Table,0,1),0),2)-EB1_PadL)<0.000000001,ABS(INDEX(Pad_Table,MATCH(E31,INDEX(Pad_Table,0,1),0),3)-EB1_PadW)<0.000000001,ABS(INDEX(Pad_Table,MATCH(E31,INDEX(Pad_Table,0,1),0),4)-EB1_Pad)<0.000000001),"PASS","FAIL") -> PASS
B32: 1-2-1 | C32: 1 | D32: 2 | E32: =Des_PadType -> F | F32: 1 | G32: =Des_PlanCase -> 1 | H32: =T9*100 -> 0.53925868 | I32: =IF(ABS(T9)>Des_BevelLimit,"YES","NO") -> NO | J32: =IF(I32="YES",IF(OR(E32="D",E32="E",E32="F",E32="G",E32="H",E32="J",E32="AA",E32="AB"),12,IF(E32="K",13.5,"N/A")),"N/A") -> N/A | K32: =IF(I32="NO","N/A",IF(T9>0,0.5+J32*T9,0.5)) -> N/A | L32: =IF(I32="NO","N/A",IF(T9<0,0.5-J32*T9,0.5)) -> N/A | M32: =IF(AND(ABS(INDEX(Pad_Table,MATCH(E32,INDEX(Pad_Table,0,1),0),2)-EB1_PadL)<0.000000001,ABS(INDEX(Pad_Table,MATCH(E32,INDEX(Pad_Table,0,1),0),3)-EB1_PadW)<0.000000001,ABS(INDEX(Pad_Table,MATCH(E32,INDEX(Pad_Table,0,1),0),4)-EB1_Pad)<0.000000001),"PASS","FAIL") -> PASS
B33: 1-1-2 | C33: 1 | D33: 1 | E33: =Des_PadType -> F | F33: 2 | G33: =Des_PlanCase -> 1 | H33: =T10*100 -> 0.46050843 | I33: =IF(ABS(T10)>Des_BevelLimit,"YES","NO") -> NO | J33: =IF(I33="YES",IF(OR(E33="D",E33="E",E33="F",E33="G",E33="H",E33="J",E33="AA",E33="AB"),12,IF(E33="K",13.5,"N/A")),"N/A") -> N/A | K33: =IF(I33="NO","N/A",IF(T10>0,0.5+J33*T10,0.5)) -> N/A | L33: =IF(I33="NO","N/A",IF(T10<0,0.5-J33*T10,0.5)) -> N/A | M33: =IF(AND(ABS(INDEX(Pad_Table,MATCH(E33,INDEX(Pad_Table,0,1),0),2)-Pier_PadL)<0.000000001,ABS(INDEX(Pad_Table,MATCH(E33,INDEX(Pad_Table,0,1),0),3)-Pier_PadW)<0.000000001,ABS(INDEX(Pad_Table,MATCH(E33,INDEX(Pad_Table,0,1),0),4)-Pier_Pad)<0.000000001),"PASS","FAIL") -> PASS
B34: 1-2-2 | C34: 1 | D34: 2 | E34: =Des_PadType -> F | F34: 2 | G34: =Des_PlanCase -> 1 | H34: =T11*100 -> 0.46050843 | I34: =IF(ABS(T11)>Des_BevelLimit,"YES","NO") -> NO | J34: =IF(I34="YES",IF(OR(E34="D",E34="E",E34="F",E34="G",E34="H",E34="J",E34="AA",E34="AB"),12,IF(E34="K",13.5,"N/A")),"N/A") -> N/A | K34: =IF(I34="NO","N/A",IF(T11>0,0.5+J34*T11,0.5)) -> N/A | L34: =IF(I34="NO","N/A",IF(T11<0,0.5-J34*T11,0.5)) -> N/A | M34: =IF(AND(ABS(INDEX(Pad_Table,MATCH(E34,INDEX(Pad_Table,0,1),0),2)-Pier_PadL)<0.000000001,ABS(INDEX(Pad_Table,MATCH(E34,INDEX(Pad_Table,0,1),0),3)-Pier_PadW)<0.000000001,ABS(INDEX(Pad_Table,MATCH(E34,INDEX(Pad_Table,0,1),0),4)-Pier_Pad)<0.000000001),"PASS","FAIL") -> PASS
B35: 2-1-1 | C35: 2 | D35: 1 | E35: =Des_PadType -> F | F35: 1 | G35: =Des_PlanCase -> 1 | H35: =T12*100 -> -0.31661307 | I35: =IF(ABS(T12)>Des_BevelLimit,"YES","NO") -> NO | J35: =IF(I35="YES",IF(OR(E35="D",E35="E",E35="F",E35="G",E35="H",E35="J",E35="AA",E35="AB"),12,IF(E35="K",13.5,"N/A")),"N/A") -> N/A | K35: =IF(I35="NO","N/A",IF(T12>0,0.5+J35*T12,0.5)) -> N/A | L35: =IF(I35="NO","N/A",IF(T12<0,0.5-J35*T12,0.5)) -> N/A | M35: =IF(AND(ABS(INDEX(Pad_Table,MATCH(E35,INDEX(Pad_Table,0,1),0),2)-Pier_PadL)<0.000000001,ABS(INDEX(Pad_Table,MATCH(E35,INDEX(Pad_Table,0,1),0),3)-Pier_PadW)<0.000000001,ABS(INDEX(Pad_Table,MATCH(E35,INDEX(Pad_Table,0,1),0),4)-Pier_Pad)<0.000000001),"PASS","FAIL") -> PASS
B36: 2-2-1 | C36: 2 | D36: 2 | E36: =Des_PadType -> F | F36: 1 | G36: =Des_PlanCase -> 1 | H36: =T13*100 -> -0.31661307 | I36: =IF(ABS(T13)>Des_BevelLimit,"YES","NO") -> NO | J36: =IF(I36="YES",IF(OR(E36="D",E36="E",E36="F",E36="G",E36="H",E36="J",E36="AA",E36="AB"),12,IF(E36="K",13.5,"N/A")),"N/A") -> N/A | K36: =IF(I36="NO","N/A",IF(T13>0,0.5+J36*T13,0.5)) -> N/A | L36: =IF(I36="NO","N/A",IF(T13<0,0.5-J36*T13,0.5)) -> N/A | M36: =IF(AND(ABS(INDEX(Pad_Table,MATCH(E36,INDEX(Pad_Table,0,1),0),2)-Pier_PadL)<0.000000001,ABS(INDEX(Pad_Table,MATCH(E36,INDEX(Pad_Table,0,1),0),3)-Pier_PadW)<0.000000001,ABS(INDEX(Pad_Table,MATCH(E36,INDEX(Pad_Table,0,1),0),4)-Pier_Pad)<0.000000001),"PASS","FAIL") -> PASS
B37: 2-1-2 | C37: 2 | D37: 1 | E37: =Des_PadType -> F | F37: 2 | G37: =Des_PlanCase -> 1 | H37: =T14*100 -> -0.68362526 | I37: =IF(ABS(T14)>Des_BevelLimit,"YES","NO") -> NO | J37: =IF(I37="YES",IF(OR(E37="D",E37="E",E37="F",E37="G",E37="H",E37="J",E37="AA",E37="AB"),12,IF(E37="K",13.5,"N/A")),"N/A") -> N/A | K37: =IF(I37="NO","N/A",IF(T14>0,0.5+J37*T14,0.5)) -> N/A | L37: =IF(I37="NO","N/A",IF(T14<0,0.5-J37*T14,0.5)) -> N/A | M37: =IF(AND(ABS(INDEX(Pad_Table,MATCH(E37,INDEX(Pad_Table,0,1),0),2)-EB2_PadL)<0.000000001,ABS(INDEX(Pad_Table,MATCH(E37,INDEX(Pad_Table,0,1),0),3)-EB2_PadW)<0.000000001,ABS(INDEX(Pad_Table,MATCH(E37,INDEX(Pad_Table,0,1),0),4)-EB2_Pad)<0.000000001),"PASS","FAIL") -> PASS
B38: 2-2-2 | C38: 2 | D38: 2 | E38: =Des_PadType -> F | F38: 2 | G38: =Des_PlanCase -> 1 | H38: =T15*100 -> -0.68362526 | I38: =IF(ABS(T15)>Des_BevelLimit,"YES","NO") -> NO | J38: =IF(I38="YES",IF(OR(E38="D",E38="E",E38="F",E38="G",E38="H",E38="J",E38="AA",E38="AB"),12,IF(E38="K",13.5,"N/A")),"N/A") -> N/A | K38: =IF(I38="NO","N/A",IF(T15>0,0.5+J38*T15,0.5)) -> N/A | L38: =IF(I38="NO","N/A",IF(T15<0,0.5-J38*T15,0.5)) -> N/A | M38: =IF(AND(ABS(INDEX(Pad_Table,MATCH(E38,INDEX(Pad_Table,0,1),0),2)-EB2_PadL)<0.000000001,ABS(INDEX(Pad_Table,MATCH(E38,INDEX(Pad_Table,0,1),0),3)-EB2_PadW)<0.000000001,ABS(INDEX(Pad_Table,MATCH(E38,INDEX(Pad_Table,0,1),0),4)-EB2_Pad)<0.000000001),"PASS","FAIL") -> PASS

Sheet Bearing Seats Method
B1: Bearing Seats - Method
B2: Seat planes, bearing slopes, pedestal tops and bearing plate data
B5: 1. Seat plane over the pad
B6: The pad top is the chord of the cambered soffit between the pad ends, so the pad bears on a plane rather than a point. The chord gap at the bearing centerline is reported (it is a few millionths of an inch):
B26: Figure 1. Pad-top plane chords the soffit (curvature exaggerated).
B28: 2. Pedestal tops
B29: Each pedestal top is the seat plane extended longitudinally and level transversely (3/4 in bevels at the transverse edges). End-bent pedestals run from the FFBW (corners A, C) to the span-side face (corners B, D). The pier carries one pedestal per beam line: Span 1 seat plane up to the Span 1 pad end (E), a straight transition to the Span 2 pad start (F), then the Span 2 seat plane.
B48: Figure 2. Corner letters used in the CAD pedestal tables.
B64: Figure 3. Pier pedestal top along a beam line from the notebook model.
B66: 3. Bearing plate data (BCC template rule)
B70: Difference from the BCC template: the template levels seats when |slope| < 0.5%. The notebook slopes every seat to the actual soffit chord, so the pedestal tops here follow the notebook. All current slopes are well below the 2% beveled-plate limit.
B71: Symbol | C71: Meaning | H71: Workbook name / location | K71: Units / value
B72: Lp, tp | C72: Pad length and thickness | H72: EB1_PadL, EB1_Pad, Pier_PadL, Pier_Pad | K72: in
B73: β | C73: Bearing (seat) slope, + up-station | H73: Bearing Seats col T | K73: ft/ft
B74: zped | C74: Pedestal top at CL bearing | H74: Bearing Seats col V | K74: ft

Sheet Substructure
A1: Substructure | P1: Project | Q1: =""&TB_Project -> D2 I-95 Pedestrian Bridge
A2: Cap tops from the lowest pedestal, pedestal heights, cap corners and pile cutoffs | P2: Job No. | Q2: =""&TB_JobNo
P3: Calc. by / date | Q3: =TB_CalcBy&" "&TB_CalcDate
P4: Check. by / date | Q4: =TB_CheckBy&" "&TB_CheckDate
A6: A. Cap placement
B7: Support | C7: Datum station | D7: Cap CL station | E7: Cap width (ft) | F7: Cap depth (ft) | G7: Piles | H7: Pile size (in) | I7: Pile spacing (ft) | J7: Pile end clear (in) | K7: Cap length (ft) | L7: Length check | M7: Center offset | N7: Cross slope | O7: Min ped. (in) | P7: Fixed top | Q7: Lowest seat basis (ft) | R7: Cap top (ft) | S7: Cap underside (ft) | T7: Cap volume (ft3) | U7: Embedment (in) | V7: Embedment check
B8: Pier | C8: =Pier_Sta -> 1700.57 | D8: =Pier_Sta -> 1700.57 | E8: =Pier_Width -> 4 | F8: =Pier_Depth -> 3 | G8: =Pier_NPile -> 4 | H8: =Pier_PileD -> 20 | I8: =Pier_PileSpD*Pier_PileD/12 -> 5 | J8: =Pier_PileClr -> 15 | K8: =IF(ISNUMBER(Pier_LenFix),Pier_LenFix,(G8-1)*I8+H8/12+2*J8/12) -> 19.166667 | L8: =IF(ISNUMBER(Pier_LenFix),IF(ABS(Pier_LenFix-((G8-1)*I8+H8/12+2*J8/12))<0.00000001,"PASS","FAIL"),"PASS") -> PASS | M8: =Pier_Ctr -> 0 | N8: =Pier_Slope -> 0 | O8: =Pier_Reveal -> 6 | P8: =Pier_TopFix -> 0 | Q8: =MIN('Bearing Seats'!V10-N8*('Bearing Seats'!G10-M8),'Bearing Seats'!V11-N8*('Bearing Seats'!G11-M8),'Bearing Seats'!V12-N8*('Bearing Seats'!G12-M8),'Bearing Seats'!V13-N8*('Bearing Seats'!G13-M8)) -> 44.26494 | R8: =IF(ISNUMBER(Pier_TopFix),Pier_TopFix,Q8-O8/12) -> 43.76494 | S8: =R8-F8 -> 40.76494 | T8: =E8*K8*F8 -> 230 | U8: =Pier_Emb -> 12 | V8: =IF(AND(U8>=0,U8<=F8*12),"PASS","FAIL") -> PASS
B9: End Bent 1 | C9: =Sp1_Sta0 -> 1593.22 | D9: =C9+(EB1_Width/2-EB1_BW/12-EB1_Inset/12) -> 1593.97 | E9: =EB1_Width -> 3.5 | F9: =EB1_Depth -> 3 | G9: =EB1_NPile -> 4 | H9: =EB1_PileW -> 18 | I9: =EB1_PileSp/12 -> 4.5 | J9: =EB1_PileClr -> 16 | K9: =IF(ISNUMBER(EB1_LenFix),EB1_LenFix,(G9-1)*I9+H9/12+2*J9/12) -> 17.666667 | L9: =IF(ISNUMBER(EB1_LenFix),IF(ABS(EB1_LenFix-((G9-1)*I9+H9/12+2*J9/12))<0.00000001,"PASS","FAIL"),"PASS") -> PASS | M9: =EB1_Ctr -> 0 | N9: =EB1_Slope -> 0 | O9: =EB1_Reveal -> 6 | P9: =EB1_TopFix -> 0 | Q9: =MIN('Bearing Seats'!V8-N9*('Bearing Seats'!G8-M9),'Bearing Seats'!V9-N9*('Bearing Seats'!G9-M9)) -> 43.737692 | R9: =IF(ISNUMBER(EB1_TopFix),EB1_TopFix,Q9-O9/12) -> 43.237692 | S9: =R9-F9 -> 40.237692 | T9: =E9*K9*F9 -> 185.5 | U9: =EB1_Emb -> 12 | V9: =IF(AND(U9>=0,U9<=F9*12),"PASS","FAIL") -> PASS
B10: End Bent 2 | C10: =Sp2_Sta1 -> 1805.47 | D10: =C10-(EB2_Width/2-EB2_BW/12-EB2_Inset/12) -> 1804.72 | E10: =EB2_Width -> 3.5 | F10: =EB2_Depth -> 3 | G10: =EB2_NPile -> 4 | H10: =EB2_PileW -> 18 | I10: =EB2_PileSp/12 -> 4.5 | J10: =EB2_PileClr -> 16 | K10: =IF(ISNUMBER(EB2_LenFix),EB2_LenFix,(G10-1)*I10+H10/12+2*J10/12) -> 17.666667 | L10: =IF(ISNUMBER(EB2_LenFix),IF(ABS(EB2_LenFix-((G10-1)*I10+H10/12+2*J10/12))<0.00000001,"PASS","FAIL"),"PASS") -> PASS | M10: =EB2_Ctr -> 0 | N10: =EB2_Slope -> 0 | O10: =EB2_Reveal -> 6 | P10: =EB2_TopFix -> 0 | Q10: =MIN('Bearing Seats'!V14-N10*('Bearing Seats'!G14-M10),'Bearing Seats'!V15-N10*('Bearing Seats'!G15-M10)) -> 43.749692 | R10: =IF(ISNUMBER(EB2_TopFix),EB2_TopFix,Q10-O10/12) -> 43.249692 | S10: =R10-F10 -> 40.249692 | T10: =E10*K10*F10 -> 185.5 | U10: =EB2_Emb -> 12 | V10: =IF(AND(U10>=0,U10<=F10*12),"PASS","FAIL") -> PASS
B12: CAD note: the FreeCAD model adopted a 235-in end-cap body (251 in with two 8-in cheeks) under D-026/D-027. The notebook still derives the end-cap length from its pile layout; a separate task is bringing the end caps and cheek walls into the notebook. Elevations are unaffected while caps are level.
A14: B. Pedestal heights at CL bearing
B15: Support | C15: Beam ID | D15: Face | E15: Offset (ft) | F15: Ped. top @ CL brg | G15: Local cap top | H15: Pedestal height (in) | I15: >= minimum
B16: End Bent 1 | C16: 1-1 | D16: Start | E16: ='Bearing Seats'!G8 -> -4.2916667 | F16: ='Bearing Seats'!V8 -> 43.737692 | G16: =R9+N9*(E16-M9) -> 43.237692 | H16: =(F16-G16)*12 -> 6 | I16: =IF(H16>=O9-0.000001,"PASS","FAIL") -> PASS
B17: End Bent 1 | C17: 1-2 | D17: Start | E17: ='Bearing Seats'!G9 -> 4.2916667 | F17: ='Bearing Seats'!V9 -> 43.737692 | G17: =R9+N9*(E17-M9) -> 43.237692 | H17: =(F17-G17)*12 -> 6 | I17: =IF(H17>=O9-0.000001,"PASS","FAIL") -> PASS
B18: Pier | C18: 1-1 | D18: End | E18: ='Bearing Seats'!G10 -> -4.2916667 | F18: ='Bearing Seats'!V10 -> 44.264944 | G18: =R8+N8*(E18-M8) -> 43.76494 | H18: =(F18-G18)*12 -> 6.0000541 | I18: =IF(H18>=O8-0.000001,"PASS","FAIL") -> PASS
B19: Pier | C19: 1-2 | D19: End | E19: ='Bearing Seats'!G11 -> 4.2916667 | F19: ='Bearing Seats'!V11 -> 44.264944 | G19: =R8+N8*(E19-M8) -> 43.76494 | H19: =(F19-G19)*12 -> 6.0000541 | I19: =IF(H19>=O8-0.000001,"PASS","FAIL") -> PASS
B20: Pier | C20: 2-1 | D20: Start | E20: ='Bearing Seats'!G12 -> -4.2916667 | F20: ='Bearing Seats'!V12 -> 44.26494 | G20: =R8+N8*(E20-M8) -> 43.76494 | H20: =(F20-G20)*12 -> 6 | I20: =IF(H20>=O8-0.000001,"PASS","FAIL") -> PASS
B21: Pier | C21: 2-2 | D21: Start | E21: ='Bearing Seats'!G13 -> 4.2916667 | F21: ='Bearing Seats'!V13 -> 44.26494 | G21: =R8+N8*(E21-M8) -> 43.76494 | H21: =(F21-G21)*12 -> 6 | I21: =IF(H21>=O8-0.000001,"PASS","FAIL") -> PASS
B22: End Bent 2 | C22: 2-1 | D22: End | E22: ='Bearing Seats'!G14 -> -4.2916667 | F22: ='Bearing Seats'!V14 -> 43.749692 | G22: =R10+N10*(E22-M10) -> 43.249692 | H22: =(F22-G22)*12 -> 6 | I22: =IF(H22>=O10-0.000001,"PASS","FAIL") -> PASS
B23: End Bent 2 | C23: 2-2 | D23: End | E23: ='Bearing Seats'!G15 -> 4.2916667 | F23: ='Bearing Seats'!V15 -> 43.749692 | G23: =R10+N10*(E23-M10) -> 43.249692 | H23: =(F23-G23)*12 -> 6 | I23: =IF(H23>=O10-0.000001,"PASS","FAIL") -> PASS
A25: C. Pedestal bevel and footprint checks
B26: Support | C26: Beam | D26: Lowest pedestal top (ft) | E26: Chamfer (in) | F26: Cap top at pedestal edge | G26: Bevel clears cap | H26: Pedestal within cap length
B27: Pier | C27: 1 | D27: =MIN('Bearing Seats'!G26,'Bearing Seats'!H26,'Bearing Seats'!I26,'Bearing Seats'!J26) -> 44.259764 | E27: =Pier_Chamf -> 0.75 | F27: =R8+N8*(Bm1_Off-M8)+ABS(N8)*Pier_PedW/24 -> 43.76494 | G27: =IF(D27-E27/12>=F27-0.000000001,"PASS","FAIL") -> PASS | H27: =IF(AND(Bm1_Off-Pier_PedW/24>=M8-K8/2-0.000000001,Bm1_Off+Pier_PedW/24<=M8+K8/2+0.000000001),"PASS","FAIL") -> PASS
B28: Pier | C28: 2 | D28: =MIN('Bearing Seats'!G27,'Bearing Seats'!H27,'Bearing Seats'!I27,'Bearing Seats'!J27) -> 44.259764 | E28: =Pier_Chamf -> 0.75 | F28: =R8+N8*(Bm2_Off-M8)+ABS(N8)*Pier_PedW/24 -> 43.76494 | G28: =IF(D28-E28/12>=F28-0.000000001,"PASS","FAIL") -> PASS | H28: =IF(AND(Bm2_Off-Pier_PedW/24>=M8-K8/2-0.000000001,Bm2_Off+Pier_PedW/24<=M8+K8/2+0.000000001),"PASS","FAIL") -> PASS
B29: End Bent 1 | C29: 1 | D29: =MIN('Bearing Seats'!I19,'Bearing Seats'!J19) -> 43.7323 | E29: =EB1_Chamf -> 0.75 | F29: =R9+N9*(Bm1_Off-M9)+ABS(N9)*EB1_PedW/24 -> 43.237692 | G29: =IF(D29-E29/12>=F29-0.000000001,"PASS","FAIL") -> PASS | H29: =IF(AND(Bm1_Off-EB1_PedW/24>=M9-K9/2-0.000000001,Bm1_Off+EB1_PedW/24<=M9+K9/2+0.000000001),"PASS","FAIL") -> PASS
B30: End Bent 1 | C30: 2 | D30: =MIN('Bearing Seats'!I20,'Bearing Seats'!J20) -> 43.7323 | E30: =EB1_Chamf -> 0.75 | F30: =R9+N9*(Bm2_Off-M9)+ABS(N9)*EB1_PedW/24 -> 43.237692 | G30: =IF(D30-E30/12>=F30-0.000000001,"PASS","FAIL") -> PASS | H30: =IF(AND(Bm2_Off-EB1_PedW/24>=M9-K9/2-0.000000001,Bm2_Off+EB1_PedW/24<=M9+K9/2+0.000000001),"PASS","FAIL") -> PASS
B31: End Bent 2 | C31: 1 | D31: =MIN('Bearing Seats'!I21,'Bearing Seats'!J21) -> 43.742856 | E31: =EB2_Chamf -> 0.75 | F31: =R10+N10*(Bm1_Off-M10)+ABS(N10)*EB2_PedW/24 -> 43.249692 | G31: =IF(D31-E31/12>=F31-0.000000001,"PASS","FAIL") -> PASS | H31: =IF(AND(Bm1_Off-EB2_PedW/24>=M10-K10/2-0.000000001,Bm1_Off+EB2_PedW/24<=M10+K10/2+0.000000001),"PASS","FAIL") -> PASS
B32: End Bent 2 | C32: 2 | D32: =MIN('Bearing Seats'!I22,'Bearing Seats'!J22) -> 43.742856 | E32: =EB2_Chamf -> 0.75 | F32: =R10+N10*(Bm2_Off-M10)+ABS(N10)*EB2_PedW/24 -> 43.249692 | G32: =IF(D32-E32/12>=F32-0.000000001,"PASS","FAIL") -> PASS | H32: =IF(AND(Bm2_Off-EB2_PedW/24>=M10-K10/2-0.000000001,Bm2_Off+EB2_PedW/24<=M10+K10/2+0.000000001),"PASS","FAIL") -> PASS
A34: D. Cap corner elevations (transverse section)
B35: Support | C35: Corner | D35: Offset (ft) | E35: Elevation (ft)
B36: Pier | C36: TL | D36: =M8-K8/2 -> -9.5833333 | E36: =R8+N8*(D36-M8) -> 43.76494
B37: Pier | C37: TR | D37: =M8+K8/2 -> 9.5833333 | E37: =R8+N8*(D37-M8) -> 43.76494
B38: Pier | C38: BR | D38: =M8+K8/2 -> 9.5833333 | E38: =R8+N8*(D38-M8)-F8 -> 40.76494
B39: Pier | C39: BL | D39: =M8-K8/2 -> -9.5833333 | E39: =R8+N8*(D39-M8)-F8 -> 40.76494
B40: End Bent 1 | C40: TL | D40: =M9-K9/2 -> -8.8333333 | E40: =R9+N9*(D40-M9) -> 43.237692
B41: End Bent 1 | C41: TR | D41: =M9+K9/2 -> 8.8333333 | E41: =R9+N9*(D41-M9) -> 43.237692
B42: End Bent 1 | C42: BR | D42: =M9+K9/2 -> 8.8333333 | E42: =R9+N9*(D42-M9)-F9 -> 40.237692
B43: End Bent 1 | C43: BL | D43: =M9-K9/2 -> -8.8333333 | E43: =R9+N9*(D43-M9)-F9 -> 40.237692
B44: End Bent 2 | C44: TL | D44: =M10-K10/2 -> -8.8333333 | E44: =R10+N10*(D44-M10) -> 43.249692
B45: End Bent 2 | C45: TR | D45: =M10+K10/2 -> 8.8333333 | E45: =R10+N10*(D45-M10) -> 43.249692
B46: End Bent 2 | C46: BR | D46: =M10+K10/2 -> 8.8333333 | E46: =R10+N10*(D46-M10)-F10 -> 40.249692
B47: End Bent 2 | C47: BL | D47: =M10-K10/2 -> -8.8333333 | E47: =R10+N10*(D47-M10)-F10 -> 40.249692
A49: E. Pile layout and cutoff elevations (cutoff = local cap top - cap depth + embedment)
B50: Support | C50: Pile | D50: Offset (ft) | E50: Size (in) | F50: Shape | G50: Local cap top | H50: Cap underside | I50: Embedment (in) | J50: Pile cutoff (ft) | K50: Trial tip (ft)
B51: Pier | C51: 1 | D51: =M8+(1-(G8+1)/2)*I8 -> -7.5 | E51: =H8 -> 20 | F51: pipe | G51: =R8+N8*(D51-M8) -> 43.76494 | H51: =G51-F8 -> 40.76494 | I51: =U8 -> 12 | J51: =H51+I51/12 -> 41.76494 | K51: =J51-Phys_TrialPile -> -48.23506
B52: Pier | C52: 2 | D52: =M8+(2-(G8+1)/2)*I8 -> -2.5 | E52: =H8 -> 20 | F52: pipe | G52: =R8+N8*(D52-M8) -> 43.76494 | H52: =G52-F8 -> 40.76494 | I52: =U8 -> 12 | J52: =H52+I52/12 -> 41.76494 | K52: =J52-Phys_TrialPile -> -48.23506
B53: Pier | C53: 3 | D53: =M8+(3-(G8+1)/2)*I8 -> 2.5 | E53: =H8 -> 20 | F53: pipe | G53: =R8+N8*(D53-M8) -> 43.76494 | H53: =G53-F8 -> 40.76494 | I53: =U8 -> 12 | J53: =H53+I53/12 -> 41.76494 | K53: =J53-Phys_TrialPile -> -48.23506
B54: Pier | C54: 4 | D54: =M8+(4-(G8+1)/2)*I8 -> 7.5 | E54: =H8 -> 20 | F54: pipe | G54: =R8+N8*(D54-M8) -> 43.76494 | H54: =G54-F8 -> 40.76494 | I54: =U8 -> 12 | J54: =H54+I54/12 -> 41.76494 | K54: =J54-Phys_TrialPile -> -48.23506
B55: End Bent 1 | C55: 1 | D55: =M9+(1-(G9+1)/2)*I9 -> -6.75 | E55: =H9 -> 18 | F55: square | G55: =R9+N9*(D55-M9) -> 43.237692 | H55: =G55-F9 -> 40.237692 | I55: =U9 -> 12 | J55: =H55+I55/12 -> 41.237692 | K55: =J55-Phys_TrialPile -> -48.762308
B56: End Bent 1 | C56: 2 | D56: =M9+(2-(G9+1)/2)*I9 -> -2.25 | E56: =H9 -> 18 | F56: square | G56: =R9+N9*(D56-M9) -> 43.237692 | H56: =G56-F9 -> 40.237692 | I56: =U9 -> 12 | J56: =H56+I56/12 -> 41.237692 | K56: =J56-Phys_TrialPile -> -48.762308
B57: End Bent 1 | C57: 3 | D57: =M9+(3-(G9+1)/2)*I9 -> 2.25 | E57: =H9 -> 18 | F57: square | G57: =R9+N9*(D57-M9) -> 43.237692 | H57: =G57-F9 -> 40.237692 | I57: =U9 -> 12 | J57: =H57+I57/12 -> 41.237692 | K57: =J57-Phys_TrialPile -> -48.762308
B58: End Bent 1 | C58: 4 | D58: =M9+(4-(G9+1)/2)*I9 -> 6.75 | E58: =H9 -> 18 | F58: square | G58: =R9+N9*(D58-M9) -> 43.237692 | H58: =G58-F9 -> 40.237692 | I58: =U9 -> 12 | J58: =H58+I58/12 -> 41.237692 | K58: =J58-Phys_TrialPile -> -48.762308
B59: End Bent 2 | C59: 1 | D59: =M10+(1-(G10+1)/2)*I10 -> -6.75 | E59: =H10 -> 18 | F59: square | G59: =R10+N10*(D59-M10) -> 43.249692 | H59: =G59-F10 -> 40.249692 | I59: =U10 -> 12 | J59: =H59+I59/12 -> 41.249692 | K59: =J59-Phys_TrialPile -> -48.750308
B60: End Bent 2 | C60: 2 | D60: =M10+(2-(G10+1)/2)*I10 -> -2.25 | E60: =H10 -> 18 | F60: square | G60: =R10+N10*(D60-M10) -> 43.249692 | H60: =G60-F10 -> 40.249692 | I60: =U10 -> 12 | J60: =H60+I60/12 -> 41.249692 | K60: =J60-Phys_TrialPile -> -48.750308
B61: End Bent 2 | C61: 3 | D61: =M10+(3-(G10+1)/2)*I10 -> 2.25 | E61: =H10 -> 18 | F61: square | G61: =R10+N10*(D61-M10) -> 43.249692 | H61: =G61-F10 -> 40.249692 | I61: =U10 -> 12 | J61: =H61+I61/12 -> 41.249692 | K61: =J61-Phys_TrialPile -> -48.750308
B62: End Bent 2 | C62: 4 | D62: =M10+(4-(G10+1)/2)*I10 -> 6.75 | E62: =H10 -> 18 | F62: square | G62: =R10+N10*(D62-M10) -> 43.249692 | H62: =G62-F10 -> 40.249692 | I62: =U10 -> 12 | J62: =H62+I62/12 -> 41.249692 | K62: =J62-Phys_TrialPile -> -48.750308

Sheet Substructure Method
B1: Substructure - Method
B2: Cap placement, pedestal heights, cap corners and pile cutoffs
B5: 1. Cap location and length
B13: 2. Cap top from the lowest pedestal
B14: Unless a fixed cap top is entered, the cap top is set so the lowest pedestal (measured at its CL bearing) has the minimum height:
B19: 3. Piles
B38: Figure 1. End Bent 1 transverse section from the notebook model.
B54: Figure 2. Pier transverse section from the notebook model.
B55: CAD adopted a 235-in end-cap body (251 in with two 8-in cheeks) under D-026/D-027. The notebook, which governs, still derives the end-cap length from its pile layout. A separate task is bringing the end caps and cheek walls into the notebook; rebuild this workbook afterwards. Elevations are unaffected while the caps are level.
B56: Symbol | C56: Meaning | H56: Workbook name / location | K56: Units / value
B57: σ, yc | C57: Cap cross slope and center offset | H57: Pier_Slope, Pier_Ctr ... | K57: ft/ft, ft
B58: hped,min | C58: Minimum pedestal height at CL bearing | H58: Pier_Reveal, EB1_Reveal | K58: in
B59: n, p, dp, c | C59: Pile count, spacing, size and end clearance | H59: Substructure section A | K59: -, ft, in, in
B60: eemb | C60: Pile embedment above the cap underside | H60: Pier_Emb, EB1_Emb | K60: in

Sheet Beam Data
A1: Beam Data | P1: Project | Q1: =""&TB_Project -> D2 I-95 Pedestrian Bridge
A2: Bars 5K spacing zones (Mathcad stirrup layout) and FIB standard bar dimensions (template method) | P2: Job No. | Q2: =""&TB_JobNo
P3: Calc. by / date | Q3: =TB_CalcBy&" "&TB_CalcDate
P4: Check. by / date | Q4: =TB_CheckBy&" "&TB_CheckDate
A6: A. Bars 5K zones by span: Mathcad stirrup zones mapped to the FDOT S*, Sj, S1-S4 notation
B7: Span | C7: S* spaces | D7: V* (in) | E7: Sj spaces | F7: Vj (in) | G7: S1 | H7: V1 (in) | I7: S2 | J7: V2 (in) | K7: S3 | L7: V3 (in) | M7: V4 (in) | N7: First bar from end (in) | O7: A1/A2 spacing equal
B8: 1 | C8: =MC1_A1_n+MC1_A2_n -> 4 | D8: =MC1_A1_s -> 3.5 | E8: =MC1_A3_n -> 12 | F8: =MC1_A3_s -> 3 | G8: =MC1_S1_n -> 30 | H8: =MC1_S1_s -> 6 | I8: =MC1_S2_n -> 20 | J8: =MC1_S2_s -> 9 | K8: =MC1_S3_n -> 5 | L8: =MC1_S3_s -> 12 | M8: =MC1_S4_s -> 18 | N8: =MC1_EndSp -> 3 | O8: =IF(ABS(MC1_A1_s-MC1_A2_s)<0.000000001,"PASS","FAIL") -> PASS
B9: 2 | C9: =MC2_A1_n+MC2_A2_n -> 4 | D9: =MC2_A1_s -> 3.5 | E9: =MC2_A3_n -> 12 | F9: =MC2_A3_s -> 3 | G9: =MC2_S1_n -> 30 | H9: =MC2_S1_s -> 6 | I9: =MC2_S2_n -> 20 | J9: =MC2_S2_s -> 9 | K9: =MC2_S3_n -> 5 | L9: =MC2_S3_s -> 12 | M9: =MC2_S4_s -> 18 | N9: =MC2_EndSp -> 3 | O9: =IF(ABS(MC2_A1_s-MC2_A2_s)<0.000000001,"PASS","FAIL") -> PASS
A11: B. Per beam: S4 count, total Bars 5K and standard bar dimensions (square ends)
B12: Beam | C12: Dim L (ft) | D12: Half length (in) | E12: Zones S*..S3 (in) | F12: S4 spaces | G12: Center space (in) | H12: Center <= V4 | I12: Total 5K | J12: 3C1 C (in) | K12: 3C2 C (in) | L12: 3D1 A (in) | M12: 3D1 B (in) | N12: 3D2 A (in) | O12: 3D2 B (in) | P12: 3D3 No. | Q12: 4M1 D (in) | R12: 4M2 D (in) | S12: 4M3 No.
B13: 1-1 | C13: ='Beam Geometry'!S13 -> 107.10325 | D13: =C13*12/2 -> 642.6195 | E13: =N8+C8*D8+E8*F8+G8*H8+I8*J8+K8*L8 -> 473 | F13: =MAX(0,ROUNDDOWN((D13-E13)/M8,0)) -> 9 | G13: =(D13-E13-F13*M8)*2 -> 15.238997 | H13: =IF(G13<=M8+0.000000001,"PASS","CHECK") -> PASS | I13: =2*(1+C8+E8+G8+I8+K8+F13) -> 162 | J13: =Bar_C/SIN(RADIANS('Beam Geometry'!I13)) -> 17.5 | K13: =Bar_C/SIN(RADIANS('Beam Geometry'!J13)) -> 17.5 | L13: =Bar_DA/SIN(RADIANS('Beam Geometry'!I13)) -> 8.5 | M13: =Bar_DB/SIN(RADIANS('Beam Geometry'!I13)) -> 15 | N13: =Bar_DA/SIN(RADIANS('Beam Geometry'!J13)) -> 8.5 | O13: =Bar_DB/SIN(RADIANS('Beam Geometry'!J13)) -> 15 | P13: =(1+ROUNDUP((C13*12-2*(N8+C8*D8+E8*F8+Bar_D3s))/Bar_D3s,0))*2 -> 130 | Q13: =Bar_MD/SIN(RADIANS('Beam Geometry'!I13)) -> 44 | R13: =Bar_MD/SIN(RADIANS('Beam Geometry'!J13)) -> 44 | S13: =1+CEILING((C13*12-2*(3.5+2*7+Bar_Mk*6+12))/12,1) -> 98
B14: 1-2 | C14: ='Beam Geometry'!S14 -> 107.10325 | D14: =C14*12/2 -> 642.6195 | E14: =N8+C8*D8+E8*F8+G8*H8+I8*J8+K8*L8 -> 473 | F14: =MAX(0,ROUNDDOWN((D14-E14)/M8,0)) -> 9 | G14: =(D14-E14-F14*M8)*2 -> 15.238997 | H14: =IF(G14<=M8+0.000000001,"PASS","CHECK") -> PASS | I14: =2*(1+C8+E8+G8+I8+K8+F14) -> 162 | J14: =Bar_C/SIN(RADIANS('Beam Geometry'!I14)) -> 17.5 | K14: =Bar_C/SIN(RADIANS('Beam Geometry'!J14)) -> 17.5 | L14: =Bar_DA/SIN(RADIANS('Beam Geometry'!I14)) -> 8.5 | M14: =Bar_DB/SIN(RADIANS('Beam Geometry'!I14)) -> 15 | N14: =Bar_DA/SIN(RADIANS('Beam Geometry'!J14)) -> 8.5 | O14: =Bar_DB/SIN(RADIANS('Beam Geometry'!J14)) -> 15 | P14: =(1+ROUNDUP((C14*12-2*(N8+C8*D8+E8*F8+Bar_D3s))/Bar_D3s,0))*2 -> 130 | Q14: =Bar_MD/SIN(RADIANS('Beam Geometry'!I14)) -> 44 | R14: =Bar_MD/SIN(RADIANS('Beam Geometry'!J14)) -> 44 | S14: =1+CEILING((C14*12-2*(3.5+2*7+Bar_Mk*6+12))/12,1) -> 98
B15: 2-1 | C15: ='Beam Geometry'!S15 -> 104.65031 | D15: =C15*12/2 -> 627.90188 | E15: =N9+C9*D9+E9*F9+G9*H9+I9*J9+K9*L9 -> 473 | F15: =MAX(0,ROUNDDOWN((D15-E15)/M9,0)) -> 8 | G15: =(D15-E15-F15*M9)*2 -> 21.803765 | H15: =IF(G15<=M9+0.000000001,"PASS","CHECK") -> CHECK | I15: =2*(1+C9+E9+G9+I9+K9+F15) -> 160 | J15: =Bar_C/SIN(RADIANS('Beam Geometry'!I15)) -> 17.5 | K15: =Bar_C/SIN(RADIANS('Beam Geometry'!J15)) -> 17.5 | L15: =Bar_DA/SIN(RADIANS('Beam Geometry'!I15)) -> 8.5 | M15: =Bar_DB/SIN(RADIANS('Beam Geometry'!I15)) -> 15 | N15: =Bar_DA/SIN(RADIANS('Beam Geometry'!J15)) -> 8.5 | O15: =Bar_DB/SIN(RADIANS('Beam Geometry'!J15)) -> 15 | P15: =(1+ROUNDUP((C15*12-2*(N9+C9*D9+E9*F9+Bar_D3s))/Bar_D3s,0))*2 -> 126 | Q15: =Bar_MD/SIN(RADIANS('Beam Geometry'!I15)) -> 44 | R15: =Bar_MD/SIN(RADIANS('Beam Geometry'!J15)) -> 44 | S15: =1+CEILING((C15*12-2*(3.5+2*7+Bar_Mk*6+12))/12,1) -> 95
B16: 2-2 | C16: ='Beam Geometry'!S16 -> 104.65031 | D16: =C16*12/2 -> 627.90188 | E16: =N9+C9*D9+E9*F9+G9*H9+I9*J9+K9*L9 -> 473 | F16: =MAX(0,ROUNDDOWN((D16-E16)/M9,0)) -> 8 | G16: =(D16-E16-F16*M9)*2 -> 21.803765 | H16: =IF(G16<=M9+0.000000001,"PASS","CHECK") -> CHECK | I16: =2*(1+C9+E9+G9+I9+K9+F16) -> 160 | J16: =Bar_C/SIN(RADIANS('Beam Geometry'!I16)) -> 17.5 | K16: =Bar_C/SIN(RADIANS('Beam Geometry'!J16)) -> 17.5 | L16: =Bar_DA/SIN(RADIANS('Beam Geometry'!I16)) -> 8.5 | M16: =Bar_DB/SIN(RADIANS('Beam Geometry'!I16)) -> 15 | N16: =Bar_DA/SIN(RADIANS('Beam Geometry'!J16)) -> 8.5 | O16: =Bar_DB/SIN(RADIANS('Beam Geometry'!J16)) -> 15 | P16: =(1+ROUNDUP((C16*12-2*(N9+C9*D9+E9*F9+Bar_D3s))/Bar_D3s,0))*2 -> 126 | Q16: =Bar_MD/SIN(RADIANS('Beam Geometry'!I16)) -> 44 | R16: =Bar_MD/SIN(RADIANS('Beam Geometry'!J16)) -> 44 | S16: =1+CEILING((C16*12-2*(3.5+2*7+Bar_Mk*6+12))/12,1) -> 95

Sheet Beam Data Method
B1: Beam Data - Method
B2: Bars 5K spacing zones and FIB standard bar dimensions
B5: 1. Mapping the Mathcad stirrup layout to FDOT notation
B6: The Mathcad stirrup design gives zones A1-A3 and S1-S4 for half the beam. They map to the FIB Bars 5K table columns as follows; zones A1 and A2 share the 3.5 in spacing and together form S*, and A3 forms Sj (FIB-36 standard: S* = 4, Sj = 12):
B7: Symbol | C7: Meaning | H7: Workbook name / location | K7: Units / value
B8: S*, V* | C8: A1 + A2 spaces at the A1 spacing | H8: MC1_A1_n + MC1_A2_n, MC1_A1_s | K8: 4 @ 3.5 in
B9: Sj, Vj | C9: A3 spaces and spacing | H9: MC1_A3_n, MC1_A3_s | K9: 12 @ 3 in
B10: S1-S3, V1-V3 | C10: Mathcad zones S1-S3 | H10: MC1_S1_n ... MC1_S3_s | K10: 30@6, 20@9, 5@12 in
B11: S4, V4 | C11: Remaining spaces to midspan at V4 | H11: computed here | K11: @ 18 in
B12: es | C12: Beam end to first stirrup (Mathcad EndSpace) | H12: MC1_EndSp | K12: 3 in
B31: Figure 1. Bars 5K zones along one half of a Span 1 beam (S4 shown for the current beam length).
B33: 2. Standard bar dimensions (BCC template constants, square ends)
B40: These constants and counts reproduce the BCC example workbook formulas (FIB standard bar bending). The template used a 2.5 in end distance; this workbook uses the Mathcad EndSpace. Verify against the current FDOT FIB standard plans before issue.

Sheet Clearance
A1: Vertical Clearance | P1: Project | Q1: =""&TB_Project -> D2 I-95 Pedestrian Bridge
A2: Beam bottom minus roadway profile, minimized exactly on every roadway segment under a beam | P2: Job No. | Q2: =""&TB_JobNo
P3: Calc. by / date | Q3: =TB_CalcBy&" "&TB_CalcDate
P4: Check. by / date | Q4: =TB_CheckBy&" "&TB_CheckDate
A6: A. Result
B7: Minimum vertical clearance (ft) | F7: =MIN(U118:U217) -> 18.361569 | H7: Coverage note: the XML profile ends before the bridge does; the notebook reports "Covered region only" and never extrapolates. Clearance is evaluated only where a beam exists.
B8: Station of minimum (ft) | F8: =INDEX(V118:V217,MATCH(Clr_Min,U118:U217,0)) -> 1699.4623
B9: Required clearance (ft) | F9: =Rd_Req -> 17
B10: Margin (ft) | F10: =Clr_Min-Rd_Req -> 1.3615691
B11: Roadway coverage of the bridge length (ft) | F11: =SUM(J16:J114) -> 207.23189
B12: Status | F12: =IF(Clr_Min<Rd_Req-0.00000001,"Below requirement",IF(ABS(Clr_Cover-Prof_L)<=0.000001,"Meets requirement","Covered region only")) -> Covered region only
A14: B. Roadway segments from Geometry Report.xml (as parsed by the notebook)
B15: Seg | C15: XML start | D15: XML end | E15: Bridge start (ft) | F15: Bridge end (ft) | G15: z start (ft) | H15: Grade | I15: Quad (1/ft) | J15: Overlap with bridge (ft)
B16: 1 | C16: 0 | D16: 2.336793 | E16: =C16+Rd_Shift -> 1593.22 | F16: =D16+Rd_Shift -> 1595.5568 | G16: 24.034211 | H16: -0.064160994 | I16: 0 | J16: =MAX(0,MIN(F16,Prof_Sta1)-MAX(E16,Prof_Sta0)) -> 2.336793
B17: 2 | C17: 2.336793 | D17: 5.16014 | E17: =C17+Rd_Shift -> 1595.5568 | F17: =D17+Rd_Shift -> 1598.3801 | G17: 23.88428 | H17: -0.0029509965 | I17: 0 | J17: =MAX(0,MIN(F17,Prof_Sta1)-MAX(E17,Prof_Sta0)) -> 2.823347
B18: 3 | C18: 5.16014 | D18: 7.066377 | E18: =C18+Rd_Shift -> 1598.3801 | F18: =D18+Rd_Shift -> 1600.2864 | G18: 23.875949 | H18: -0.0009936393 | I18: 0 | J18: =MAX(0,MIN(F18,Prof_Sta1)-MAX(E18,Prof_Sta0)) -> 1.906237
B19: 4 | C19: 7.066377 | D19: 9.987911 | E19: =C19+Rd_Shift -> 1600.2864 | F19: =D19+Rd_Shift -> 1603.2079 | G19: 23.874055 | H19: 0.2241075 | I19: 0 | J19: =MAX(0,MIN(F19,Prof_Sta1)-MAX(E19,Prof_Sta0)) -> 2.921534
B20: 5 | C20: 9.987911 | D20: 10.251894 | E20: =C20+Rd_Shift -> 1603.2079 | F20: =D20+Rd_Shift -> 1603.4719 | G20: 24.528792 | H20: 0.075910206 | I20: 0 | J20: =MAX(0,MIN(F20,Prof_Sta1)-MAX(E20,Prof_Sta0)) -> 0.263983
B21: 6 | C21: 10.251894 | D21: 10.311918 | E21: =C21+Rd_Shift -> 1603.4719 | F21: =D21+Rd_Shift -> 1603.5319 | G21: 24.548831 | H21: 0.075910986 | I21: 0 | J21: =MAX(0,MIN(F21,Prof_Sta1)-MAX(E21,Prof_Sta0)) -> 0.060024
B22: 7 | C22: 10.311918 | D22: 10.384334 | E22: =C22+Rd_Shift -> 1603.5319 | F22: =D22+Rd_Shift -> 1603.6043 | G22: 24.553388 | H22: 0.07591031 | I22: 0 | J22: =MAX(0,MIN(F22,Prof_Sta1)-MAX(E22,Prof_Sta0)) -> 0.072416
B23: 8 | C23: 10.384334 | D23: 10.455045 | E23: =C23+Rd_Shift -> 1603.6043 | F23: =D23+Rd_Shift -> 1603.675 | G23: 24.558885 | H23: 0.075910679 | I23: 0 | J23: =MAX(0,MIN(F23,Prof_Sta1)-MAX(E23,Prof_Sta0)) -> 0.070711
B24: 9 | C24: 10.455045 | D24: 11.776173 | E24: =C24+Rd_Shift -> 1603.675 | F24: =D24+Rd_Shift -> 1604.9962 | G24: 24.564253 | H24: 0.075910456 | I24: 0 | J24: =MAX(0,MIN(F24,Prof_Sta1)-MAX(E24,Prof_Sta0)) -> 1.321128
B25: 10 | C25: 11.776173 | D25: 12.547203 | E25: =C25+Rd_Shift -> 1604.9962 | F25: =D25+Rd_Shift -> 1605.7672 | G25: 24.66454 | H25: -0.12065974 | I25: 0 | J25: =MAX(0,MIN(F25,Prof_Sta1)-MAX(E25,Prof_Sta0)) -> 0.77103
B26: 11 | C26: 12.547203 | D26: 14.670127 | E26: =C26+Rd_Shift -> 1605.7672 | F26: =D26+Rd_Shift -> 1607.8901 | G26: 24.571508 | H26: -0.048728383 | I26: 0 | J26: =MAX(0,MIN(F26,Prof_Sta1)-MAX(E26,Prof_Sta0)) -> 2.122924
B27: 12 | C27: 14.670127 | D27: 22.874307 | E27: =C27+Rd_Shift -> 1607.8901 | F27: =D27+Rd_Shift -> 1616.0943 | G27: 24.468061 | H27: -0.14289499 | I27: 0 | J27: =MAX(0,MIN(F27,Prof_Sta1)-MAX(E27,Prof_Sta0)) -> 8.20418
... B114: 99 | C114: 206.93518 | D114: 207.23189 | E114: =C114+Rd_Shift -> 1800.1552 | F114: =D114+Rd_Shift -> 1800.4519 | G114: 23.443254 | H114: 0.074108378 | I114: 0 | J114: =MAX(0,MIN(F114,Prof_Sta1)-MAX(E114,Prof_Sta0)) -> 0.296701
A116: C. Clearance on each roadway segment piece under a beam (exact minimum of a quadratic)
B117: Piece | C117: Span | D117: Seg | E117: s a | F117: s b | G117: s mid | H117: road a | I117: road mid | J117: road b | K117: bottom a | L117: bottom mid | M117: bottom b | N117: c a | O117: c mid | P117: c b | Q117: A | R117: B | S117: t* | T117: c* | U117: c min (ft) | V117: s at min (ft)
B118: 1 | C118: 1 | D118: 1 | E118: =MAX(E16,Sp1_Bm0) -> 1593.47 | F118: =MIN(F16,Sp1_Bm1) -> 1595.5568 | G118: =(E118+F118)/2 -> 1594.5134 | H118: =$G16+$H16*(E118-$E16)+$I16*(E118-$E16)^2 -> 24.018171 | I118: =$G16+$H16*(G118-$E16)+$I16*(G118-$E16)^2 -> 23.951226 | J118: =$G16+$H16*(F118-$E16)+$I16*(F118-$E16)^2 -> 23.88428 | K118: =(Sp1_ZA+(Sp1_ZB-Sp1_ZA)*((E118-Sp1_BrgA)/Sp1_Lb)-Sup_Drop+Sp1_C/3*((E118-Sp1_BrgA)/Sp1_Lb)*(1-((E118-Sp1_BrgA)/Sp1_Lb))+(MIN(Bm1_Raise,Bm2_Raise))/12) -> 43.947188 | L118: =(Sp1_ZA+(Sp1_ZB-Sp1_ZA)*((G118-Sp1_BrgA)/Sp1_Lb)-Sup_Drop+Sp1_C/3*((G118-Sp1_BrgA)/Sp1_Lb)*(1-((G118-Sp1_BrgA)/Sp1_Lb))+(MIN(Bm1_Raise,Bm2_Raise))/12) -> 43.952816 | M118: =(Sp1_ZA+(Sp1_ZB-Sp1_ZA)*((F118-Sp1_BrgA)/Sp1_Lb)-Sup_Drop+Sp1_C/3*((F118-Sp1_BrgA)/Sp1_Lb)*(1-((F118-Sp1_BrgA)/Sp1_Lb))+(MIN(Bm1_Raise,Bm2_Raise))/12) -> 43.958437 | N118: =K118-H118 -> 19.929017 | O118: =L118-I118 -> 20.001591 | P118: =M118-J118 -> 20.074156 | Q118: =2*(P118-2*O118+N118) -> -1.6256654e-05 | R118: =P118-N118-Q118 -> 0.14515561 | S118: =IF(Q118>0.000000000001,-R118/(2*Q118),-1) -> -1 | T118: =IF(AND(S118>0,S118<1),N118+R118*S118+Q118*S118^2,N118) -> 19.929017 | U118: =IF(F118>E118,MIN(N118,P118,T118),"") -> 19.929017 | V118: =IF(U118="","",IF(U118=N118,E118,IF(U118=P118,F118,E118+(F118-E118)*S118))) -> 1593.47
B119: 2 | C119: 1 | D119: 2 | E119: =MAX(E17,Sp1_Bm0) -> 1595.5568 | F119: =MIN(F17,Sp1_Bm1) -> 1598.3801 | G119: =(E119+F119)/2 -> 1596.9685 | H119: =$G17+$H17*(E119-$E17)+$I17*(E119-$E17)^2 -> 23.88428 | I119: =$G17+$H17*(G119-$E17)+$I17*(G119-$E17)^2 -> 23.880115 | J119: =$G17+$H17*(F119-$E17)+$I17*(F119-$E17)^2 -> 23.875949 | K119: =(Sp1_ZA+(Sp1_ZB-Sp1_ZA)*((E119-Sp1_BrgA)/Sp1_Lb)-Sup_Drop+Sp1_C/3*((E119-Sp1_BrgA)/Sp1_Lb)*(1-((E119-Sp1_BrgA)/Sp1_Lb))+(MIN(Bm1_Raise,Bm2_Raise))/12) -> 43.958437 | L119: =(Sp1_ZA+(Sp1_ZB-Sp1_ZA)*((G119-Sp1_BrgA)/Sp1_Lb)-Sup_Drop+Sp1_C/3*((G119-Sp1_BrgA)/Sp1_Lb)*(1-((G119-Sp1_BrgA)/Sp1_Lb))+(MIN(Bm1_Raise,Bm2_Raise))/12) -> 43.966028 | M119: =(Sp1_ZA+(Sp1_ZB-Sp1_ZA)*((F119-Sp1_BrgA)/Sp1_Lb)-Sup_Drop+Sp1_C/3*((F119-Sp1_BrgA)/Sp1_Lb)*(1-((F119-Sp1_BrgA)/Sp1_Lb))+(MIN(Bm1_Raise,Bm2_Raise))/12) -> 43.973604 | N119: =K119-H119 -> 20.074156 | O119: =L119-I119 -> 20.085913 | P119: =M119-J119 -> 20.097655 | Q119: =2*(P119-2*O119+N119) -> -2.9757808e-05 | R119: =P119-N119-Q119 -> 0.023528652 | S119: =IF(Q119>0.000000000001,-R119/(2*Q119),-1) -> -1 | T119: =IF(AND(S119>0,S119<1),N119+R119*S119+Q119*S119^2,N119) -> 20.074156 | U119: =IF(F119>E119,MIN(N119,P119,T119),"") -> 20.074156 | V119: =IF(U119="","",IF(U119=N119,E119,IF(U119=P119,F119,E119+(F119-E119)*S119))) -> 1595.5568
B120: 3 | C120: 1 | D120: 3 | E120: =MAX(E18,Sp1_Bm0) -> 1598.3801 | F120: =MIN(F18,Sp1_Bm1) -> 1600.2864 | G120: =(E120+F120)/2 -> 1599.3333 | H120: =$G18+$H18*(E120-$E18)+$I18*(E120-$E18)^2 -> 23.875949 | I120: =$G18+$H18*(G120-$E18)+$I18*(G120-$E18)^2 -> 23.875002 | J120: =$G18+$H18*(F120-$E18)+$I18*(F120-$E18)^2 -> 23.874055 | K120: =(Sp1_ZA+(Sp1_ZB-Sp1_ZA)*((E120-Sp1_BrgA)/Sp1_Lb)-Sup_Drop+Sp1_C/3*((E120-Sp1_BrgA)/Sp1_Lb)*(1-((E120-Sp1_BrgA)/Sp1_Lb))+(MIN(Bm1_Raise,Bm2_Raise))/12) -> 43.973604 | L120: =(Sp1_ZA+(Sp1_ZB-Sp1_ZA)*((G120-Sp1_BrgA)/Sp1_Lb)-Sup_Drop+Sp1_C/3*((G120-Sp1_BrgA)/Sp1_Lb)*(1-((G120-Sp1_BrgA)/Sp1_Lb))+(MIN(Bm1_Raise,Bm2_Raise))/12) -> 43.978711 | M120: =(Sp1_ZA+(Sp1_ZB-Sp1_ZA)*((F120-Sp1_BrgA)/Sp1_Lb)-Sup_Drop+Sp1_C/3*((F120-Sp1_BrgA)/Sp1_Lb)*(1-((F120-Sp1_BrgA)/Sp1_Lb))+(MIN(Bm1_Raise,Bm2_Raise))/12) -> 43.983811 | N120: =K120-H120 -> 20.097655 | O120: =L120-I120 -> 20.103709 | P120: =M120-J120 -> 20.109756 | Q120: =2*(P120-2*O120+N120) -> -1.35652e-05 | R120: =P120-N120-Q120 -> 0.012114452 | S120: =IF(Q120>0.000000000001,-R120/(2*Q120),-1) -> -1 | T120: =IF(AND(S120>0,S120<1),N120+R120*S120+Q120*S120^2,N120) -> 20.097655 | U120: =IF(F120>E120,MIN(N120,P120,T120),"") -> 20.097655 | V120: =IF(U120="","",IF(U120=N120,E120,IF(U120=P120,F120,E120+(F120-E120)*S120))) -> 1598.3801
B121: 4 | C121: 1 | D121: 4 | E121: =MAX(E19,Sp1_Bm0) -> 1600.2864 | F121: =MIN(F19,Sp1_Bm1) -> 1603.2079 | G121: =(E121+F121)/2 -> 1601.7471 | H121: =$G19+$H19*(E121-$E19)+$I19*(E121-$E19)^2 -> 23.874055 | I121: =$G19+$H19*(G121-$E19)+$I19*(G121-$E19)^2 -> 24.201423 | J121: =$G19+$H19*(F121-$E19)+$I19*(F121-$E19)^2 -> 24.528792 | K121: =(Sp1_ZA+(Sp1_ZB-Sp1_ZA)*((E121-Sp1_BrgA)/Sp1_Lb)-Sup_Drop+Sp1_C/3*((E121-Sp1_BrgA)/Sp1_Lb)*(1-((E121-Sp1_BrgA)/Sp1_Lb))+(MIN(Bm1_Raise,Bm2_Raise))/12) -> 43.983811 | L121: =(Sp1_ZA+(Sp1_ZB-Sp1_ZA)*((G121-Sp1_BrgA)/Sp1_Lb)-Sup_Drop+Sp1_C/3*((G121-Sp1_BrgA)/Sp1_Lb)*(1-((G121-Sp1_BrgA)/Sp1_Lb))+(MIN(Bm1_Raise,Bm2_Raise))/12) -> 43.991614 | M121: =(Sp1_ZA+(Sp1_ZB-Sp1_ZA)*((F121-Sp1_BrgA)/Sp1_Lb)-Sup_Drop+Sp1_C/3*((F121-Sp1_BrgA)/Sp1_Lb)*(1-((F121-Sp1_BrgA)/Sp1_Lb))+(MIN(Bm1_Raise,Bm2_Raise))/12) -> 43.999401 | N121: =K121-H121 -> 20.109756 | O121: =L121-I121 -> 19.79019 | P121: =M121-J121 -> 19.470609 | Q121: =2*(P121-2*O121+N121) -> -3.1863562e-05 | R121: =P121-N121-Q121 -> -0.63911538 | S121: =IF(Q121>0.000000000001,-R121/(2*Q121),-1) -> -1 | T121: =IF(AND(S121>0,S121<1),N121+R121*S121+Q121*S121^2,N121) -> 20.109756 | U121: =IF(F121>E121,MIN(N121,P121,T121),"") -> 19.470609 | V121: =IF(U121="","",IF(U121=N121,E121,IF(U121=P121,F121,E121+(F121-E121)*S121))) -> 1603.2079
B122: 5 | C122: 1 | D122: 5 | E122: =MAX(E20,Sp1_Bm0) -> 1603.2079 | F122: =MIN(F20,Sp1_Bm1) -> 1603.4719 | G122: =(E122+F122)/2 -> 1603.3399 | H122: =$G20+$H20*(E122-$E20)+$I20*(E122-$E20)^2 -> 24.528792 | I122: =$G20+$H20*(G122-$E20)+$I20*(G122-$E20)^2 -> 24.538812 | J122: =$G20+$H20*(F122-$E20)+$I20*(F122-$E20)^2 -> 24.548831 | K122: =(Sp1_ZA+(Sp1_ZB-Sp1_ZA)*((E122-Sp1_BrgA)/Sp1_Lb)-Sup_Drop+Sp1_C/3*((E122-Sp1_BrgA)/Sp1_Lb)*(1-((E122-Sp1_BrgA)/Sp1_Lb))+(MIN(Bm1_Raise,Bm2_Raise))/12) -> 43.999401 | L122: =(Sp1_ZA+(Sp1_ZB-Sp1_ZA)*((G122-Sp1_BrgA)/Sp1_Lb)-Sup_Drop+Sp1_C/3*((G122-Sp1_BrgA)/Sp1_Lb)*(1-((G122-Sp1_BrgA)/Sp1_Lb))+(MIN(Bm1_Raise,Bm2_Raise))/12) -> 44.000104 | M122: =(Sp1_ZA+(Sp1_ZB-Sp1_ZA)*((F122-Sp1_BrgA)/Sp1_Lb)-Sup_Drop+Sp1_C/3*((F122-Sp1_BrgA)/Sp1_Lb)*(1-((F122-Sp1_BrgA)/Sp1_Lb))+(MIN(Bm1_Raise,Bm2_Raise))/12) -> 44.000807 | N122: =K122-H122 -> 19.470609 | O122: =L122-I122 -> 19.461292 | P122: =M122-J122 -> 19.451975 | Q122: =2*(P122-2*O122+N122) -> -2.6015034e-07 | R122: =P122-N122-Q122 -> -0.018633168 | S122: =IF(Q122>0.000000000001,-R122/(2*Q122),-1) -> -1 | T122: =IF(AND(S122>0,S122<1),N122+R122*S122+Q122*S122^2,N122) -> 19.470609 | U122: =IF(F122>E122,MIN(N122,P122,T122),"") -> 19.451975 | V122: =IF(U122="","",IF(U122=N122,E122,IF(U122=P122,F122,E122+(F122-E122)*S122))) -> 1603.4719
B123: 6 | C123: 1 | D123: 6 | E123: =MAX(E21,Sp1_Bm0) -> 1603.4719 | F123: =MIN(F21,Sp1_Bm1) -> 1603.5319 | G123: =(E123+F123)/2 -> 1603.5019 | H123: =$G21+$H21*(E123-$E21)+$I21*(E123-$E21)^2 -> 24.548831 | I123: =$G21+$H21*(G123-$E21)+$I21*(G123-$E21)^2 -> 24.55111 | J123: =$G21+$H21*(F123-$E21)+$I21*(F123-$E21)^2 -> 24.553388 | K123: =(Sp1_ZA+(Sp1_ZB-Sp1_ZA)*((E123-Sp1_BrgA)/Sp1_Lb)-Sup_Drop+Sp1_C/3*((E123-Sp1_BrgA)/Sp1_Lb)*(1-((E123-Sp1_BrgA)/Sp1_Lb))+(MIN(Bm1_Raise,Bm2_Raise))/12) -> 44.000807 | L123: =(Sp1_ZA+(Sp1_ZB-Sp1_ZA)*((G123-Sp1_BrgA)/Sp1_Lb)-Sup_Drop+Sp1_C/3*((G123-Sp1_BrgA)/Sp1_Lb)*(1-((G123-Sp1_BrgA)/Sp1_Lb))+(MIN(Bm1_Raise,Bm2_Raise))/12) -> 44.000966 | M123: =(Sp1_ZA+(Sp1_ZB-Sp1_ZA)*((F123-Sp1_BrgA)/Sp1_Lb)-Sup_Drop+Sp1_C/3*((F123-Sp1_BrgA)/Sp1_Lb)*(1-((F123-Sp1_BrgA)/Sp1_Lb))+(MIN(Bm1_Raise,Bm2_Raise))/12) -> 44.001126 | N123: =K123-H123 -> 19.451975 | O123: =L123-I123 -> 19.449857 | P123: =M123-J123 -> 19.447738 | Q123: =2*(P123-2*O123+N123) -> -1.345002e-08 | R123: =P123-N123-Q123 -> -0.0042369426 | S123: =IF(Q123>0.000000000001,-R123/(2*Q123),-1) -> -1 | T123: =IF(AND(S123>0,S123<1),N123+R123*S123+Q123*S123^2,N123) -> 19.451975 | U123: =IF(F123>E123,MIN(N123,P123,T123),"") -> 19.447738 | V123: =IF(U123="","",IF(U123=N123,E123,IF(U123=P123,F123,E123+(F123-E123)*S123))) -> 1603.5319
B124: 7 | C124: 1 | D124: 7 | E124: =MAX(E22,Sp1_Bm0) -> 1603.5319 | F124: =MIN(F22,Sp1_Bm1) -> 1603.6043 | G124: =(E124+F124)/2 -> 1603.5681 | H124: =$G22+$H22*(E124-$E22)+$I22*(E124-$E22)^2 -> 24.553388 | I124: =$G22+$H22*(G124-$E22)+$I22*(G124-$E22)^2 -> 24.556136 | J124: =$G22+$H22*(F124-$E22)+$I22*(F124-$E22)^2 -> 24.558885 | K124: =(Sp1_ZA+(Sp1_ZB-Sp1_ZA)*((E124-Sp1_BrgA)/Sp1_Lb)-Sup_Drop+Sp1_C/3*((E124-Sp1_BrgA)/Sp1_Lb)*(1-((E124-Sp1_BrgA)/Sp1_Lb))+(MIN(Bm1_Raise,Bm2_Raise))/12) -> 44.001126 | L124: =(Sp1_ZA+(Sp1_ZB-Sp1_ZA)*((G124-Sp1_BrgA)/Sp1_Lb)-Sup_Drop+Sp1_C/3*((G124-Sp1_BrgA)/Sp1_Lb)*(1-((G124-Sp1_BrgA)/Sp1_Lb))+(MIN(Bm1_Raise,Bm2_Raise))/12) -> 44.001319 | M124: =(Sp1_ZA+(Sp1_ZB-Sp1_ZA)*((F124-Sp1_BrgA)/Sp1_Lb)-Sup_Drop+Sp1_C/3*((F124-Sp1_BrgA)/Sp1_Lb)*(1-((F124-Sp1_BrgA)/Sp1_Lb))+(MIN(Bm1_Raise,Bm2_Raise))/12) -> 44.001512 | N124: =K124-H124 -> 19.447738 | O124: =L124-I124 -> 19.445183 | P124: =M124-J124 -> 19.442627 | Q124: =2*(P124-2*O124+N124) -> -1.9576788e-08 | R124: =P124-N124-Q124 -> -0.0051116462 | S124: =IF(Q124>0.000000000001,-R124/(2*Q124),-1) -> -1 | T124: =IF(AND(S124>0,S124<1),N124+R124*S124+Q124*S124^2,N124) -> 19.447738 | U124: =IF(F124>E124,MIN(N124,P124,T124),"") -> 19.442627 | V124: =IF(U124="","",IF(U124=N124,E124,IF(U124=P124,F124,E124+(F124-E124)*S124))) -> 1603.6043
B125: 8 | C125: 1 | D125: 8 | E125: =MAX(E23,Sp1_Bm0) -> 1603.6043 | F125: =MIN(F23,Sp1_Bm1) -> 1603.675 | G125: =(E125+F125)/2 -> 1603.6397 | H125: =$G23+$H23*(E125-$E23)+$I23*(E125-$E23)^2 -> 24.558885 | I125: =$G23+$H23*(G125-$E23)+$I23*(G125-$E23)^2 -> 24.561569 | J125: =$G23+$H23*(F125-$E23)+$I23*(F125-$E23)^2 -> 24.564253 | K125: =(Sp1_ZA+(Sp1_ZB-Sp1_ZA)*((E125-Sp1_BrgA)/Sp1_Lb)-Sup_Drop+Sp1_C/3*((E125-Sp1_BrgA)/Sp1_Lb)*(1-((E125-Sp1_BrgA)/Sp1_Lb))+(MIN(Bm1_Raise,Bm2_Raise))/12) -> 44.001512 | L125: =(Sp1_ZA+(Sp1_ZB-Sp1_ZA)*((G125-Sp1_BrgA)/Sp1_Lb)-Sup_Drop+Sp1_C/3*((G125-Sp1_BrgA)/Sp1_Lb)*(1-((G125-Sp1_BrgA)/Sp1_Lb))+(MIN(Bm1_Raise,Bm2_Raise))/12) -> 44.0017 | M125: =(Sp1_ZA+(Sp1_ZB-Sp1_ZA)*((F125-Sp1_BrgA)/Sp1_Lb)-Sup_Drop+Sp1_C/3*((F125-Sp1_BrgA)/Sp1_Lb)*(1-((F125-Sp1_BrgA)/Sp1_Lb))+(MIN(Bm1_Raise,Bm2_Raise))/12) -> 44.001888 | N125: =K125-H125 -> 19.442627 | O125: =L125-I125 -> 19.440131 | P125: =M125-J125 -> 19.437635 | Q125: =2*(P125-2*O125+N125) -> -1.8665773e-08 | R125: =P125-N125-Q125 -> -0.0049913592 | S125: =IF(Q125>0.000000000001,-R125/(2*Q125),-1) -> -1 | T125: =IF(AND(S125>0,S125<1),N125+R125*S125+Q125*S125^2,N125) -> 19.442627 | U125: =IF(F125>E125,MIN(N125,P125,T125),"") -> 19.437635 | V125: =IF(U125="","",IF(U125=N125,E125,IF(U125=P125,F125,E125+(F125-E125)*S125))) -> 1603.675
B126: 9 | C126: 1 | D126: 9 | E126: =MAX(E24,Sp1_Bm0) -> 1603.675 | F126: =MIN(F24,Sp1_Bm1) -> 1604.9962 | G126: =(E126+F126)/2 -> 1604.3356 | H126: =$G24+$H24*(E126-$E24)+$I24*(E126-$E24)^2 -> 24.564253 | I126: =$G24+$H24*(G126-$E24)+$I24*(G126-$E24)^2 -> 24.614396 | J126: =$G24+$H24*(F126-$E24)+$I24*(F126-$E24)^2 -> 24.66454 | K126: =(Sp1_ZA+(Sp1_ZB-Sp1_ZA)*((E126-Sp1_BrgA)/Sp1_Lb)-Sup_Drop+Sp1_C/3*((E126-Sp1_BrgA)/Sp1_Lb)*(1-((E126-Sp1_BrgA)/Sp1_Lb))+(MIN(Bm1_Raise,Bm2_Raise))/12) -> 44.001888 | L126: =(Sp1_ZA+(Sp1_ZB-Sp1_ZA)*((G126-Sp1_BrgA)/Sp1_Lb)-Sup_Drop+Sp1_C/3*((G126-Sp1_BrgA)/Sp1_Lb)*(1-((G126-Sp1_BrgA)/Sp1_Lb))+(MIN(Bm1_Raise,Bm2_Raise))/12) -> 44.005402 | M126: =(Sp1_ZA+(Sp1_ZB-Sp1_ZA)*((F126-Sp1_BrgA)/Sp1_Lb)-Sup_Drop+Sp1_C/3*((F126-Sp1_BrgA)/Sp1_Lb)*(1-((F126-Sp1_BrgA)/Sp1_Lb))+(MIN(Bm1_Raise,Bm2_Raise))/12) -> 44.008912 | N126: =K126-H126 -> 19.437635 | O126: =L126-I126 -> 19.391006 | P126: =M126-J126 -> 19.344372 | Q126: =2*(P126-2*O126+N126) -> -6.5157171e-06 | R126: =P126-N126-Q126 -> -0.093256395 | S126: =IF(Q126>0.000000000001,-R126/(2*Q126),-1) -> -1 | T126: =IF(AND(S126>0,S126<1),N126+R126*S126+Q126*S126^2,N126) -> 19.437635 | U126: =IF(F126>E126,MIN(N126,P126,T126),"") -> 19.344372 | V126: =IF(U126="","",IF(U126=N126,E126,IF(U126=P126,F126,E126+(F126-E126)*S126))) -> 1604.9962
B127: 10 | C127: 1 | D127: 10 | E127: =MAX(E25,Sp1_Bm0) -> 1604.9962 | F127: =MIN(F25,Sp1_Bm1) -> 1605.7672 | G127: =(E127+F127)/2 -> 1605.3817 | H127: =$G25+$H25*(E127-$E25)+$I25*(E127-$E25)^2 -> 24.66454 | I127: =$G25+$H25*(G127-$E25)+$I25*(G127-$E25)^2 -> 24.618024 | J127: =$G25+$H25*(F127-$E25)+$I25*(F127-$E25)^2 -> 24.571508 | K127: =(Sp1_ZA+(Sp1_ZB-Sp1_ZA)*((E127-Sp1_BrgA)/Sp1_Lb)-Sup_Drop+Sp1_C/3*((E127-Sp1_BrgA)/Sp1_Lb)*(1-((E127-Sp1_BrgA)/Sp1_Lb))+(MIN(Bm1_Raise,Bm2_Raise))/12) -> 44.008912 | L127: =(Sp1_ZA+(Sp1_ZB-Sp1_ZA)*((G127-Sp1_BrgA)/Sp1_Lb)-Sup_Drop+Sp1_C/3*((G127-Sp1_BrgA)/Sp1_Lb)*(1-((G127-Sp1_BrgA)/Sp1_Lb))+(MIN(Bm1_Raise,Bm2_Raise))/12) -> 44.01096 | M127: =(Sp1_ZA+(Sp1_ZB-Sp1_ZA)*((F127-Sp1_BrgA)/Sp1_Lb)-Sup_Drop+Sp1_C/3*((F127-Sp1_BrgA)/Sp1_Lb)*(1-((F127-Sp1_BrgA)/Sp1_Lb))+(MIN(Bm1_Raise,Bm2_Raise))/12) -> 44.013006 | N127: =K127-H127 -> 19.344372 | O127: =L127-I127 -> 19.392936 | P127: =M127-J127 -> 19.441498 | Q127: =2*(P127-2*O127+N127) -> -2.2192947e-06 | R127: =P127-N127-Q127 -> 0.097128088 | S127: =IF(Q127>0.000000000001,-R127/(2*Q127),-1) -> -1 | T127: =IF(AND(S127>0,S127<1),N127+R127*S127+Q127*S127^2,N127) -> 19.344372 | U127: =IF(F127>E127,MIN(N127,P127,T127),"") -> 19.344372 | V127: =IF(U127="","",IF(U127=N127,E127,IF(U127=P127,F127,E127+(F127-E127)*S127))) -> 1604.9962
B128: 11 | C128: 1 | D128: 11 | E128: =MAX(E26,Sp1_Bm0) -> 1605.7672 | F128: =MIN(F26,Sp1_Bm1) -> 1607.8901 | G128: =(E128+F128)/2 -> 1606.8287 | H128: =$G26+$H26*(E128-$E26)+$I26*(E128-$E26)^2 -> 24.571508 | I128: =$G26+$H26*(G128-$E26)+$I26*(G128-$E26)^2 -> 24.519784 | J128: =$G26+$H26*(F128-$E26)+$I26*(F128-$E26)^2 -> 24.468061 | K128: =(Sp1_ZA+(Sp1_ZB-Sp1_ZA)*((E128-Sp1_BrgA)/Sp1_Lb)-Sup_Drop+Sp1_C/3*((E128-Sp1_BrgA)/Sp1_Lb)*(1-((E128-Sp1_BrgA)/Sp1_Lb))+(MIN(Bm1_Raise,Bm2_Raise))/12) -> 44.013006 | L128: =(Sp1_ZA+(Sp1_ZB-Sp1_ZA)*((G128-Sp1_BrgA)/Sp1_Lb)-Sup_Drop+Sp1_C/3*((G128-Sp1_BrgA)/Sp1_Lb)*(1-((G128-Sp1_BrgA)/Sp1_Lb))+(MIN(Bm1_Raise,Bm2_Raise))/12) -> 44.018634 | M128: =(Sp1_ZA+(Sp1_ZB-Sp1_ZA)*((F128-Sp1_BrgA)/Sp1_Lb)-Sup_Drop+Sp1_C/3*((F128-Sp1_BrgA)/Sp1_Lb)*(1-((F128-Sp1_BrgA)/Sp1_Lb))+(MIN(Bm1_Raise,Bm2_Raise))/12) -> 44.024254 | N128: =K128-H128 -> 19.441498 | O128: =L128-I128 -> 19.49885 | P128: =M128-J128 -> 19.556193 | Q128: =2*(P128-2*O128+N128) -> -1.6824467e-05 | R128: =P128-N128-Q128 -> 0.11471168 | S128: =IF(Q128>0.000000000001,-R128/(2*Q128),-1) -> -1 | T128: =IF(AND(S128>0,S128<1),N128+R128*S128+Q128*S128^2,N128) -> 19.441498 | U128: =IF(F128>E128,MIN(N128,P128,T128),"") -> 19.441498 | V128: =IF(U128="","",IF(U128=N128,E128,IF(U128=P128,F128,E128+(F128-E128)*S128))) -> 1605.7672
B129: 12 | C129: 1 | D129: 12 | E129: =MAX(E27,Sp1_Bm0) -> 1607.8901 | F129: =MIN(F27,Sp1_Bm1) -> 1616.0943 | G129: =(E129+F129)/2 -> 1611.9922 | H129: =$G27+$H27*(E129-$E27)+$I27*(E129-$E27)^2 -> 24.468061 | I129: =$G27+$H27*(G129-$E27)+$I27*(G129-$E27)^2 -> 23.881893 | J129: =$G27+$H27*(F129-$E27)+$I27*(F129-$E27)^2 -> 23.295725 | K129: =(Sp1_ZA+(Sp1_ZB-Sp1_ZA)*((E129-Sp1_BrgA)/Sp1_Lb)-Sup_Drop+Sp1_C/3*((E129-Sp1_BrgA)/Sp1_Lb)*(1-((E129-Sp1_BrgA)/Sp1_Lb))+(MIN(Bm1_Raise,Bm2_Raise))/12) -> 44.024254 | L129: =(Sp1_ZA+(Sp1_ZB-Sp1_ZA)*((G129-Sp1_BrgA)/Sp1_Lb)-Sup_Drop+Sp1_C/3*((G129-Sp1_BrgA)/Sp1_Lb)*(1-((G129-Sp1_BrgA)/Sp1_Lb))+(MIN(Bm1_Raise,Bm2_Raise))/12) -> 44.045894 | M129: =(Sp1_ZA+(Sp1_ZB-Sp1_ZA)*((F129-Sp1_BrgA)/Sp1_Lb)-Sup_Drop+Sp1_C/3*((F129-Sp1_BrgA)/Sp1_Lb)*(1-((F129-Sp1_BrgA)/Sp1_Lb))+(MIN(Bm1_Raise,Bm2_Raise))/12) -> 44.067407 | N129: =K129-H129 -> 19.556193 | O129: =L129-I129 -> 20.164001 | P129: =M129-J129 -> 20.771683 | Q129: =2*(P129-2*O129+N129) -> -0.00025127124 | R129: =P129-N129-Q129 -> 1.2157406 | S129: =IF(Q129>0.000000000001,-R129/(2*Q129),-1) -> -1 | T129: =IF(AND(S129>0,S129<1),N129+R129*S129+Q129*S129^2,N129) -> 19.556193 | U129: =IF(F129>E129,MIN(N129,P129,T129),"") -> 19.556193 | V129: =IF(U129="","",IF(U129=N129,E129,IF(U129=P129,F129,E129+(F129-E129)*S129))) -> 1607.8901
... B170: 53 | C170: 1 | D170: 53 | E170: =MAX(E68,Sp1_Bm0) -> 1699.4623 | F170: =MIN(F68,Sp1_Bm1) -> 1700.445 | G170: =(E170+F170)/2 -> 1699.9537 | H170: =$G68+$H68*(E170-$E68)+$I68*(E170-$E68)^2 -> 26.115846 | I170: =$G68+$H68*(G170-$E68)+$I68*(G170-$E68)^2 -> 26.087671 | J170: =$G68+$H68*(F170-$E68)+$I68*(F170-$E68)^2 -> 26.059497 | K170: =(Sp1_ZA+(Sp1_ZB-Sp1_ZA)*((E170-Sp1_BrgA)/Sp1_Lb)-Sup_Drop+Sp1_C/3*((E170-Sp1_BrgA)/Sp1_Lb)*(1-((E170-Sp1_BrgA)/Sp1_Lb))+(MIN(Bm1_Raise,Bm2_Raise))/12) -> 44.477415 | L170: =(Sp1_ZA+(Sp1_ZB-Sp1_ZA)*((G170-Sp1_BrgA)/Sp1_Lb)-Sup_Drop+Sp1_C/3*((G170-Sp1_BrgA)/Sp1_Lb)*(1-((G170-Sp1_BrgA)/Sp1_Lb))+(MIN(Bm1_Raise,Bm2_Raise))/12) -> 44.479678 | M170: =(Sp1_ZA+(Sp1_ZB-Sp1_ZA)*((F170-Sp1_BrgA)/Sp1_Lb)-Sup_Drop+Sp1_C/3*((F170-Sp1_BrgA)/Sp1_Lb)*(1-((F170-Sp1_BrgA)/Sp1_Lb))+(MIN(Bm1_Raise,Bm2_Raise))/12) -> 44.481938 | N170: =K170-H170 -> 18.361569 | O170: =L170-I170 -> 18.392006 | P170: =M170-J170 -> 18.422442 | Q170: =2*(P170-2*O170+N170) -> -3.6048625e-06 | R170: =P170-N170-Q170 -> 0.060876314 | S170: =IF(Q170>0.000000000001,-R170/(2*Q170),-1) -> -1 | T170: =IF(AND(S170>0,S170<1),N170+R170*S170+Q170*S170^2,N170) -> 18.361569 | U170: =IF(F170>E170,MIN(N170,P170,T170),"") -> 18.361569 | V170: =IF(U170="","",IF(U170=N170,E170,IF(U170=P170,F170,E170+(F170-E170)*S170))) -> 1699.4623
B171: 54 | C171: 2 | D171: 53 | E171: =MAX(E68,Sp2_Bm0) -> 1700.695 | F171: =MIN(F68,Sp2_Bm1) -> 1700.7946 | G171: =(E171+F171)/2 -> 1700.7448 | H171: =$G68+$H68*(E171-$E68)+$I68*(E171-$E68)^2 -> 26.045161 | I171: =$G68+$H68*(G171-$E68)+$I68*(G171-$E68)^2 -> 26.042306 | J171: =$G68+$H68*(F171-$E68)+$I68*(F171-$E68)^2 -> 26.039451 | K171: =(Sp2_ZA+(Sp2_ZB-Sp2_ZA)*((E171-Sp2_BrgA)/Sp2_Lb)-Sup_Drop+Sp2_C/3*((E171-Sp2_BrgA)/Sp2_Lb)*(1-((E171-Sp2_BrgA)/Sp2_Lb))+(MIN(Bm1_Raise,Bm2_Raise))/12) -> 44.480849 | L171: =(Sp2_ZA+(Sp2_ZB-Sp2_ZA)*((G171-Sp2_BrgA)/Sp2_Lb)-Sup_Drop+Sp2_C/3*((G171-Sp2_BrgA)/Sp2_Lb)*(1-((G171-Sp2_BrgA)/Sp2_Lb))+(MIN(Bm1_Raise,Bm2_Raise))/12) -> 44.480693 | M171: =(Sp2_ZA+(Sp2_ZB-Sp2_ZA)*((F171-Sp2_BrgA)/Sp2_Lb)-Sup_Drop+Sp2_C/3*((F171-Sp2_BrgA)/Sp2_Lb)*(1-((F171-Sp2_BrgA)/Sp2_Lb))+(MIN(Bm1_Raise,Bm2_Raise))/12) -> 44.480536 | N171: =K171-H171 -> 18.435688 | O171: =L171-I171 -> 18.438387 | P171: =M171-J171 -> 18.441086 | Q171: =2*(P171-2*O171+N171) -> -1.76625e-07 | R171: =P171-N171-Q171 -> 0.0053975954 | S171: =IF(Q171>0.000000000001,-R171/(2*Q171),-1) -> -1 | T171: =IF(AND(S171>0,S171<1),N171+R171*S171+Q171*S171^2,N171) -> 18.435688 | U171: =IF(F171>E171,MIN(N171,P171,T171),"") -> 18.435688 | V171: =IF(U171="","",IF(U171=N171,E171,IF(U171=P171,F171,E171+(F171-E171)*S171))) -> 1700.695
B172: 55 | C172: 2 | D172: 54 | E172: =MAX(E69,Sp2_Bm0) -> 1700.7946 | F172: =MIN(F69,Sp2_Bm1) -> 1701.6894 | G172: =(E172+F172)/2 -> 1701.242 | H172: =$G69+$H69*(E172-$E69)+$I69*(E172-$E69)^2 -> 26.039451 | I172: =$G69+$H69*(G172-$E69)+$I69*(G172-$E69)^2 -> 26.009951 | J172: =$G69+$H69*(F172-$E69)+$I69*(F172-$E69)^2 -> 25.980451 | K172: =(Sp2_ZA+(Sp2_ZB-Sp2_ZA)*((E172-Sp2_BrgA)/Sp2_Lb)-Sup_Drop+Sp2_C/3*((E172-Sp2_BrgA)/Sp2_Lb)*(1-((E172-Sp2_BrgA)/Sp2_Lb))+(MIN(Bm1_Raise,Bm2_Raise))/12) -> 44.480536 | L172: =(Sp2_ZA+(Sp2_ZB-Sp2_ZA)*((G172-Sp2_BrgA)/Sp2_Lb)-Sup_Drop+Sp2_C/3*((G172-Sp2_BrgA)/Sp2_Lb)*(1-((G172-Sp2_BrgA)/Sp2_Lb))+(MIN(Bm1_Raise,Bm2_Raise))/12) -> 44.479127 | M172: =(Sp2_ZA+(Sp2_ZB-Sp2_ZA)*((F172-Sp2_BrgA)/Sp2_Lb)-Sup_Drop+Sp2_C/3*((F172-Sp2_BrgA)/Sp2_Lb)*(1-((F172-Sp2_BrgA)/Sp2_Lb))+(MIN(Bm1_Raise,Bm2_Raise))/12) -> 44.47771 | N172: =K172-H172 -> 18.441086 | O172: =L172-I172 -> 18.469176 | P172: =M172-J172 -> 18.497259 | Q172: =2*(P172-2*O172+N172) -> -1.4260494e-05 | R172: =P172-N172-Q172 -> 0.056187188 | S172: =IF(Q172>0.000000000001,-R172/(2*Q172),-1) -> -1 | T172: =IF(AND(S172>0,S172<1),N172+R172*S172+Q172*S172^2,N172) -> 18.441086 | U172: =IF(F172>E172,MIN(N172,P172,T172),"") -> 18.441086 | V172: =IF(U172="","",IF(U172=N172,E172,IF(U172=P172,F172,E172+(F172-E172)*S172))) -> 1700.7946
B173: 56 | C173: 2 | D173: 55 | E173: =MAX(E70,Sp2_Bm0) -> 1701.6894 | F173: =MIN(F70,Sp2_Bm1) -> 1702.5411 | G173: =(E173+F173)/2 -> 1702.1152 | H173: =$G70+$H70*(E173-$E70)+$I70*(E173-$E70)^2 -> 25.980451 | I173: =$G70+$H70*(G173-$E70)+$I70*(G173-$E70)^2 -> 25.975498 | J173: =$G70+$H70*(F173-$E70)+$I70*(F173-$E70)^2 -> 25.970545 | K173: =(Sp2_ZA+(Sp2_ZB-Sp2_ZA)*((E173-Sp2_BrgA)/Sp2_Lb)-Sup_Drop+Sp2_C/3*((E173-Sp2_BrgA)/Sp2_Lb)*(1-((E173-Sp2_BrgA)/Sp2_Lb))+(MIN(Bm1_Raise,Bm2_Raise))/12) -> 44.47771 | L173: =(Sp2_ZA+(Sp2_ZB-Sp2_ZA)*((G173-Sp2_BrgA)/Sp2_Lb)-Sup_Drop+Sp2_C/3*((G173-Sp2_BrgA)/Sp2_Lb)*(1-((G173-Sp2_BrgA)/Sp2_Lb))+(MIN(Bm1_Raise,Bm2_Raise))/12) -> 44.476355 | M173: =(Sp2_ZA+(Sp2_ZB-Sp2_ZA)*((F173-Sp2_BrgA)/Sp2_Lb)-Sup_Drop+Sp2_C/3*((F173-Sp2_BrgA)/Sp2_Lb)*(1-((F173-Sp2_BrgA)/Sp2_Lb))+(MIN(Bm1_Raise,Bm2_Raise))/12) -> 44.474993 | N173: =K173-H173 -> 18.497259 | O173: =L173-I173 -> 18.500857 | P173: =M173-J173 -> 18.504448 | Q173: =2*(P173-2*O173+N173) -> -1.2921283e-05 | R173: =P173-N173-Q173 -> 0.0072026105 | S173: =IF(Q173>0.000000000001,-R173/(2*Q173),-1) -> -1 | T173: =IF(AND(S173>0,S173<1),N173+R173*S173+Q173*S173^2,N173) -> 18.497259 | U173: =IF(F173>E173,MIN(N173,P173,T173),"") -> 18.497259 | V173: =IF(U173="","",IF(U173=N173,E173,IF(U173=P173,F173,E173+(F173-E173)*S173))) -> 1701.6894
B174: 57 | C174: 2 | D174: 56 | E174: =MAX(E71,Sp2_Bm0) -> 1702.5411 | F174: =MIN(F71,Sp2_Bm1) -> 1704.865 | G174: =(E174+F174)/2 -> 1703.703 | H174: =$G71+$H71*(E174-$E71)+$I71*(E174-$E71)^2 -> 25.970545 | I174: =$G71+$H71*(G174-$E71)+$I71*(G174-$E71)^2 -> 25.967311 | J174: =$G71+$H71*(F174-$E71)+$I71*(F174-$E71)^2 -> 25.964078 | K174: =(Sp2_ZA+(Sp2_ZB-Sp2_ZA)*((E174-Sp2_BrgA)/Sp2_Lb)-Sup_Drop+Sp2_C/3*((E174-Sp2_BrgA)/Sp2_Lb)*(1-((E174-Sp2_BrgA)/Sp2_Lb))+(MIN(Bm1_Raise,Bm2_Raise))/12) -> 44.474993 | L174: =(Sp2_ZA+(Sp2_ZB-Sp2_ZA)*((G174-Sp2_BrgA)/Sp2_Lb)-Sup_Drop+Sp2_C/3*((G174-Sp2_BrgA)/Sp2_Lb)*(1-((G174-Sp2_BrgA)/Sp2_Lb))+(MIN(Bm1_Raise,Bm2_Raise))/12) -> 44.471245 | M174: =(Sp2_ZA+(Sp2_ZB-Sp2_ZA)*((F174-Sp2_BrgA)/Sp2_Lb)-Sup_Drop+Sp2_C/3*((F174-Sp2_BrgA)/Sp2_Lb)*(1-((F174-Sp2_BrgA)/Sp2_Lb))+(MIN(Bm1_Raise,Bm2_Raise))/12) -> 44.467448 | N174: =K174-H174 -> 18.504448 | O174: =L174-I174 -> 18.503933 | P174: =M174-J174 -> 18.50337 | Q174: =2*(P174-2*O174+N174) -> -9.619466e-05 | R174: =P174-N174-Q174 -> -0.00098231714 | S174: =IF(Q174>0.000000000001,-R174/(2*Q174),-1) -> -1 | T174: =IF(AND(S174>0,S174<1),N174+R174*S174+Q174*S174^2,N174) -> 18.504448 | U174: =IF(F174>E174,MIN(N174,P174,T174),"") -> 18.50337 | V174: =IF(U174="","",IF(U174=N174,E174,IF(U174=P174,F174,E174+(F174-E174)*S174))) -> 1704.865
B175: 58 | C175: 2 | D175: 57 | E175: =MAX(E72,Sp2_Bm0) -> 1704.865 | F175: =MIN(F72,Sp2_Bm1) -> 1705.6839 | G175: =(E175+F175)/2 -> 1705.2745 | H175: =$G72+$H72*(E175-$E72)+$I72*(E175-$E72)^2 -> 25.964078 | I175: =$G72+$H72*(G175-$E72)+$I72*(G175-$E72)^2 -> 25.955981 | J175: =$G72+$H72*(F175-$E72)+$I72*(F175-$E72)^2 -> 25.947884 | K175: =(Sp2_ZA+(Sp2_ZB-Sp2_ZA)*((E175-Sp2_BrgA)/Sp2_Lb)-Sup_Drop+Sp2_C/3*((E175-Sp2_BrgA)/Sp2_Lb)*(1-((E175-Sp2_BrgA)/Sp2_Lb))+(MIN(Bm1_Raise,Bm2_Raise))/12) -> 44.467448 | L175: =(Sp2_ZA+(Sp2_ZB-Sp2_ZA)*((G175-Sp2_BrgA)/Sp2_Lb)-Sup_Drop+Sp2_C/3*((G175-Sp2_BrgA)/Sp2_Lb)*(1-((G175-Sp2_BrgA)/Sp2_Lb))+(MIN(Bm1_Raise,Bm2_Raise))/12) -> 44.466099 | M175: =(Sp2_ZA+(Sp2_ZB-Sp2_ZA)*((F175-Sp2_BrgA)/Sp2_Lb)-Sup_Drop+Sp2_C/3*((F175-Sp2_BrgA)/Sp2_Lb)*(1-((F175-Sp2_BrgA)/Sp2_Lb))+(MIN(Bm1_Raise,Bm2_Raise))/12) -> 44.464744 | N175: =K175-H175 -> 18.50337 | O175: =L175-I175 -> 18.510118 | P175: =M175-J175 -> 18.516859 | Q175: =2*(P175-2*O175+N175) -> -1.1944691e-05 | R175: =P175-N175-Q175 -> 0.013501326 | S175: =IF(Q175>0.000000000001,-R175/(2*Q175),-1) -> -1 | T175: =IF(AND(S175>0,S175<1),N175+R175*S175+Q175*S175^2,N175) -> 18.50337 | U175: =IF(F175>E175,MIN(N175,P175,T175),"") -> 18.50337 | V175: =IF(U175="","",IF(U175=N175,E175,IF(U175=P175,F175,E175+(F175-E175)*S175))) -> 1704.865
B176: 59 | C176: 2 | D176: 58 | E176: =MAX(E73,Sp2_Bm0) -> 1705.6839 | F176: =MIN(F73,Sp2_Bm1) -> 1706.749 | G176: =(E176+F176)/2 -> 1706.2165 | H176: =$G73+$H73*(E176-$E73)+$I73*(E176-$E73)^2 -> 25.947884 | I176: =$G73+$H73*(G176-$E73)+$I73*(G176-$E73)^2 -> 25.954983 | J176: =$G73+$H73*(F176-$E73)+$I73*(F176-$E73)^2 -> 25.962082 | K176: =(Sp2_ZA+(Sp2_ZB-Sp2_ZA)*((E176-Sp2_BrgA)/Sp2_Lb)-Sup_Drop+Sp2_C/3*((E176-Sp2_BrgA)/Sp2_Lb)*(1-((E176-Sp2_BrgA)/Sp2_Lb))+(MIN(Bm1_Raise,Bm2_Raise))/12) -> 44.464744 | L176: =(Sp2_ZA+(Sp2_ZB-Sp2_ZA)*((G176-Sp2_BrgA)/Sp2_Lb)-Sup_Drop+Sp2_C/3*((G176-Sp2_BrgA)/Sp2_Lb)*(1-((G176-Sp2_BrgA)/Sp2_Lb))+(MIN(Bm1_Raise,Bm2_Raise))/12) -> 44.462972 | M176: =(Sp2_ZA+(Sp2_ZB-Sp2_ZA)*((F176-Sp2_BrgA)/Sp2_Lb)-Sup_Drop+Sp2_C/3*((F176-Sp2_BrgA)/Sp2_Lb)*(1-((F176-Sp2_BrgA)/Sp2_Lb))+(MIN(Bm1_Raise,Bm2_Raise))/12) -> 44.46119 | N176: =K176-H176 -> 18.516859 | O176: =L176-I176 -> 18.507989 | P176: =M176-J176 -> 18.499109 | Q176: =2*(P176-2*O176+N176) -> -2.0207562e-05 | R176: =P176-N176-Q176 -> -0.017730552 | S176: =IF(Q176>0.000000000001,-R176/(2*Q176),-1) -> -1 | T176: =IF(AND(S176>0,S176<1),N176+R176*S176+Q176*S176^2,N176) -> 18.516859 | U176: =IF(F176>E176,MIN(N176,P176,T176),"") -> 18.499109 | V176: =IF(U176="","",IF(U176=N176,E176,IF(U176=P176,F176,E176+(F176-E176)*S176))) -> 1706.749
B177: 60 | C177: 2 | D177: 59 | E177: =MAX(E74,Sp2_Bm0) -> 1706.749 | F177: =MIN(F74,Sp2_Bm1) -> 1708.3888 | G177: =(E177+F177)/2 -> 1707.5689 | H177: =$G74+$H74*(E177-$E74)+$I74*(E177-$E74)^2 -> 25.962082 | I177: =$G74+$H74*(G177-$E74)+$I74*(G177-$E74)^2 -> 25.926245 | J177: =$G74+$H74*(F177-$E74)+$I74*(F177-$E74)^2 -> 25.890408 | K177: =(Sp2_ZA+(Sp2_ZB-Sp2_ZA)*((E177-Sp2_BrgA)/Sp2_Lb)-Sup_Drop+Sp2_C/3*((E177-Sp2_BrgA)/Sp2_Lb)*(1-((E177-Sp2_BrgA)/Sp2_Lb))+(MIN(Bm1_Raise,Bm2_Raise))/12) -> 44.46119 | L177: =(Sp2_ZA+(Sp2_ZB-Sp2_ZA)*((G177-Sp2_BrgA)/Sp2_Lb)-Sup_Drop+Sp2_C/3*((G177-Sp2_BrgA)/Sp2_Lb)*(1-((G177-Sp2_BrgA)/Sp2_Lb))+(MIN(Bm1_Raise,Bm2_Raise))/12) -> 44.458428 | M177: =(Sp2_ZA+(Sp2_ZB-Sp2_ZA)*((F177-Sp2_BrgA)/Sp2_Lb)-Sup_Drop+Sp2_C/3*((F177-Sp2_BrgA)/Sp2_Lb)*(1-((F177-Sp2_BrgA)/Sp2_Lb))+(MIN(Bm1_Raise,Bm2_Raise))/12) -> 44.455641 | N177: =K177-H177 -> 18.499109 | O177: =L177-I177 -> 18.532183 | P177: =M177-J177 -> 18.565233 | Q177: =2*(P177-2*O177+N177) -> -4.7891844e-05 | R177: =P177-N177-Q177 -> 0.066172291 | S177: =IF(Q177>0.000000000001,-R177/(2*Q177),-1) -> -1 | T177: =IF(AND(S177>0,S177<1),N177+R177*S177+Q177*S177^2,N177) -> 18.499109 | U177: =IF(F177>E177,MIN(N177,P177,T177),"") -> 18.499109 | V177: =IF(U177="","",IF(U177=N177,E177,IF(U177=P177,F177,E177+(F177-E177)*S177))) -> 1706.749
B178: 61 | C178: 2 | D178: 60 | E178: =MAX(E75,Sp2_Bm0) -> 1708.3888 | F178: =MIN(F75,Sp2_Bm1) -> 1708.8392 | G178: =(E178+F178)/2 -> 1708.614 | H178: =$G75+$H75*(E178-$E75)+$I75*(E178-$E75)^2 -> 25.890408 | I178: =$G75+$H75*(G178-$E75)+$I75*(G178-$E75)^2 -> 25.881867 | J178: =$G75+$H75*(F178-$E75)+$I75*(F178-$E75)^2 -> 25.873326 | K178: =(Sp2_ZA+(Sp2_ZB-Sp2_ZA)*((E178-Sp2_BrgA)/Sp2_Lb)-Sup_Drop+Sp2_C/3*((E178-Sp2_BrgA)/Sp2_Lb)*(1-((E178-Sp2_BrgA)/Sp2_Lb))+(MIN(Bm1_Raise,Bm2_Raise))/12) -> 44.455641 | L178: =(Sp2_ZA+(Sp2_ZB-Sp2_ZA)*((G178-Sp2_BrgA)/Sp2_Lb)-Sup_Drop+Sp2_C/3*((G178-Sp2_BrgA)/Sp2_Lb)*(1-((G178-Sp2_BrgA)/Sp2_Lb))+(MIN(Bm1_Raise,Bm2_Raise))/12) -> 44.454871 | M178: =(Sp2_ZA+(Sp2_ZB-Sp2_ZA)*((F178-Sp2_BrgA)/Sp2_Lb)-Sup_Drop+Sp2_C/3*((F178-Sp2_BrgA)/Sp2_Lb)*(1-((F178-Sp2_BrgA)/Sp2_Lb))+(MIN(Bm1_Raise,Bm2_Raise))/12) -> 44.4541 | N178: =K178-H178 -> 18.565233 | O178: =L178-I178 -> 18.573004 | P178: =M178-J178 -> 18.580774 | Q178: =2*(P178-2*O178+N178) -> -3.6143e-06 | R178: =P178-N178-Q178 -> 0.015544222 | S178: =IF(Q178>0.000000000001,-R178/(2*Q178),-1) -> -1 | T178: =IF(AND(S178>0,S178<1),N178+R178*S178+Q178*S178^2,N178) -> 18.565233 | U178: =IF(F178>E178,MIN(N178,P178,T178),"") -> 18.565233 | V178: =IF(U178="","",IF(U178=N178,E178,IF(U178=P178,F178,E178+(F178-E178)*S178))) -> 1708.3888
B179: 62 | C179: 2 | D179: 61 | E179: =MAX(E76,Sp2_Bm0) -> 1708.8392 | F179: =MIN(F76,Sp2_Bm1) -> 1708.9785 | G179: =(E179+F179)/2 -> 1708.9089 | H179: =$G76+$H76*(E179-$E76)+$I76*(E179-$E76)^2 -> 25.873326 | I179: =$G76+$H76*(G179-$E76)+$I76*(G179-$E76)^2 -> 25.872365 | J179: =$G76+$H76*(F179-$E76)+$I76*(F179-$E76)^2 -> 25.871404 | K179: =(Sp2_ZA+(Sp2_ZB-Sp2_ZA)*((E179-Sp2_BrgA)/Sp2_Lb)-Sup_Drop+Sp2_C/3*((E179-Sp2_BrgA)/Sp2_Lb)*(1-((E179-Sp2_BrgA)/Sp2_Lb))+(MIN(Bm1_Raise,Bm2_Raise))/12) -> 44.4541 | L179: =(Sp2_ZA+(Sp2_ZB-Sp2_ZA)*((G179-Sp2_BrgA)/Sp2_Lb)-Sup_Drop+Sp2_C/3*((G179-Sp2_BrgA)/Sp2_Lb)*(1-((G179-Sp2_BrgA)/Sp2_Lb))+(MIN(Bm1_Raise,Bm2_Raise))/12) -> 44.453861 | M179: =(Sp2_ZA+(Sp2_ZB-Sp2_ZA)*((F179-Sp2_BrgA)/Sp2_Lb)-Sup_Drop+Sp2_C/3*((F179-Sp2_BrgA)/Sp2_Lb)*(1-((F179-Sp2_BrgA)/Sp2_Lb))+(MIN(Bm1_Raise,Bm2_Raise))/12) -> 44.453622 | N179: =K179-H179 -> 18.580774 | O179: =L179-I179 -> 18.581496 | P179: =M179-J179 -> 18.582218 | Q179: =2*(P179-2*O179+N179) -> -3.4522211e-07 | R179: =P179-N179-Q179 -> 0.0014444433 | S179: =IF(Q179>0.000000000001,-R179/(2*Q179),-1) -> -1 | T179: =IF(AND(S179>0,S179<1),N179+R179*S179+Q179*S179^2,N179) -> 18.580774 | U179: =IF(F179>E179,MIN(N179,P179,T179),"") -> 18.580774 | V179: =IF(U179="","",IF(U179=N179,E179,IF(U179=P179,F179,E179+(F179-E179)*S179))) -> 1708.8392
B180: 63 | C180: 2 | D180: 62 | E180: =MAX(E77,Sp2_Bm0) -> 1708.9785 | F180: =MIN(F77,Sp2_Bm1) -> 1709.3205 | G180: =(E180+F180)/2 -> 1709.1495 | H180: =$G77+$H77*(E180-$E77)+$I77*(E180-$E77)^2 -> 25.871404 | I180: =$G77+$H77*(G180-$E77)+$I77*(G180-$E77)^2 -> 25.864902 | J180: =$G77+$H77*(F180-$E77)+$I77*(F180-$E77)^2 -> 25.8584 | K180: =(Sp2_ZA+(Sp2_ZB-Sp2_ZA)*((E180-Sp2_BrgA)/Sp2_Lb)-Sup_Drop+Sp2_C/3*((E180-Sp2_BrgA)/Sp2_Lb)*(1-((E180-Sp2_BrgA)/Sp2_Lb))+(MIN(Bm1_Raise,Bm2_Raise))/12) -> 44.453622 | L180: =(Sp2_ZA+(Sp2_ZB-Sp2_ZA)*((G180-Sp2_BrgA)/Sp2_Lb)-Sup_Drop+Sp2_C/3*((G180-Sp2_BrgA)/Sp2_Lb)*(1-((G180-Sp2_BrgA)/Sp2_Lb))+(MIN(Bm1_Raise,Bm2_Raise))/12) -> 44.453034 | M180: =(Sp2_ZA+(Sp2_ZB-Sp2_ZA)*((F180-Sp2_BrgA)/Sp2_Lb)-Sup_Drop+Sp2_C/3*((F180-Sp2_BrgA)/Sp2_Lb)*(1-((F180-Sp2_BrgA)/Sp2_Lb))+(MIN(Bm1_Raise,Bm2_Raise))/12) -> 44.452445 | N180: =K180-H180 -> 18.582218 | O180: =L180-I180 -> 18.588132 | P180: =M180-J180 -> 18.594044 | Q180: =2*(P180-2*O180+N180) -> -2.0842169e-06 | R180: =P180-N180-Q180 -> 0.011828933 | S180: =IF(Q180>0.000000000001,-R180/(2*Q180),-1) -> -1 | T180: =IF(AND(S180>0,S180<1),N180+R180*S180+Q180*S180^2,N180) -> 18.582218 | U180: =IF(F180>E180,MIN(N180,P180,T180),"") -> 18.582218 | V180: =IF(U180="","",IF(U180=N180,E180,IF(U180=P180,F180,E180+(F180-E180)*S180))) -> 1708.9785
B181: 64 | C181: 2 | D181: 63 | E181: =MAX(E78,Sp2_Bm0) -> 1709.3205 | F181: =MIN(F78,Sp2_Bm1) -> 1720.1606 | G181: =(E181+F181)/2 -> 1714.7406 | H181: =$G78+$H78*(E181-$E78)+$I78*(E181-$E78)^2 -> 25.8584 | I181: =$G78+$H78*(G181-$E78)+$I78*(G181-$E78)^2 -> 25.799535 | J181: =$G78+$H78*(F181-$E78)+$I78*(F181-$E78)^2 -> 25.740669 | K181: =(Sp2_ZA+(Sp2_ZB-Sp2_ZA)*((E181-Sp2_BrgA)/Sp2_Lb)-Sup_Drop+Sp2_C/3*((E181-Sp2_BrgA)/Sp2_Lb)*(1-((E181-Sp2_BrgA)/Sp2_Lb))+(MIN(Bm1_Raise,Bm2_Raise))/12) -> 44.452445 | L181: =(Sp2_ZA+(Sp2_ZB-Sp2_ZA)*((G181-Sp2_BrgA)/Sp2_Lb)-Sup_Drop+Sp2_C/3*((G181-Sp2_BrgA)/Sp2_Lb)*(1-((G181-Sp2_BrgA)/Sp2_Lb))+(MIN(Bm1_Raise,Bm2_Raise))/12) -> 44.433241 | M181: =(Sp2_ZA+(Sp2_ZB-Sp2_ZA)*((F181-Sp2_BrgA)/Sp2_Lb)-Sup_Drop+Sp2_C/3*((F181-Sp2_BrgA)/Sp2_Lb)*(1-((F181-Sp2_BrgA)/Sp2_Lb))+(MIN(Bm1_Raise,Bm2_Raise))/12) -> 44.41299 | N181: =K181-H181 -> 18.594044 | O181: =L181-I181 -> 18.633706 | P181: =M181-J181 -> 18.672321 | Q181: =2*(P181-2*O181+N181) -> -0.0020930035 | R181: =P181-N181-Q181 -> 0.080369696 | S181: =IF(Q181>0.000000000001,-R181/(2*Q181),-1) -> -1 | T181: =IF(AND(S181>0,S181<1),N181+R181*S181+Q181*S181^2,N181) -> 18.594044 | U181: =IF(F181>E181,MIN(N181,P181,T181),"") -> 18.594044 | V181: =IF(U181="","",IF(U181=N181,E181,IF(U181=P181,F181,E181+(F181-E181)*S181))) -> 1709.3205
B182: 65 | C182: 2 | D182: 64 | E182: =MAX(E79,Sp2_Bm0) -> 1720.1606 | F182: =MIN(F79,Sp2_Bm1) -> 1721.3476 | G182: =(E182+F182)/2 -> 1720.7541 | H182: =$G79+$H79*(E182-$E79)+$I79*(E182-$E79)^2 -> 25.740669 | I182: =$G79+$H79*(G182-$E79)+$I79*(G182-$E79)^2 -> 25.734452 | J182: =$G79+$H79*(F182-$E79)+$I79*(F182-$E79)^2 -> 25.728236 | K182: =(Sp2_ZA+(Sp2_ZB-Sp2_ZA)*((E182-Sp2_BrgA)/Sp2_Lb)-Sup_Drop+Sp2_C/3*((E182-Sp2_BrgA)/Sp2_Lb)*(1-((E182-Sp2_BrgA)/Sp2_Lb))+(MIN(Bm1_Raise,Bm2_Raise))/12) -> 44.41299 | L182: =(Sp2_ZA+(Sp2_ZB-Sp2_ZA)*((G182-Sp2_BrgA)/Sp2_Lb)-Sup_Drop+Sp2_C/3*((G182-Sp2_BrgA)/Sp2_Lb)*(1-((G182-Sp2_BrgA)/Sp2_Lb))+(MIN(Bm1_Raise,Bm2_Raise))/12) -> 44.410709 | M182: =(Sp2_ZA+(Sp2_ZB-Sp2_ZA)*((F182-Sp2_BrgA)/Sp2_Lb)-Sup_Drop+Sp2_C/3*((F182-Sp2_BrgA)/Sp2_Lb)*(1-((F182-Sp2_BrgA)/Sp2_Lb))+(MIN(Bm1_Raise,Bm2_Raise))/12) -> 44.408415 | N182: =K182-H182 -> 18.672321 | O182: =L182-I182 -> 18.676256 | P182: =M182-J182 -> 18.680179 | Q182: =2*(P182-2*O182+N182) -> -2.5097884e-05 | R182: =P182-N182-Q182 -> 0.0078832099 | S182: =IF(Q182>0.000000000001,-R182/(2*Q182),-1) -> -1 | T182: =IF(AND(S182>0,S182<1),N182+R182*S182+Q182*S182^2,N182) -> 18.672321 | U182: =IF(F182>E182,MIN(N182,P182,T182),"") -> 18.672321 | V182: =IF(U182="","",IF(U182=N182,E182,IF(U182=P182,F182,E182+(F182-E182)*S182))) -> 1720.1606
... B217: 100 | C217: 2 | D217: 99 | E217: =MAX(E114,Sp2_Bm0) -> 1800.1552 | F217: =MIN(F114,Sp2_Bm1) -> 1800.4519 | G217: =(E217+F217)/2 -> 1800.3035 | H217: =$G114+$H114*(E217-$E114)+$I114*(E217-$E114)^2 -> 23.443254 | I217: =$G114+$H114*(G217-$E114)+$I114*(G217-$E114)^2 -> 23.454248 | J217: =$G114+$H114*(F217-$E114)+$I114*(F217-$E114)^2 -> 23.465242 | K217: =(Sp2_ZA+(Sp2_ZB-Sp2_ZA)*((E217-Sp2_BrgA)/Sp2_Lb)-Sup_Drop+Sp2_C/3*((E217-Sp2_BrgA)/Sp2_Lb)*(1-((E217-Sp2_BrgA)/Sp2_Lb))+(MIN(Bm1_Raise,Bm2_Raise))/12) -> 43.992402 | L217: =(Sp2_ZA+(Sp2_ZB-Sp2_ZA)*((G217-Sp2_BrgA)/Sp2_Lb)-Sup_Drop+Sp2_C/3*((G217-Sp2_BrgA)/Sp2_Lb)*(1-((G217-Sp2_BrgA)/Sp2_Lb))+(MIN(Bm1_Raise,Bm2_Raise))/12) -> 43.991411 | M217: =(Sp2_ZA+(Sp2_ZB-Sp2_ZA)*((F217-Sp2_BrgA)/Sp2_Lb)-Sup_Drop+Sp2_C/3*((F217-Sp2_BrgA)/Sp2_Lb)*(1-((F217-Sp2_BrgA)/Sp2_Lb))+(MIN(Bm1_Raise,Bm2_Raise))/12) -> 43.990418 | N217: =K217-H217 -> 20.549148 | O217: =L217-I217 -> 20.537162 | P217: =M217-J217 -> 20.525176 | Q217: =2*(P217-2*O217+N217) -> -1.5679993e-06 | R217: =P217-N217-Q217 -> -0.023970747 | S217: =IF(Q217>0.000000000001,-R217/(2*Q217),-1) -> -1 | T217: =IF(AND(S217>0,S217<1),N217+R217*S217+Q217*S217^2,N217) -> 20.549148 | U217: =IF(F217>E217,MIN(N217,P217,T217),"") -> 20.525176 | V217: =IF(U217="","",IF(U217=N217,E217,IF(U217=P217,F217,E217+(F217-E217)*S217))) -> 1800.4519

Sheet Clearance Method
B1: Clearance - Method
B2: Minimum vertical clearance between the beam bottoms and the roadway profile
B4: Clearance is the beam bottom minus the roadway elevation directly below, evaluated only where a beam exists (beam ends and the open pier joint are excluded). The roadway comes from Geometry Report.xml, mapped to bridge stations by the notebook assumption (bridge station at XML zero = Rd_Shift).
B8: On every roadway segment piece under a beam both terms are quadratic, so c is quadratic. Fitting it through the piece ends and midpoint gives the exact minimum:
B28: Figure 1. Beam bottoms, roadway profile and the clearance envelope.
B29: Current: minimum 18.3616 ft at 16+99.46 (required 17 ft). The XML covers 207.232 of 212.250 ft, so the status is "Covered region only" (no extrapolation).

Sheet CAD FGE
A1: FINISH GRADE ELEVATIONS | N1: ="JOB #: "&TB_JobNo -> JOB #:
A2: Place these tables into CADD. Elevations in feet at top of deck. | N2: ="PROJECT NAME: "&TB_Project -> PROJECT NAME: D2 I-95 Pedestrian Bridge
N3: ="SUBJECT: "&"FINISH GRADE ELEVATIONS" -> SUBJECT: FINISH GRADE ELEVATIONS
N4: ="CALCULATED BY: "&TB_CalcBy&" "&TB_CalcDate -> CALCULATED BY:
N5: ="CHECKED BY: "&TB_CheckBy&" "&TB_CheckDate -> CHECKED BY:
A7: FINISH GRADE ELEVATIONS - SPAN 1
A8: LOCATION | B8: INCR. DIST (ft) | C8: FFBW EB 1 | D8: CL BRG | E8: 1 | F8: 2 | G8: 3 | H8: 4 | I8: 5 | J8: 6 | K8: 7 | L8: 8 | M8: 9 | N8: CL BRG | O8: CL PIER
A9: STATION | B9: =FGE!C17 -> 10.5475 | C9: =FGE!E9 -> 15+93.22 | D9: =FGE!F9 -> 15+94.22 | E9: =FGE!G9 -> 16+04.77 | F9: =FGE!H9 -> 16+15.32 | G9: =FGE!I9 -> 16+25.86 | H9: =FGE!J9 -> 16+36.41 | I9: =FGE!K9 -> 16+46.96 | J9: =FGE!L9 -> 16+57.51 | ... O9: =FGE!Q9 -> 17+00.57
A10: LEFT COPING (DECK EDGE) | C10: =FGE!E12 -> 47.525167 | D10: =FGE!F12 -> 47.530166 | E10: =FGE!G12 -> 47.582891 | F10: =FGE!H12 -> 47.635616 | G10: =FGE!I12 -> 47.688341 | H10: =FGE!J12 -> 47.741066 | I10: =FGE!K12 -> 47.793792 | J10: =FGE!L12 -> 47.846517 | ... O10: =FGE!Q12 -> 48.061792
A11: CL BEAM 1-1 | C11: =FGE!E13 -> 47.575167 | D11: =FGE!F13 -> 47.580166 | E11: =FGE!G13 -> 47.632891 | F11: =FGE!H13 -> 47.685616 | G11: =FGE!I13 -> 47.738341 | H11: =FGE!J13 -> 47.791066 | I11: =FGE!K13 -> 47.843792 | J11: =FGE!L13 -> 47.896517 | ... O11: =FGE!Q13 -> 48.111792
A12: PGL | C12: =FGE!E14 -> 47.661 | D12: =FGE!F14 -> 47.665999 | E12: =FGE!G14 -> 47.718724 | F12: =FGE!H14 -> 47.771449 | G12: =FGE!I14 -> 47.824174 | H12: =FGE!J14 -> 47.8769 | I12: =FGE!K14 -> 47.929625 | J12: =FGE!L14 -> 47.98235 | ... O12: =FGE!Q14 -> 48.197625
A13: CL BEAM 1-2 | C13: =FGE!E15 -> 47.575167 | D13: =FGE!F15 -> 47.580166 | E13: =FGE!G15 -> 47.632891 | F13: =FGE!H15 -> 47.685616 | G13: =FGE!I15 -> 47.738341 | H13: =FGE!J15 -> 47.791066 | I13: =FGE!K15 -> 47.843792 | J13: =FGE!L15 -> 47.896517 | ... O13: =FGE!Q15 -> 48.111792
A14: RIGHT COPING (DECK EDGE) | C14: =FGE!E16 -> 47.525167 | D14: =FGE!F16 -> 47.530166 | E14: =FGE!G16 -> 47.582891 | F14: =FGE!H16 -> 47.635616 | G14: =FGE!I16 -> 47.688341 | H14: =FGE!J16 -> 47.741066 | I14: =FGE!K16 -> 47.793792 | J14: =FGE!L16 -> 47.846517 | ... O14: =FGE!Q16 -> 48.061792
A15: FFBW columns are the PGL extended; the deck ends 3 in inside each FFBW.
A17: FINISH GRADE ELEVATIONS - SPAN 2
A18: LOCATION | B18: INCR. DIST (ft) | C18: CL PIER | D18: CL BRG | E18: 1 | F18: 2 | G18: 3 | H18: 4 | I18: 5 | J18: 6 | K18: 7 | L18: 8 | M18: 9 | N18: CL BRG | O18: FFBW EB 2
A19: STATION | B19: =FGE!C30 -> 10.3025 | C19: =FGE!E22 -> 17+00.57 | D19: =FGE!F22 -> 17+01.45 | E19: =FGE!G22 -> 17+11.75 | F19: =FGE!H22 -> 17+22.05 | G19: =FGE!I22 -> 17+32.35 | H19: =FGE!J22 -> 17+42.66 | I19: =FGE!K22 -> 17+52.96 | J19: =FGE!L22 -> 17+63.26 | ... O19: =FGE!Q22 -> 18+05.47
A20: LEFT COPING (DECK EDGE) | C20: =FGE!E25 -> 48.061792 | D20: =FGE!F25 -> 48.057416 | E20: =FGE!G25 -> 48.005891 | F20: =FGE!H25 -> 47.954366 | G20: =FGE!I25 -> 47.902841 | H20: =FGE!J25 -> 47.851317 | I20: =FGE!K25 -> 47.799792 | J20: =FGE!L25 -> 47.748267 | ... O20: =FGE!Q25 -> 47.537167
A21: CL BEAM 2-1 | C21: =FGE!E26 -> 48.111792 | D21: =FGE!F26 -> 48.107416 | E21: =FGE!G26 -> 48.055891 | F21: =FGE!H26 -> 48.004366 | G21: =FGE!I26 -> 47.952841 | H21: =FGE!J26 -> 47.901317 | I21: =FGE!K26 -> 47.849792 | J21: =FGE!L26 -> 47.798267 | ... O21: =FGE!Q26 -> 47.587167
A22: PGL | C22: =FGE!E27 -> 48.197625 | D22: =FGE!F27 -> 48.193249 | E22: =FGE!G27 -> 48.141724 | F22: =FGE!H27 -> 48.090199 | G22: =FGE!I27 -> 48.038675 | H22: =FGE!J27 -> 47.98715 | I22: =FGE!K27 -> 47.935625 | J22: =FGE!L27 -> 47.8841 | ... O22: =FGE!Q27 -> 47.673
A23: CL BEAM 2-2 | C23: =FGE!E28 -> 48.111792 | D23: =FGE!F28 -> 48.107416 | E23: =FGE!G28 -> 48.055891 | F23: =FGE!H28 -> 48.004366 | G23: =FGE!I28 -> 47.952841 | H23: =FGE!J28 -> 47.901317 | I23: =FGE!K28 -> 47.849792 | J23: =FGE!L28 -> 47.798267 | ... O23: =FGE!Q28 -> 47.587167
A24: RIGHT COPING (DECK EDGE) | C24: =FGE!E29 -> 48.061792 | D24: =FGE!F29 -> 48.057416 | E24: =FGE!G29 -> 48.005891 | F24: =FGE!H29 -> 47.954366 | G24: =FGE!I29 -> 47.902841 | H24: =FGE!J29 -> 47.851317 | I24: =FGE!K29 -> 47.799792 | J24: =FGE!L29 -> 47.748267 | ... O24: =FGE!Q29 -> 47.537167
A25: FFBW columns are the PGL extended; the deck ends 3 in inside each FFBW.

Sheet CAD FGE Method
B1: CAD FGE - Method
B2: Finish Grade Elevations table for CADD
B4: Each span table lists the increment distance, the station labels and the finished grade elevation of every line, linked directly to the FGE tab. Values keep full precision and display to 0.001 ft. Line names follow the template (copings, CL beams, PGL).
B22: Figure 1. Span 2 FGE grid in plan.
B23: • INCR. DIST = (CL brg B - CL brg A)/10.
B24: • FFBW columns are the PGL extended; the deck ends 3 in inside each FFBW.
B25: • The barrier face is not in the notebook, so no gutter/barrier line is listed.

Sheet CAD Build-Up
A1: BUILD-UP & DEFLECTION DATA TABLE FOR PRESTRESSED I-BEAMS | K1: ="JOB #: "&TB_JobNo -> JOB #:
A2: Inches. Build-up over CL beam; deflections + up (Mathcad). | K2: ="PROJECT NAME: "&TB_Project -> PROJECT NAME: D2 I-95 Pedestrian Bridge
K3: ="SUBJECT: "&"BUILD-UP & DEFLECTION DATA TABLE FOR PRESTRESSED I-BEAMS" -> SUBJECT: BUILD-UP & DEFLECTION DATA TABLE FOR PRESTRESSED I-BEAMS
K4: ="CALCULATED BY: "&TB_CalcBy&" "&TB_CalcDate -> CALCULATED BY:
A5: TABLE DATE 07/01/17 | K5: ="CHECKED BY: "&TB_CheckBy&" "&TB_CheckDate -> CHECKED BY:
A7: LOCATION | C7: REQUIRED THEORETICAL BUILD-UP OVER CL BEAM | F7: NET BEAM CAMBER (PRESTRESS - DEAD LOAD OF BEAM) @ RELEASE | G7: NET BEAM CAMBER (PRESTRESS - DEAD LOAD OF BEAM) @ 120 DAYS | H7: DEAD LOAD DEFLECTION DURING DECK POUR @ 120 DAYS DIM A | I7: BUILD-UP CASE NO.
A8: SPAN NO. | B8: BEAM NO. | C8: AT BEGIN SPAN DIM B | D8: AT CL SPAN DIM C | E8: AT END SPAN DIM D
A9: 1 | B9: 1-1 | C9: ='Camber & Haunch'!C38 -> 1.5471715 | D9: ='Camber & Haunch'!D38 -> 1.4225787 | E9: ='Camber & Haunch'!E38 -> 1.5471715 | F9: =MC1_Drel -> 1.3711622 | G9: =MC1_D120 -> 3.3554493 | H9: =ABS(MC1_Dnc) -> 2.471606 | I9: ='Camber & Haunch'!H38 -> Case 1
A10: 1 | B10: 1-2 | C10: ='Camber & Haunch'!C39 -> 1.5471715 | D10: ='Camber & Haunch'!D39 -> 1.4225787 | E10: ='Camber & Haunch'!E39 -> 1.5471715 | F10: =MC1_Drel -> 1.3711622 | G10: =MC1_D120 -> 3.3554493 | H10: =ABS(MC1_Dnc) -> 2.471606 | I10: ='Camber & Haunch'!H39 -> Case 1
A11: 2 | B11: 2-1 | C11: ='Camber & Haunch'!C40 -> 1.5471715 | D11: ='Camber & Haunch'!D40 -> 0.98 | E11: ='Camber & Haunch'!E40 -> 1.5471715 | F11: =MC2_Drel -> 1.4647226 | G11: =MC2_D120 -> 3.5081218 | H11: =ABS(MC2_Dnc) -> 2.2498277 | I11: ='Camber & Haunch'!H40 -> Case 1
A12: 2 | B12: 2-2 | C12: ='Camber & Haunch'!C41 -> 1.5471715 | D12: ='Camber & Haunch'!D41 -> 0.98 | E12: ='Camber & Haunch'!E41 -> 1.5471715 | F12: =MC2_Drel -> 1.4647226 | G12: =MC2_D120 -> 3.5081218 | H12: =ABS(MC2_Dnc) -> 2.2498277 | I12: ='Camber & Haunch'!H41 -> Case 1
A14: Dim A is the non-composite (deck pour) deflection. The build-up uses the Mathcad NetCamber = 120-day camber + non-composite DL + composite DL (barrier) deflections, so G - H differs from the camber used by the composite DL deflection.

Sheet CAD Build-Up Method
B1: CAD Build-Up - Method
B2: Build-Up & Deflection Data Table for prestressed I-beams
B4: Symbol | C4: Meaning | H4: Workbook name / location | K4: Units / value
B5: Dim B, C, D | C5: Required theoretical build-up over the CL beam at begin bearing, midspan, end bearing | H5: Camber & Haunch section D | K5: in
B6: Release | C6: Net beam camber (prestress - beam weight) at release: Mathcad max(Defl.release) | H6: MC1_Drel, MC2_Drel | K6: in
B7: 120 days | C7: Net beam camber (prestress - beam weight) at 120 days: Mathcad max(Defl.120day) | H7: MC1_D120, MC2_D120 | K7: in
B8: Dim A | C8: Dead load deflection during deck pour: |Mathcad min(Defl.dl.nc)| | H8: MC1_Dnc, MC2_Dnc | K8: in
B9: Case | C9: Build-up case from the mid-ordinate rule | H9: Camber & Haunch col H | K9: -
B14: The build-up uses the Mathcad NetCamber C, which also subtracts the composite (barrier) dead-load deflection. That is why the 120-day camber minus Dim A is larger than C by the composite deflection.
B33: Figure 1. Dims B, C and D over the CL beam (Span 2).

Sheet CAD Beam Variables
A1: FLORIDA-I BEAM - TABLE OF BEAM VARIABLES | AD1: ="JOB #: "&TB_JobNo -> JOB #:
A2: Dimensions: ft-in split as feet text + inches, as in the BCC template. | AD2: ="PROJECT NAME: "&TB_Project -> PROJECT NAME: D2 I-95 Pedestrian Bridge
AD3: ="SUBJECT: "&"FLORIDA-I BEAM - TABLE OF BEAM VARIABLES" -> SUBJECT: FLORIDA-I BEAM - TABLE OF BEAM VARIABLES
AD4: ="CALCULATED BY: "&TB_CalcBy&" "&TB_CalcDate -> CALCULATED BY:
A5: TABLE DATE 01-01-16 | AD5: ="CHECKED BY: "&TB_CheckBy&" "&TB_CheckDate -> CHECKED BY:
A7: LOCATION | C7: BEAM TYPE | D7: CONCRETE PROPERTIES | G7: STND. PTRN. TYPE | H7: END ELEV. COND. | I7: PLAN VIEW CASE | K7: BRG. PLATE MARK | M7: END OF BEAM & BEARING DIMENSIONS | U7: BEAM DIMENSIONS | X7: REINFORCING STEEL
A8: SPAN NO. | B8: BEAM NO. | D8: CLASS | E8: STRENGTHS (psi) | I8: END 1 | J8: END 2 | K8: END 1 | L8: END 2 | M8: ANGLE PHI | O8: DIM P | P8: DIM J | Q8: DIM K1 | S8: DIM K2 | U8: DIM L | W8: DIM R | X8: 3C1 | Z8: 3C2 | AB8: 3D1 | AF8: 3D2 | AJ8: 3D3 | AK8: 4M1 | AM8: 4M2 | AO8: 4M3 | AP8: 5K | AQ8: NO. OF SPACES BARS 5K | AU8: SP. BARS 5K
E9: 28 DAY | F9: RELEASE | M9: END 1 | N9: END 2 | U9: ft | V9: in | X9: C | Z9: C | AB9: A | AD9: B | AF9: A | AH9: B | AJ9: NO. | AK9: D | AM9: D | AO9: NO. | AP9: NO. | AQ9: S1 | AR9: S2 | AS9: S3 | AT9: S4 | AU9: V1
A10: 1 | B10: 1-1 | C10: =Bm_Type -> FIB-36 | D10: =Des_ConcClass -> VI | E10: =MC1_fc*1000 -> 8500 | F10: =MC1_fci*1000 -> 6000 | G10: =Des_Pattern -> 1 | H10: ='Beam Geometry'!O13 -> 1 | I10: =Des_PlanCase -> 1 | J10: =Des_PlanCase -> 1 | K10: ="1-1-1" -> 1-1-1 | L10: ="1-1-2" -> 1-1-2 | M10: ='Beam Geometry'!I13 -> 90 | N10: ='Beam Geometry'!J13 -> 90 | O10: ='Beam Geometry'!N13 -> 0 | P10: ='Beam Geometry'!K13 -> 9 | Q10: =TRUNC('Beam Geometry'!L13/12)&"'-" -> 1'- | R10: =('Beam Geometry'!L13/12-TRUNC('Beam Geometry'!L13/12))*12 -> 0 | S10: =TRUNC('Beam Geometry'!M13/12)&"'-" -> 0'- | T10: =('Beam Geometry'!M13/12-TRUNC('Beam Geometry'!M13/12))*12 -> 10.5 | U10: ='Beam Geometry'!T13 -> 107 | V10: ='Beam Geometry'!U13 -> 1.238997 | W10: ='Beam Geometry'!R13 -> 1.5229584 | X10: =TRUNC('Beam Data'!J13/12)&"'-" -> 1'- | Y10: =('Beam Data'!J13/12-TRUNC('Beam Data'!J13/12))*12 -> 5.5 | Z10: =TRUNC('Beam Data'!K13/12)&"'-" -> 1'- | AA10: =('Beam Data'!K13/12-TRUNC('Beam Data'!K13/12))*12 -> 5.5 | AB10: =TRUNC('Beam Data'!L13/12)&"'-" -> 0'- | AC10: =('Beam Data'!L13/12-TRUNC('Beam Data'!L13/12))*12 -> 8.5 | AD10: =TRUNC('Beam Data'!M13/12)&"'-" -> 1'- | AE10: =('Beam Data'!M13/12-TRUNC('Beam Data'!M13/12))*12 -> 3 | AF10: =TRUNC('Beam Data'!N13/12)&"'-" -> 0'- | AG10: =('Beam Data'!N13/12-TRUNC('Beam Data'!N13/12))*12 -> 8.5 | AH10: =TRUNC('Beam Data'!O13/12)&"'-" -> 1'- | AI10: =('Beam Data'!O13/12-TRUNC('Beam Data'!O13/12))*12 -> 3 | AJ10: ='Beam Data'!P13 -> 130 | AK10: =TRUNC('Beam Data'!Q13/12)&"'-" -> 3'- | AL10: =('Beam Data'!Q13/12-TRUNC('Beam Data'!Q13/12))*12 -> 8 | AM10: =TRUNC('Beam Data'!R13/12)&"'-" -> 3'- | AN10: =('Beam Data'!R13/12-TRUNC('Beam Data'!R13/12))*12 -> 8 | AO10: ='Beam Data'!S13 -> 98 | AP10: ='Beam Data'!I13 -> 162 | AQ10: ='Beam Data'!G8 -> 30 | AR10: ='Beam Data'!I8 -> 20 | AS10: ='Beam Data'!K8 -> 5 | AT10: ='Beam Data'!F13 -> 9 | AU10: ='Beam Data'!H8 -> 6
A11: 1 | B11: 1-2 | C11: =Bm_Type -> FIB-36 | D11: =Des_ConcClass -> VI | E11: =MC1_fc*1000 -> 8500 | F11: =MC1_fci*1000 -> 6000 | G11: =Des_Pattern -> 1 | H11: ='Beam Geometry'!O14 -> 1 | I11: =Des_PlanCase -> 1 | J11: =Des_PlanCase -> 1 | K11: ="1-2-1" -> 1-2-1 | L11: ="1-2-2" -> 1-2-2 | M11: ='Beam Geometry'!I14 -> 90 | N11: ='Beam Geometry'!J14 -> 90 | O11: ='Beam Geometry'!N14 -> 0 | P11: ='Beam Geometry'!K14 -> 9 | Q11: =TRUNC('Beam Geometry'!L14/12)&"'-" -> 1'- | R11: =('Beam Geometry'!L14/12-TRUNC('Beam Geometry'!L14/12))*12 -> 0 | S11: =TRUNC('Beam Geometry'!M14/12)&"'-" -> 0'- | T11: =('Beam Geometry'!M14/12-TRUNC('Beam Geometry'!M14/12))*12 -> 10.5 | U11: ='Beam Geometry'!T14 -> 107 | V11: ='Beam Geometry'!U14 -> 1.238997 | W11: ='Beam Geometry'!R14 -> 1.5229584 | X11: =TRUNC('Beam Data'!J14/12)&"'-" -> 1'- | Y11: =('Beam Data'!J14/12-TRUNC('Beam Data'!J14/12))*12 -> 5.5 | Z11: =TRUNC('Beam Data'!K14/12)&"'-" -> 1'- | AA11: =('Beam Data'!K14/12-TRUNC('Beam Data'!K14/12))*12 -> 5.5 | AB11: =TRUNC('Beam Data'!L14/12)&"'-" -> 0'- | AC11: =('Beam Data'!L14/12-TRUNC('Beam Data'!L14/12))*12 -> 8.5 | AD11: =TRUNC('Beam Data'!M14/12)&"'-" -> 1'- | AE11: =('Beam Data'!M14/12-TRUNC('Beam Data'!M14/12))*12 -> 3 | AF11: =TRUNC('Beam Data'!N14/12)&"'-" -> 0'- | AG11: =('Beam Data'!N14/12-TRUNC('Beam Data'!N14/12))*12 -> 8.5 | AH11: =TRUNC('Beam Data'!O14/12)&"'-" -> 1'- | AI11: =('Beam Data'!O14/12-TRUNC('Beam Data'!O14/12))*12 -> 3 | AJ11: ='Beam Data'!P14 -> 130 | AK11: =TRUNC('Beam Data'!Q14/12)&"'-" -> 3'- | AL11: =('Beam Data'!Q14/12-TRUNC('Beam Data'!Q14/12))*12 -> 8 | AM11: =TRUNC('Beam Data'!R14/12)&"'-" -> 3'- | AN11: =('Beam Data'!R14/12-TRUNC('Beam Data'!R14/12))*12 -> 8 | AO11: ='Beam Data'!S14 -> 98 | AP11: ='Beam Data'!I14 -> 162 | AQ11: ='Beam Data'!G8 -> 30 | AR11: ='Beam Data'!I8 -> 20 | AS11: ='Beam Data'!K8 -> 5 | AT11: ='Beam Data'!F14 -> 9 | AU11: ='Beam Data'!H8 -> 6
A12: 2 | B12: 2-1 | C12: =Bm_Type -> FIB-36 | D12: =Des_ConcClass -> VI | E12: =MC2_fc*1000 -> 8500 | F12: =MC2_fci*1000 -> 6000 | G12: =Des_Pattern -> 1 | H12: ='Beam Geometry'!O15 -> 1 | I12: =Des_PlanCase -> 1 | J12: =Des_PlanCase -> 1 | K12: ="2-1-1" -> 2-1-1 | L12: ="2-1-2" -> 2-1-2 | M12: ='Beam Geometry'!I15 -> 90 | N12: ='Beam Geometry'!J15 -> 90 | O12: ='Beam Geometry'!N15 -> 0 | P12: ='Beam Geometry'!K15 -> 9 | Q12: =TRUNC('Beam Geometry'!L15/12)&"'-" -> 0'- | R12: =('Beam Geometry'!L15/12-TRUNC('Beam Geometry'!L15/12))*12 -> 10.5 | S12: =TRUNC('Beam Geometry'!M15/12)&"'-" -> 1'- | T12: =('Beam Geometry'!M15/12-TRUNC('Beam Geometry'!M15/12))*12 -> 0 | U12: ='Beam Geometry'!T15 -> 104 | V12: ='Beam Geometry'!U15 -> 7.8037649 | W12: ='Beam Geometry'!R15 -> 1.4880787 | X12: =TRUNC('Beam Data'!J15/12)&"'-" -> 1'- | Y12: =('Beam Data'!J15/12-TRUNC('Beam Data'!J15/12))*12 -> 5.5 | Z12: =TRUNC('Beam Data'!K15/12)&"'-" -> 1'- | AA12: =('Beam Data'!K15/12-TRUNC('Beam Data'!K15/12))*12 -> 5.5 | AB12: =TRUNC('Beam Data'!L15/12)&"'-" -> 0'- | AC12: =('Beam Data'!L15/12-TRUNC('Beam Data'!L15/12))*12 -> 8.5 | AD12: =TRUNC('Beam Data'!M15/12)&"'-" -> 1'- | AE12: =('Beam Data'!M15/12-TRUNC('Beam Data'!M15/12))*12 -> 3 | AF12: =TRUNC('Beam Data'!N15/12)&"'-" -> 0'- | AG12: =('Beam Data'!N15/12-TRUNC('Beam Data'!N15/12))*12 -> 8.5 | AH12: =TRUNC('Beam Data'!O15/12)&"'-" -> 1'- | AI12: =('Beam Data'!O15/12-TRUNC('Beam Data'!O15/12))*12 -> 3 | AJ12: ='Beam Data'!P15 -> 126 | AK12: =TRUNC('Beam Data'!Q15/12)&"'-" -> 3'- | AL12: =('Beam Data'!Q15/12-TRUNC('Beam Data'!Q15/12))*12 -> 8 | AM12: =TRUNC('Beam Data'!R15/12)&"'-" -> 3'- | AN12: =('Beam Data'!R15/12-TRUNC('Beam Data'!R15/12))*12 -> 8 | AO12: ='Beam Data'!S15 -> 95 | AP12: ='Beam Data'!I15 -> 160 | AQ12: ='Beam Data'!G9 -> 30 | AR12: ='Beam Data'!I9 -> 20 | AS12: ='Beam Data'!K9 -> 5 | AT12: ='Beam Data'!F15 -> 8 | AU12: ='Beam Data'!H9 -> 6
A13: 2 | B13: 2-2 | C13: =Bm_Type -> FIB-36 | D13: =Des_ConcClass -> VI | E13: =MC2_fc*1000 -> 8500 | F13: =MC2_fci*1000 -> 6000 | G13: =Des_Pattern -> 1 | H13: ='Beam Geometry'!O16 -> 1 | I13: =Des_PlanCase -> 1 | J13: =Des_PlanCase -> 1 | K13: ="2-2-1" -> 2-2-1 | L13: ="2-2-2" -> 2-2-2 | M13: ='Beam Geometry'!I16 -> 90 | N13: ='Beam Geometry'!J16 -> 90 | O13: ='Beam Geometry'!N16 -> 0 | P13: ='Beam Geometry'!K16 -> 9 | Q13: =TRUNC('Beam Geometry'!L16/12)&"'-" -> 0'- | R13: =('Beam Geometry'!L16/12-TRUNC('Beam Geometry'!L16/12))*12 -> 10.5 | S13: =TRUNC('Beam Geometry'!M16/12)&"'-" -> 1'- | T13: =('Beam Geometry'!M16/12-TRUNC('Beam Geometry'!M16/12))*12 -> 0 | U13: ='Beam Geometry'!T16 -> 104 | V13: ='Beam Geometry'!U16 -> 7.8037649 | W13: ='Beam Geometry'!R16 -> 1.4880787 | X13: =TRUNC('Beam Data'!J16/12)&"'-" -> 1'- | Y13: =('Beam Data'!J16/12-TRUNC('Beam Data'!J16/12))*12 -> 5.5 | Z13: =TRUNC('Beam Data'!K16/12)&"'-" -> 1'- | AA13: =('Beam Data'!K16/12-TRUNC('Beam Data'!K16/12))*12 -> 5.5 | AB13: =TRUNC('Beam Data'!L16/12)&"'-" -> 0'- | AC13: =('Beam Data'!L16/12-TRUNC('Beam Data'!L16/12))*12 -> 8.5 | AD13: =TRUNC('Beam Data'!M16/12)&"'-" -> 1'- | AE13: =('Beam Data'!M16/12-TRUNC('Beam Data'!M16/12))*12 -> 3 | AF13: =TRUNC('Beam Data'!N16/12)&"'-" -> 0'- | AG13: =('Beam Data'!N16/12-TRUNC('Beam Data'!N16/12))*12 -> 8.5 | AH13: =TRUNC('Beam Data'!O16/12)&"'-" -> 1'- | AI13: =('Beam Data'!O16/12-TRUNC('Beam Data'!O16/12))*12 -> 3 | AJ13: ='Beam Data'!P16 -> 126 | AK13: =TRUNC('Beam Data'!Q16/12)&"'-" -> 3'- | AL13: =('Beam Data'!Q16/12-TRUNC('Beam Data'!Q16/12))*12 -> 8 | AM13: =TRUNC('Beam Data'!R16/12)&"'-" -> 3'- | AN13: =('Beam Data'!R16/12-TRUNC('Beam Data'!R16/12))*12 -> 8 | AO13: ='Beam Data'!S16 -> 95 | AP13: ='Beam Data'!I16 -> 160 | AQ13: ='Beam Data'!G9 -> 30 | AR13: ='Beam Data'!I9 -> 20 | AS13: ='Beam Data'!K9 -> 5 | AT13: ='Beam Data'!F16 -> 8 | AU13: ='Beam Data'!H9 -> 6
A15: Dim L = sloped beam length + shortening R (BCC template rule) - confirm against the current FDOT instructions before issue.
A16: Bar dimensions use the BCC template constants for square ends; 3D3 and S4 use the Mathcad first-stirrup distance (EndSpace).
A17: Strand pattern type and concrete class are designer assignments on the Inputs tab.

Sheet CAD Beam Variables Method
B1: CAD Beam Variables - Method
B2: Florida-I Beam Table of Beam Variables
B4: Symbol | C4: Meaning | H4: Workbook name / location | K4: Units / value
B5: Beam type, class | C5: FIB-36 (Mathcad); concrete class designer input | H5: Bm_Type, Des_ConcClass | K5: -
B6: f'c, f'ci | C6: Mathcad beam strengths x 1000 | H6: MC1_fc, MC1_fci | K6: psi
B7: Stnd. ptrn. type | C7: Designer strand-pattern number | H7: Des_Pattern | K7: -
B8: End elev. cond. | C8: 1 if Dim P = 0, 2 if P < 0, 3 if P > 0 | H8: Beam Geometry col O | K8: -
B9: Plan view case | C9: Case 1 = square end (zero skew) | H9: Des_PlanCase | K9: -
B10: Brg. plate mark | C10: span-beam-end (end 1 = begin, end 2 = end) | H10: CAD Bearing Plates | K10: -
B11: Angle phi | C11: 90 deg - skew | H11: Beam Geometry cols I, J | K11: deg
B12: Dim P, J, K1, K2 | C12: See Beam Geometry Method | H12: Beam Geometry cols K-N | K12: in, ft-in
B13: Dim L, R | C13: Sloped length + R (template) and shortening R | H13: Beam Geometry cols R-U | K13: ft-in, in
B14: 3C1 ... 4M3 | C14: Standard bar dimensions and counts | H14: Beam Data section B | K14: ft-in, no.
B15: 5K, S1-S4, V1 | C15: Total Bars 5K, spaces per zone, V1 spacing | H15: Beam Data sections A-B | K15: no., in
B30: Figure 1. End-of-beam dimensions.
B31: Feet-inch values are split into a feet text cell ("1'-") and an inches number, as in the BCC template, so the table pastes into the existing CADD cell layout.

Sheet CAD Bearing Plates
A1: BEARING PLATE DATA TABLE - TYPE 2 | M1: ="JOB #: "&TB_JobNo -> JOB #:
A2: Slope (%) is the notebook seat-plane slope, + up-station. | M2: ="PROJECT NAME: "&TB_Project -> PROJECT NAME: D2 I-95 Pedestrian Bridge
M3: ="SUBJECT: "&"BEARING PLATE DATA TABLE - TYPE 2" -> SUBJECT: BEARING PLATE DATA TABLE - TYPE 2
M4: ="CALCULATED BY: "&TB_CalcBy&" "&TB_CalcDate -> CALCULATED BY:
A5: TABLE DATE 07-01-13 | M5: ="CHECKED BY: "&TB_CheckBy&" "&TB_CheckDate -> CHECKED BY:
A7: GENERAL BEARING PLATE DATA | H7: BEVELED PLATE REQUIRED (Yes/No) | I7: BEVELED PLATE DIMENSIONS (PLATE B) (inches)
A8: BRG. PLATE MARK | B8: SPAN NO(s). | C8: BEAM NO(s). | D8: PAD TYPE | E8: BEAM END | F8: PLAN VIEW CASE | G8: SLOPE (%) | I8: C | J8: X | K8: Y
A9: ='Bearing Seats'!B31 -> 1-1-1 | B9: ='Bearing Seats'!C31 -> 1 | C9: ='Bearing Seats'!D31 -> 1 | D9: ='Bearing Seats'!E31 -> F | E9: ='Bearing Seats'!F31 -> 1 | F9: ='Bearing Seats'!G31 -> 1 | G9: ='Bearing Seats'!H31 -> 0.53925868 | H9: ='Bearing Seats'!I31 -> NO | ... K9: ='Bearing Seats'!L31 -> N/A
A10: ='Bearing Seats'!B32 -> 1-2-1 | B10: ='Bearing Seats'!C32 -> 1 | C10: ='Bearing Seats'!D32 -> 2 | D10: ='Bearing Seats'!E32 -> F | E10: ='Bearing Seats'!F32 -> 1 | F10: ='Bearing Seats'!G32 -> 1 | G10: ='Bearing Seats'!H32 -> 0.53925868 | H10: ='Bearing Seats'!I32 -> NO | ... K10: ='Bearing Seats'!L32 -> N/A
A11: ='Bearing Seats'!B33 -> 1-1-2 | B11: ='Bearing Seats'!C33 -> 1 | C11: ='Bearing Seats'!D33 -> 1 | D11: ='Bearing Seats'!E33 -> F | E11: ='Bearing Seats'!F33 -> 2 | F11: ='Bearing Seats'!G33 -> 1 | G11: ='Bearing Seats'!H33 -> 0.46050843 | H11: ='Bearing Seats'!I33 -> NO | ... K11: ='Bearing Seats'!L33 -> N/A
A12: ='Bearing Seats'!B34 -> 1-2-2 | B12: ='Bearing Seats'!C34 -> 1 | C12: ='Bearing Seats'!D34 -> 2 | D12: ='Bearing Seats'!E34 -> F | E12: ='Bearing Seats'!F34 -> 2 | F12: ='Bearing Seats'!G34 -> 1 | G12: ='Bearing Seats'!H34 -> 0.46050843 | H12: ='Bearing Seats'!I34 -> NO | ... K12: ='Bearing Seats'!L34 -> N/A
A13: ='Bearing Seats'!B35 -> 2-1-1 | B13: ='Bearing Seats'!C35 -> 2 | C13: ='Bearing Seats'!D35 -> 1 | D13: ='Bearing Seats'!E35 -> F | E13: ='Bearing Seats'!F35 -> 1 | F13: ='Bearing Seats'!G35 -> 1 | G13: ='Bearing Seats'!H35 -> -0.31661307 | H13: ='Bearing Seats'!I35 -> NO | ... K13: ='Bearing Seats'!L35 -> N/A
A14: ='Bearing Seats'!B36 -> 2-2-1 | B14: ='Bearing Seats'!C36 -> 2 | C14: ='Bearing Seats'!D36 -> 2 | D14: ='Bearing Seats'!E36 -> F | E14: ='Bearing Seats'!F36 -> 1 | F14: ='Bearing Seats'!G36 -> 1 | G14: ='Bearing Seats'!H36 -> -0.31661307 | H14: ='Bearing Seats'!I36 -> NO | ... K14: ='Bearing Seats'!L36 -> N/A
A15: ='Bearing Seats'!B37 -> 2-1-2 | B15: ='Bearing Seats'!C37 -> 2 | C15: ='Bearing Seats'!D37 -> 1 | D15: ='Bearing Seats'!E37 -> F | E15: ='Bearing Seats'!F37 -> 2 | F15: ='Bearing Seats'!G37 -> 1 | G15: ='Bearing Seats'!H37 -> -0.68362526 | H15: ='Bearing Seats'!I37 -> NO | ... K15: ='Bearing Seats'!L37 -> N/A
A16: ='Bearing Seats'!B38 -> 2-2-2 | B16: ='Bearing Seats'!C38 -> 2 | C16: ='Bearing Seats'!D38 -> 2 | D16: ='Bearing Seats'!E38 -> F | E16: ='Bearing Seats'!F38 -> 2 | F16: ='Bearing Seats'!G38 -> 1 | G16: ='Bearing Seats'!H38 -> -0.68362526 | H16: ='Bearing Seats'!I38 -> NO | ... K16: ='Bearing Seats'!L38 -> N/A

Sheet CAD Bearing Plates Method
B1: CAD Bearing Plates - Method
B2: Bearing Plate Data Table - Type 2
B4: Symbol | C4: Meaning | H4: Workbook name / location | K4: Units / value
B5: Brg. plate mark | C5: span-beam-end | H5: Bearing Seats section D | K5: -
B6: Pad type | C6: Designer input checked against the pad dimension table | H6: Des_PadType | K6: -
B7: Beam end | C7: 1 = begin of span, 2 = end of span | H7: - | K7: -
B8: Slope (%) | C8: 100 x seat-plane slope beta from the notebook method, + up-station | H8: Bearing Seats col T | K8: %
B9: Beveled plate | C9: YES when |beta| > 2% (template); C, X, Y only then | H9: Des_BevelLimit | K9: -
B24: Figure 1. The slope is the chord of the soffit over the pad length.

Sheet CAD Pedestal Elevs
A1: TOP OF PEDESTAL ELEVATIONS | K1: ="JOB #: "&TB_JobNo -> JOB #:
A2: Feet. Corner letters per the Method tab plan view; tops are level transversely. | K2: ="PROJECT NAME: "&TB_Project -> PROJECT NAME: D2 I-95 Pedestrian Bridge
K3: ="SUBJECT: "&"TOP OF PEDESTAL ELEVATIONS" -> SUBJECT: TOP OF PEDESTAL ELEVATIONS
K4: ="CALCULATED BY: "&TB_CalcBy&" "&TB_CalcDate -> CALCULATED BY:
K5: ="CHECKED BY: "&TB_CheckBy&" "&TB_CheckDate -> CHECKED BY:
A7: END BENTS
A8: END BENT NO. | B8: BEAM NO. | C8: EL. A (FT) | D8: EL. B (FT) | E8: EL. C (FT) | F8: EL. D (FT)
A9: 1 | B9: ='Bearing Seats'!C19 -> 1-1 | C9: ='Bearing Seats'!I19 -> 43.7323 | D9: ='Bearing Seats'!J19 -> 43.745781 | E9: ='Bearing Seats'!K19 -> 43.7323 | F9: ='Bearing Seats'!L19 -> 43.745781
A10: 1 | B10: ='Bearing Seats'!C20 -> 1-2 | C10: ='Bearing Seats'!I20 -> 43.7323 | D10: ='Bearing Seats'!J20 -> 43.745781 | E10: ='Bearing Seats'!K20 -> 43.7323 | F10: ='Bearing Seats'!L20 -> 43.745781
A11: 2 | B11: ='Bearing Seats'!C21 -> 2-1 | C11: ='Bearing Seats'!I21 -> 43.742856 | D11: ='Bearing Seats'!J21 -> 43.759947 | E11: ='Bearing Seats'!K21 -> 43.742856 | F11: ='Bearing Seats'!L21 -> 43.759947
A12: 2 | B12: ='Bearing Seats'!C22 -> 2-2 | C12: ='Bearing Seats'!I22 -> 43.742856 | D12: ='Bearing Seats'!J22 -> 43.759947 | E12: ='Bearing Seats'!K22 -> 43.742856 | F12: ='Bearing Seats'!L22 -> 43.759947
A14: PIER (one pedestal per beam line; E and F are the pad-end break lines)
A15: PIER NO. | B15: BEAM LINE | C15: EL. A (FT) | D15: EL. B (FT) | E15: EL. C (FT) | F15: EL. D (FT) | G15: EL. E (FT) | H15: EL. F (FT) | I15: EL. @ CL PIER
A16: 1 | B16: 1 | C16: ='Bearing Seats'!G26 -> 44.259764 | D16: ='Bearing Seats'!J26 -> 44.261378 | E16: ='Bearing Seats'!G26 -> 44.259764 | F16: ='Bearing Seats'!J26 -> 44.261378 | G16: ='Bearing Seats'!H26 -> 44.266863 | H16: ='Bearing Seats'!I26 -> 44.266259 | I16: ='Bearing Seats'!K26 -> 44.266561
A17: 1 | B17: 2 | C17: ='Bearing Seats'!G27 -> 44.259764 | D17: ='Bearing Seats'!J27 -> 44.261378 | E17: ='Bearing Seats'!G27 -> 44.259764 | F17: ='Bearing Seats'!J27 -> 44.261378 | G17: ='Bearing Seats'!H27 -> 44.266863 | H17: ='Bearing Seats'!I27 -> 44.266259 | I17: ='Bearing Seats'!K27 -> 44.266561
A19: CAP AND PILE CUTOFF ELEVATIONS
A20: SUPPORT | B20: PILE NO. | C20: OFFSET (FT) | D20: TOP OF CAP | E20: BOTTOM OF CAP | F20: PILE CUTOFF
A21: Pier | B21: 1 | C21: =Substructure!D51 -> -7.5 | D21: =Substructure!G51 -> 43.76494 | E21: =Substructure!H51 -> 40.76494 | F21: =Substructure!J51 -> 41.76494
A22: Pier | B22: 2 | C22: =Substructure!D52 -> -2.5 | D22: =Substructure!G52 -> 43.76494 | E22: =Substructure!H52 -> 40.76494 | F22: =Substructure!J52 -> 41.76494
A23: Pier | B23: 3 | C23: =Substructure!D53 -> 2.5 | D23: =Substructure!G53 -> 43.76494 | E23: =Substructure!H53 -> 40.76494 | F23: =Substructure!J53 -> 41.76494
A24: Pier | B24: 4 | C24: =Substructure!D54 -> 7.5 | D24: =Substructure!G54 -> 43.76494 | E24: =Substructure!H54 -> 40.76494 | F24: =Substructure!J54 -> 41.76494
A25: End Bent 1 | B25: 1 | C25: =Substructure!D55 -> -6.75 | D25: =Substructure!G55 -> 43.237692 | E25: =Substructure!H55 -> 40.237692 | F25: =Substructure!J55 -> 41.237692
A26: End Bent 1 | B26: 2 | C26: =Substructure!D56 -> -2.25 | D26: =Substructure!G56 -> 43.237692 | E26: =Substructure!H56 -> 40.237692 | F26: =Substructure!J56 -> 41.237692
A27: End Bent 1 | B27: 3 | C27: =Substructure!D57 -> 2.25 | D27: =Substructure!G57 -> 43.237692 | E27: =Substructure!H57 -> 40.237692 | F27: =Substructure!J57 -> 41.237692
A28: End Bent 1 | B28: 4 | C28: =Substructure!D58 -> 6.75 | D28: =Substructure!G58 -> 43.237692 | E28: =Substructure!H58 -> 40.237692 | F28: =Substructure!J58 -> 41.237692
A29: End Bent 2 | B29: 1 | C29: =Substructure!D59 -> -6.75 | D29: =Substructure!G59 -> 43.249692 | E29: =Substructure!H59 -> 40.249692 | F29: =Substructure!J59 -> 41.249692
A30: End Bent 2 | B30: 2 | C30: =Substructure!D60 -> -2.25 | D30: =Substructure!G60 -> 43.249692 | E30: =Substructure!H60 -> 40.249692 | F30: =Substructure!J60 -> 41.249692
A31: End Bent 2 | B31: 3 | C31: =Substructure!D61 -> 2.25 | D31: =Substructure!G61 -> 43.249692 | E31: =Substructure!H61 -> 40.249692 | F31: =Substructure!J61 -> 41.249692
A32: End Bent 2 | B32: 4 | C32: =Substructure!D62 -> 6.75 | D32: =Substructure!G62 -> 43.249692 | E32: =Substructure!H62 -> 40.249692 | F32: =Substructure!J62 -> 41.249692

Sheet CAD Pedestal Elevs Method
B1: CAD Pedestal Elevs - Method
B2: Top of pedestal, cap and pile cutoff elevations
B4: End-bent pedestal tops are planar: A and C on the FFBW edge, B and D on the span-side edge (A, B on the left side of the beam line). Tops are level transversely, so A = C and B = D. The pier pedestal on each beam line is two seat planes joined by a straight transition, so the table adds the break-line elevations E and F and the elevation at the pier centerline.
B23: Figure 1. Corner and break-line letters.
B39: Figure 2. Pier pedestal top along a beam line.
B40: Cap tops, undersides and pile cutoffs come from the Substructure tab (cutoff = local cap top - cap depth + embedment).
B56: Figure 3. Pier section.

Sheet QC
A1: QC - workbook vs. notebook | I1: Project | J1: =""&TB_Project -> D2 I-95 Pedestrian Bridge
A2: Workbook formulas against the geometry notebook values captured at build time | I2: Job No. | J2: =""&TB_JobNo
I3: Calc. by / date | J3: =TB_CalcBy&" "&TB_CalcDate
I4: Check. by / date | J4: =TB_CheckBy&" "&TB_CheckDate
A6: A. Numerical agreement with the notebook model and Mathcad
B7: Check | C7: Workbook value | D7: Notebook / source value | E7: Difference | F7: Tolerance | G7: Status
B8: Common support drop D (ft) | C8: =Sup_Drop -> 3.7147643 | D8: 3.7147643 | E8: =C8-D8 -> 0 | F8: 1e-09 | G8: =IF(ABS(E8)<=F8,"PASS","FAIL") -> PASS
B9: Grade 1 | C9: =Prof_G1 -> 0.0049988356 | D9: 0.0049988356 | E9: =C9-D9 -> 0 | F9: 1e-12 | G9: =IF(ABS(E9)<=F9,"PASS","FAIL") -> PASS
B10: Grade 2 | C10: =Prof_G2 -> -0.0050011916 | D10: -0.0050011916 | E10: =C10-D10 -> 0 | F10: 1e-12 | G10: =IF(ABS(E10)<=F10,"PASS","FAIL") -> PASS
B11: PI elevation (ft) | C11: =Prof_PIZ -> 48.197625 | D11: 48.197625 | E11: =C11-D11 -> 0 | F11: 1e-09 | G11: =IF(ABS(E11)<=F11,"PASS","FAIL") -> PASS
B12: Span 1 bearing A station | C12: =Sp1_BrgA -> 1594.22 | D12: 1594.22 | E12: =C12-D12 -> 0 | F12: 1e-09 | G12: =IF(ABS(E12)<=F12,"PASS","FAIL") -> PASS
B13: Span 1 bearing B station | C13: =Sp1_BrgB -> 1699.695 | D13: 1699.695 | E13: =C13-D13 -> 0 | F13: 1e-09 | G13: =IF(ABS(E13)<=F13,"PASS","FAIL") -> PASS
B14: Span 1 beam start | C14: =Sp1_Bm0 -> 1593.47 | D14: 1593.47 | E14: =C14-D14 -> 0 | F14: 1e-09 | G14: =IF(ABS(E14)<=F14,"PASS","FAIL") -> PASS
B15: Span 1 beam end | C15: =Sp1_Bm1 -> 1700.445 | D15: 1700.445 | E15: =C15-D15 -> 0 | F15: 1e-09 | G15: =IF(ABS(E15)<=F15,"PASS","FAIL") -> PASS
B16: Span 1 PGL at bearing A | C16: =Sp1_ZA -> 47.665999 | D16: 47.665999 | E16: =C16-D16 -> 0 | F16: 1e-09 | G16: =IF(ABS(E16)<=F16,"PASS","FAIL") -> PASS
B17: Span 1 PGL at bearing B | C17: =Sp1_ZB -> 48.193251 | D17: 48.193251 | E17: =C17-D17 -> 0 | F17: 1e-09 | G17: =IF(ABS(E17)<=F17,"PASS","FAIL") -> PASS
B18: Span 2 bearing A station | C18: =Sp2_BrgA -> 1701.445 | D18: 1701.445 | E18: =C18-D18 -> 0 | F18: 1e-09 | G18: =IF(ABS(E18)<=F18,"PASS","FAIL") -> PASS
B19: Span 2 bearing B station | C19: =Sp2_BrgB -> 1804.47 | D19: 1804.47 | E19: =C19-D19 -> 0 | F19: 1e-09 | G19: =IF(ABS(E19)<=F19,"PASS","FAIL") -> PASS
B20: Span 2 beam start | C20: =Sp2_Bm0 -> 1700.695 | D20: 1700.695 | E20: =C20-D20 -> 0 | F20: 1e-09 | G20: =IF(ABS(E20)<=F20,"PASS","FAIL") -> PASS
B21: Span 2 beam end | C21: =Sp2_Bm1 -> 1805.22 | D21: 1805.22 | E21: =C21-D21 -> 0 | F21: 1e-09 | G21: =IF(ABS(E21)<=F21,"PASS","FAIL") -> PASS
B22: Span 2 PGL at bearing A | C22: =Sp2_ZA -> 48.193249 | D22: 48.193249 | E22: =C22-D22 -> 0 | F22: 1e-09 | G22: =IF(ABS(E22)<=F22,"PASS","FAIL") -> PASS
B23: Span 2 PGL at bearing B | C23: =Sp2_ZB -> 47.678001 | D23: 47.678001 | E23: =C23-D23 -> 0 | F23: 1e-09 | G23: =IF(ABS(E23)<=F23,"PASS","FAIL") -> PASS
B24: Minimum flange haunch, bridge (in) | C24: =Haunch_Min -> 0.5 | D24: 0.5 | E24: =C24-D24 -> 0 | F24: 1e-06 | G24: =IF(ABS(E24)<=F24,"PASS","FAIL") -> PASS
B25: Haunch @ CL beam 1-1 Begin brg (in) | C25: ='Camber & Haunch'!L23 -> 1.5471715 | D25: 1.5471715 | E25: =C25-D25 -> 0 | F25: 1e-06 | G25: =IF(ABS(E25)<=F25,"PASS","FAIL") -> PASS
B26: Min flange haunch 1-1 Begin brg (in) | C26: ='Camber & Haunch'!M23 -> 1.0671715 | D26: 1.0671715 | E26: =C26-D26 -> 0 | F26: 1e-06 | G26: =IF(ABS(E26)<=F26,"PASS","FAIL") -> PASS
B27: Haunch @ CL beam 1-1 Midspan (in) | C27: ='Camber & Haunch'!L24 -> 1.4225787 | D27: 1.4225787 | E27: =C27-D27 -> 0 | F27: 1e-06 | G27: =IF(ABS(E27)<=F27,"PASS","FAIL") -> PASS
B28: Min flange haunch 1-1 Midspan (in) | C28: ='Camber & Haunch'!M24 -> 0.94257872 | D28: 0.94257872 | E28: =C28-D28 -> 0 | F28: 1e-06 | G28: =IF(ABS(E28)<=F28,"PASS","FAIL") -> PASS
B29: Haunch @ CL beam 1-1 End brg (in) | C29: ='Camber & Haunch'!L25 -> 1.5471715 | D29: 1.5471715 | E29: =C29-D29 -> 0 | F29: 1e-06 | G29: =IF(ABS(E29)<=F29,"PASS","FAIL") -> PASS
B30: Min flange haunch 1-1 End brg (in) | C30: ='Camber & Haunch'!M25 -> 1.0671715 | D30: 1.0671715 | E30: =C30-D30 -> 0 | F30: 1e-06 | G30: =IF(ABS(E30)<=F30,"PASS","FAIL") -> PASS
B31: Haunch @ CL beam 1-2 Begin brg (in) | C31: ='Camber & Haunch'!L26 -> 1.5471715 | D31: 1.5471715 | E31: =C31-D31 -> 0 | F31: 1e-06 | G31: =IF(ABS(E31)<=F31,"PASS","FAIL") -> PASS
B32: Min flange haunch 1-2 Begin brg (in) | C32: ='Camber & Haunch'!M26 -> 1.0671715 | D32: 1.0671715 | E32: =C32-D32 -> 0 | F32: 1e-06 | G32: =IF(ABS(E32)<=F32,"PASS","FAIL") -> PASS
B33: Haunch @ CL beam 1-2 Midspan (in) | C33: ='Camber & Haunch'!L27 -> 1.4225787 | D33: 1.4225787 | E33: =C33-D33 -> 0 | F33: 1e-06 | G33: =IF(ABS(E33)<=F33,"PASS","FAIL") -> PASS
B34: Min flange haunch 1-2 Midspan (in) | C34: ='Camber & Haunch'!M27 -> 0.94257872 | D34: 0.94257872 | E34: =C34-D34 -> 0 | F34: 1e-06 | G34: =IF(ABS(E34)<=F34,"PASS","FAIL") -> PASS
B35: Haunch @ CL beam 1-2 End brg (in) | C35: ='Camber & Haunch'!L28 -> 1.5471715 | D35: 1.5471715 | E35: =C35-D35 -> 0 | F35: 1e-06 | G35: =IF(ABS(E35)<=F35,"PASS","FAIL") -> PASS
B36: Min flange haunch 1-2 End brg (in) | C36: ='Camber & Haunch'!M28 -> 1.0671715 | D36: 1.0671715 | E36: =C36-D36 -> 0 | F36: 1e-06 | G36: =IF(ABS(E36)<=F36,"PASS","FAIL") -> PASS
B37: Haunch @ CL beam 2-1 Begin brg (in) | C37: ='Camber & Haunch'!L29 -> 1.5471715 | D37: 1.5471715 | E37: =C37-D37 -> 0 | F37: 1e-06 | G37: =IF(ABS(E37)<=F37,"PASS","FAIL") -> PASS
B38: Min flange haunch 2-1 Begin brg (in) | C38: ='Camber & Haunch'!M29 -> 1.0671715 | D38: 1.0671715 | E38: =C38-D38 -> 0 | F38: 1e-06 | G38: =IF(ABS(E38)<=F38,"PASS","FAIL") -> PASS
B39: Haunch @ CL beam 2-1 Midspan (in) | C39: ='Camber & Haunch'!L30 -> 0.98 | D39: 0.98 | E39: =C39-D39 -> 0 | F39: 1e-06 | G39: =IF(ABS(E39)<=F39,"PASS","FAIL") -> PASS
B40: Min flange haunch 2-1 Midspan (in) | C40: ='Camber & Haunch'!M30 -> 0.5 | D40: 0.5 | E40: =C40-D40 -> 0 | F40: 1e-06 | G40: =IF(ABS(E40)<=F40,"PASS","FAIL") -> PASS
B41: Haunch @ CL beam 2-1 End brg (in) | C41: ='Camber & Haunch'!L31 -> 1.5471715 | D41: 1.5471715 | E41: =C41-D41 -> 0 | F41: 1e-06 | G41: =IF(ABS(E41)<=F41,"PASS","FAIL") -> PASS
B42: Min flange haunch 2-1 End brg (in) | C42: ='Camber & Haunch'!M31 -> 1.0671715 | D42: 1.0671715 | E42: =C42-D42 -> 0 | F42: 1e-06 | G42: =IF(ABS(E42)<=F42,"PASS","FAIL") -> PASS
B43: Haunch @ CL beam 2-2 Begin brg (in) | C43: ='Camber & Haunch'!L32 -> 1.5471715 | D43: 1.5471715 | E43: =C43-D43 -> 0 | F43: 1e-06 | G43: =IF(ABS(E43)<=F43,"PASS","FAIL") -> PASS
B44: Min flange haunch 2-2 Begin brg (in) | C44: ='Camber & Haunch'!M32 -> 1.0671715 | D44: 1.0671715 | E44: =C44-D44 -> 0 | F44: 1e-06 | G44: =IF(ABS(E44)<=F44,"PASS","FAIL") -> PASS
B45: Haunch @ CL beam 2-2 Midspan (in) | C45: ='Camber & Haunch'!L33 -> 0.98 | D45: 0.98 | E45: =C45-D45 -> 0 | F45: 1e-06 | G45: =IF(ABS(E45)<=F45,"PASS","FAIL") -> PASS
B46: Min flange haunch 2-2 Midspan (in) | C46: ='Camber & Haunch'!M33 -> 0.5 | D46: 0.5 | E46: =C46-D46 -> 0 | F46: 1e-06 | G46: =IF(ABS(E46)<=F46,"PASS","FAIL") -> PASS
B47: Haunch @ CL beam 2-2 End brg (in) | C47: ='Camber & Haunch'!L34 -> 1.5471715 | D47: 1.5471715 | E47: =C47-D47 -> 0 | F47: 1e-06 | G47: =IF(ABS(E47)<=F47,"PASS","FAIL") -> PASS
B48: Min flange haunch 2-2 End brg (in) | C48: ='Camber & Haunch'!M34 -> 1.0671715 | D48: 1.0671715 | E48: =C48-D48 -> 0 | F48: 1e-06 | G48: =IF(ABS(E48)<=F48,"PASS","FAIL") -> PASS
B49: Pier cap top (ft) | C49: =Pier_Top -> 43.76494 | D49: 43.76494 | E49: =C49-D49 -> 0 | F49: 1e-09 | G49: =IF(ABS(E49)<=F49,"PASS","FAIL") -> PASS
B50: Pier cap CL station (ft) | C50: =Pier_CapSta -> 1700.57 | D50: 1700.57 | E50: =C50-D50 -> 0 | F50: 1e-09 | G50: =IF(ABS(E50)<=F50,"PASS","FAIL") -> PASS
B51: Pier cap length (ft) | C51: =Pier_Len -> 19.166667 | D51: 19.166667 | E51: =C51-D51 -> 0 | F51: 1e-09 | G51: =IF(ABS(E51)<=F51,"PASS","FAIL") -> PASS
B52: Pier seat 1-1 pedestal top (ft) | C52: ='Bearing Seats'!V10 -> 44.264944 | D52: 44.264944 | E52: =C52-D52 -> 0 | F52: 1e-09 | G52: =IF(ABS(E52)<=F52,"PASS","FAIL") -> PASS
B53: Pier seat 1-1 bearing slope | C53: ='Bearing Seats'!T10 -> 0.0046050843 | D53: 0.0046050843 | E53: =C53-D53 -> 0 | F53: 1e-09 | G53: =IF(ABS(E53)<=F53,"PASS","FAIL") -> PASS
B54: Pier seat 1-1 pad-top plane (ft) | C54: ='Bearing Seats'!S10 -> 44.478486 | D54: 44.478486 | E54: =C54-D54 -> 0 | F54: 1e-09 | G54: =IF(ABS(E54)<=F54,"PASS","FAIL") -> PASS
B55: Pier seat 1-1 pedestal height (in) | C55: =Substructure!H18 -> 6.0000541 | D55: 6.0000541 | E55: =C55-D55 -> 8.6153307e-14 | F55: 1e-06 | G55: =IF(ABS(E55)<=F55,"PASS","FAIL") -> PASS
B56: Pier seat 1-2 pedestal top (ft) | C56: ='Bearing Seats'!V11 -> 44.264944 | D56: 44.264944 | E56: =C56-D56 -> 0 | F56: 1e-09 | G56: =IF(ABS(E56)<=F56,"PASS","FAIL") -> PASS
B57: Pier seat 1-2 bearing slope | C57: ='Bearing Seats'!T11 -> 0.0046050843 | D57: 0.0046050843 | E57: =C57-D57 -> 0 | F57: 1e-09 | G57: =IF(ABS(E57)<=F57,"PASS","FAIL") -> PASS
B58: Pier seat 1-2 pad-top plane (ft) | C58: ='Bearing Seats'!S11 -> 44.478486 | D58: 44.478486 | E58: =C58-D58 -> 0 | F58: 1e-09 | G58: =IF(ABS(E58)<=F58,"PASS","FAIL") -> PASS
B59: Pier seat 1-2 pedestal height (in) | C59: =Substructure!H19 -> 6.0000541 | D59: 6.0000541 | E59: =C59-D59 -> 8.6153307e-14 | F59: 1e-06 | G59: =IF(ABS(E59)<=F59,"PASS","FAIL") -> PASS
B60: Pier seat 2-1 pedestal top (ft) | C60: ='Bearing Seats'!V12 -> 44.26494 | D60: 44.26494 | E60: =C60-D60 -> 0 | F60: 1e-09 | G60: =IF(ABS(E60)<=F60,"PASS","FAIL") -> PASS
B61: Pier seat 2-1 bearing slope | C61: ='Bearing Seats'!T12 -> -0.0031661307 | D61: -0.0031661307 | E61: =C61-D61 -> 8.5265996e-15 | F61: 1e-09 | G61: =IF(ABS(E61)<=F61,"PASS","FAIL") -> PASS
B62: Pier seat 2-1 pad-top plane (ft) | C62: ='Bearing Seats'!S12 -> 44.478482 | D62: 44.478482 | E62: =C62-D62 -> 0 | F62: 1e-09 | G62: =IF(ABS(E62)<=F62,"PASS","FAIL") -> PASS
B63: Pier seat 2-1 pedestal height (in) | C63: =Substructure!H20 -> 6 | D63: 6 | E63: =C63-D63 -> 0 | F63: 1e-06 | G63: =IF(ABS(E63)<=F63,"PASS","FAIL") -> PASS
B64: Pier seat 2-2 pedestal top (ft) | C64: ='Bearing Seats'!V13 -> 44.26494 | D64: 44.26494 | E64: =C64-D64 -> 0 | F64: 1e-09 | G64: =IF(ABS(E64)<=F64,"PASS","FAIL") -> PASS
B65: Pier seat 2-2 bearing slope | C65: ='Bearing Seats'!T13 -> -0.0031661307 | D65: -0.0031661307 | E65: =C65-D65 -> 8.5265996e-15 | F65: 1e-09 | G65: =IF(ABS(E65)<=F65,"PASS","FAIL") -> PASS
B66: Pier seat 2-2 pad-top plane (ft) | C66: ='Bearing Seats'!S13 -> 44.478482 | D66: 44.478482 | E66: =C66-D66 -> 0 | F66: 1e-09 | G66: =IF(ABS(E66)<=F66,"PASS","FAIL") -> PASS
B67: Pier seat 2-2 pedestal height (in) | C67: =Substructure!H21 -> 6 | D67: 6 | E67: =C67-D67 -> 0 | F67: 1e-06 | G67: =IF(ABS(E67)<=F67,"PASS","FAIL") -> PASS
B68: Pier pile 1 offset (ft) | C68: =Substructure!D51 -> -7.5 | D68: -7.5 | E68: =C68-D68 -> 0 | F68: 1e-09 | G68: =IF(ABS(E68)<=F68,"PASS","FAIL") -> PASS
B69: Pier pile 1 cutoff (ft) | C69: =Substructure!J51 -> 41.76494 | D69: 41.76494 | E69: =C69-D69 -> 0 | F69: 1e-09 | G69: =IF(ABS(E69)<=F69,"PASS","FAIL") -> PASS
B70: Pier pile 2 offset (ft) | C70: =Substructure!D52 -> -2.5 | D70: -2.5 | E70: =C70-D70 -> 0 | F70: 1e-09 | G70: =IF(ABS(E70)<=F70,"PASS","FAIL") -> PASS
B71: Pier pile 2 cutoff (ft) | C71: =Substructure!J52 -> 41.76494 | D71: 41.76494 | E71: =C71-D71 -> 0 | F71: 1e-09 | G71: =IF(ABS(E71)<=F71,"PASS","FAIL") -> PASS
B72: Pier pile 3 offset (ft) | C72: =Substructure!D53 -> 2.5 | D72: 2.5 | E72: =C72-D72 -> 0 | F72: 1e-09 | G72: =IF(ABS(E72)<=F72,"PASS","FAIL") -> PASS
B73: Pier pile 3 cutoff (ft) | C73: =Substructure!J53 -> 41.76494 | D73: 41.76494 | E73: =C73-D73 -> 0 | F73: 1e-09 | G73: =IF(ABS(E73)<=F73,"PASS","FAIL") -> PASS
B74: Pier pile 4 offset (ft) | C74: =Substructure!D54 -> 7.5 | D74: 7.5 | E74: =C74-D74 -> 0 | F74: 1e-09 | G74: =IF(ABS(E74)<=F74,"PASS","FAIL") -> PASS
B75: Pier pile 4 cutoff (ft) | C75: =Substructure!J54 -> 41.76494 | D75: 41.76494 | E75: =C75-D75 -> 0 | F75: 1e-09 | G75: =IF(ABS(E75)<=F75,"PASS","FAIL") -> PASS
B76: Pier pedestal line 1 EL A/C (ft) | C76: ='Bearing Seats'!G26 -> 44.259764 | D76: 44.259764 | E76: =C76-D76 -> 0 | F76: 1e-09 | G76: =IF(ABS(E76)<=F76,"PASS","FAIL") -> PASS
B77: Pier pedestal line 1 EL E (ft) | C77: ='Bearing Seats'!H26 -> 44.266863 | D77: 44.266863 | E77: =C77-D77 -> 0 | F77: 1e-09 | G77: =IF(ABS(E77)<=F77,"PASS","FAIL") -> PASS
B78: Pier pedestal line 1 EL F (ft) | C78: ='Bearing Seats'!I26 -> 44.266259 | D78: 44.266259 | E78: =C78-D78 -> 0 | F78: 1e-09 | G78: =IF(ABS(E78)<=F78,"PASS","FAIL") -> PASS
B79: Pier pedestal line 1 EL B/D (ft) | C79: ='Bearing Seats'!J26 -> 44.261378 | D79: 44.261378 | E79: =C79-D79 -> 0 | F79: 1e-09 | G79: =IF(ABS(E79)<=F79,"PASS","FAIL") -> PASS
B80: Pier pedestal line 2 EL A/C (ft) | C80: ='Bearing Seats'!G27 -> 44.259764 | D80: 44.259764 | E80: =C80-D80 -> 0 | F80: 1e-09 | G80: =IF(ABS(E80)<=F80,"PASS","FAIL") -> PASS
B81: Pier pedestal line 2 EL E (ft) | C81: ='Bearing Seats'!H27 -> 44.266863 | D81: 44.266863 | E81: =C81-D81 -> 0 | F81: 1e-09 | G81: =IF(ABS(E81)<=F81,"PASS","FAIL") -> PASS
B82: Pier pedestal line 2 EL F (ft) | C82: ='Bearing Seats'!I27 -> 44.266259 | D82: 44.266259 | E82: =C82-D82 -> 0 | F82: 1e-09 | G82: =IF(ABS(E82)<=F82,"PASS","FAIL") -> PASS
B83: Pier pedestal line 2 EL B/D (ft) | C83: ='Bearing Seats'!J27 -> 44.261378 | D83: 44.261378 | E83: =C83-D83 -> 0 | F83: 1e-09 | G83: =IF(ABS(E83)<=F83,"PASS","FAIL") -> PASS
B84: End Bent 1 cap top (ft) | C84: =EB1_Top -> 43.237692 | D84: 43.237692 | E84: =C84-D84 -> 0 | F84: 1e-09 | G84: =IF(ABS(E84)<=F84,"PASS","FAIL") -> PASS
B85: End Bent 1 cap CL station (ft) | C85: =EB1_CapSta -> 1593.97 | D85: 1593.97 | E85: =C85-D85 -> 0 | F85: 1e-09 | G85: =IF(ABS(E85)<=F85,"PASS","FAIL") -> PASS
B86: End Bent 1 cap length (ft) | C86: =EB1_Len -> 17.666667 | D86: 17.666667 | E86: =C86-D86 -> 0 | F86: 1e-09 | G86: =IF(ABS(E86)<=F86,"PASS","FAIL") -> PASS
B87: End Bent 1 seat 1-1 pedestal top (ft) | C87: ='Bearing Seats'!V8 -> 43.737692 | D87: 43.737692 | E87: =C87-D87 -> 0 | F87: 1e-09 | G87: =IF(ABS(E87)<=F87,"PASS","FAIL") -> PASS
B88: End Bent 1 seat 1-1 bearing slope | C88: ='Bearing Seats'!T8 -> 0.0053925868 | D88: 0.0053925868 | E88: =C88-D88 -> 0 | F88: 1e-09 | G88: =IF(ABS(E88)<=F88,"PASS","FAIL") -> PASS
B89: End Bent 1 seat 1-1 pad-top plane (ft) | C89: ='Bearing Seats'!S8 -> 43.951234 | D89: 43.951234 | E89: =C89-D89 -> 0 | F89: 1e-09 | G89: =IF(ABS(E89)<=F89,"PASS","FAIL") -> PASS
B90: End Bent 1 seat 1-1 pedestal height (in) | C90: =Substructure!H16 -> 6 | D90: 6 | E90: =C90-D90 -> 0 | F90: 1e-06 | G90: =IF(ABS(E90)<=F90,"PASS","FAIL") -> PASS
B91: End Bent 1 seat 1-2 pedestal top (ft) | C91: ='Bearing Seats'!V9 -> 43.737692 | D91: 43.737692 | E91: =C91-D91 -> 0 | F91: 1e-09 | G91: =IF(ABS(E91)<=F91,"PASS","FAIL") -> PASS
B92: End Bent 1 seat 1-2 bearing slope | C92: ='Bearing Seats'!T9 -> 0.0053925868 | D92: 0.0053925868 | E92: =C92-D92 -> 0 | F92: 1e-09 | G92: =IF(ABS(E92)<=F92,"PASS","FAIL") -> PASS
B93: End Bent 1 seat 1-2 pad-top plane (ft) | C93: ='Bearing Seats'!S9 -> 43.951234 | D93: 43.951234 | E93: =C93-D93 -> 0 | F93: 1e-09 | G93: =IF(ABS(E93)<=F93,"PASS","FAIL") -> PASS
B94: End Bent 1 seat 1-2 pedestal height (in) | C94: =Substructure!H17 -> 6 | D94: 6 | E94: =C94-D94 -> 0 | F94: 1e-06 | G94: =IF(ABS(E94)<=F94,"PASS","FAIL") -> PASS
B95: End Bent 1 pile 1 offset (ft) | C95: =Substructure!D55 -> -6.75 | D95: -6.75 | E95: =C95-D95 -> 0 | F95: 1e-09 | G95: =IF(ABS(E95)<=F95,"PASS","FAIL") -> PASS
B96: End Bent 1 pile 1 cutoff (ft) | C96: =Substructure!J55 -> 41.237692 | D96: 41.237692 | E96: =C96-D96 -> 0 | F96: 1e-09 | G96: =IF(ABS(E96)<=F96,"PASS","FAIL") -> PASS
B97: End Bent 1 pile 2 offset (ft) | C97: =Substructure!D56 -> -2.25 | D97: -2.25 | E97: =C97-D97 -> 0 | F97: 1e-09 | G97: =IF(ABS(E97)<=F97,"PASS","FAIL") -> PASS
B98: End Bent 1 pile 2 cutoff (ft) | C98: =Substructure!J56 -> 41.237692 | D98: 41.237692 | E98: =C98-D98 -> 0 | F98: 1e-09 | G98: =IF(ABS(E98)<=F98,"PASS","FAIL") -> PASS
B99: End Bent 1 pile 3 offset (ft) | C99: =Substructure!D57 -> 2.25 | D99: 2.25 | E99: =C99-D99 -> 0 | F99: 1e-09 | G99: =IF(ABS(E99)<=F99,"PASS","FAIL") -> PASS
B100: End Bent 1 pile 3 cutoff (ft) | C100: =Substructure!J57 -> 41.237692 | D100: 41.237692 | E100: =C100-D100 -> 0 | F100: 1e-09 | G100: =IF(ABS(E100)<=F100,"PASS","FAIL") -> PASS
B101: End Bent 1 pile 4 offset (ft) | C101: =Substructure!D58 -> 6.75 | D101: 6.75 | E101: =C101-D101 -> 0 | F101: 1e-09 | G101: =IF(ABS(E101)<=F101,"PASS","FAIL") -> PASS
...

Sheet QC Method
B1: QC - Method
B2: How the workbook proves it reproduces the notebook
B4: Each check passes when the workbook formula result agrees with the independent notebook value within its tolerance:
B21: Figure 1. The notebook values are captured by the generator; Excel recomputes the workbook values from the inputs.
B22: • Section A compares each key workbook result with the value the notebook model computed when the workbook was built (blue snapshot column).
B23: • Tolerances are 1e-9 ft for stations and elevations, 1e-6 in for haunch and pedestal heights, and 0.001 ft only where Mathcad rounds the beam spacing.
B24: • Section B compares every FGE cell with the notebook deck_top at the same station and offset (hidden snapshot columns L:M).
B25: • Section C confirms the configuration stays inside what the closed-form Excel formulas represent (profile and deck modes, a straight PGL over each beam, span continuity).
B26: • Overall PASS requires every check to pass. A FAIL after editing an input means the workbook no longer matches the notebook: update CONFIG and rebuild.
B27: • The regression test tests/test_geometry_cad_tables.py also recomputes the notebook model live and compares the saved workbook values.
